backup_bom_id	route_id	route_code	process_id	process_code	process_name	product_id	product_code	item_id	item_code	quantity	deleted	create_time	update_time
177	922046	ROUTE-XLSX-00001	922789	Z2630	吹球囊成型	922277	YXN.037.011.1002	922284	YXN.037.011.1011	1.0	0	2026-05-15 19:20:53	2026-07-06 19:06:02
178	922047	ROUTE-XLSX-00002	922744	B010	吹球囊成型	922285	YXN.069.001.1011	922282	YXN.069.001.1006	1.0	0	2026-05-15 19:20:57	2026-05-15 19:20:57
179	922047	ROUTE-XLSX-00002	922746	B030	球囊裁剪	922285	YXN.069.001.1011	922287	YXN.069.001.1014	1.0	0	2026-05-15 19:20:57	2026-05-15 19:20:57
180	922046	ROUTE-XLSX-00001	922795	Z3710	球囊裁剪	922277	YXN.037.011.1002	922278	YXN.041.011.1003	1.0	0	2026-05-15 19:20:53	2026-07-06 19:06:02
181	922047	ROUTE-XLSX-00002	922750	B060	外管与球囊焊接	922285	YXN.069.001.1011	922280	YXN.069.001.1003	1.0	0	2026-05-15 19:20:57	2026-05-15 19:20:57
182	922046	ROUTE-XLSX-00001	922796	Z2510	外管与球囊焊接	922277	YXN.037.011.1002	922276	YXN.037.011.1007	1.0	0	2026-05-15 19:20:53	2026-07-06 19:06:02
183	922047	ROUTE-XLSX-00002	922752	B290	焊接圆角	922285	YXN.069.001.1011	922287	YXN.069.001.1014	1.0	0	2026-05-15 19:20:59	2026-05-15 19:20:59
184	922046	ROUTE-XLSX-00001	922794	Z2560	焊接圆角	922277	YXN.037.011.1002	922278	YXN.041.011.1003	1.0	0	2026-05-15 19:20:54	2026-07-06 19:06:02
185	922047	ROUTE-XLSX-00002	922753	B210	焊接远端锥度	922285	YXN.069.001.1011	922280	YXN.069.001.1003	1.0	0	2026-05-15 19:20:58	2026-05-15 19:20:58
186	922046	ROUTE-XLSX-00001	922798	Z2550	焊接远端锥度	922277	YXN.037.011.1002	922276	YXN.037.011.1007	1.0	0	2026-05-15 19:20:54	2026-07-06 19:06:02
187	922047	ROUTE-XLSX-00002	922754	B070	外管切缝	922285	YXN.069.001.1011	922287	YXN.069.001.1014	1.0	0	2026-05-15 19:20:57	2026-05-15 19:20:57
188	922046	ROUTE-XLSX-00001	922797	Z3810	外管切缝	922277	YXN.037.011.1002	922278	YXN.041.011.1003	1.0	0	2026-05-15 19:20:53	2026-07-06 19:06:02
189	922046	ROUTE-XLSX-00001	922841	Z5200	穿显影环	922277	YXN.037.011.1002	922284	YXN.037.011.1011	1.0	0	2026-05-15 19:20:53	2026-07-06 19:06:02
190	922047	ROUTE-XLSX-00002	922755	B080	穿显影环	922285	YXN.069.001.1011	922282	YXN.069.001.1006	1.0	0	2026-05-15 19:20:57	2026-05-15 19:20:57
191	922046	ROUTE-XLSX-00001	922843	Z2530	压显影环	922277	YXN.037.011.1002	922286	YXN.037.011.1009	1.0	0	2026-05-15 19:20:54	2026-07-06 19:06:02
192	922047	ROUTE-XLSX-00002	922756	B090	压显影环	922285	YXN.069.001.1011	922281	YXN.069.001.1013	1.0	0	2026-05-15 19:20:57	2026-05-15 19:20:57
193	922047	ROUTE-XLSX-00002	922758	B220	快速交换口焊接	922285	YXN.069.001.1011	922280	YXN.069.001.1003	1.0	0	2026-05-15 19:20:58	2026-05-15 19:20:58
194	922046	ROUTE-XLSX-00001	922793	Z2570	快速交换口焊接	922277	YXN.037.011.1002	922279	YXN.041.011.1008	1.0	0	2026-05-15 19:20:54	2026-07-06 19:06:02
195	922046	ROUTE-XLSX-00001	922788	Z2600	RX口检测	922277	YXN.037.011.1002	922286	YXN.037.011.1009	1.0	0	2026-05-15 19:20:54	2026-07-06 19:06:02
196	922047	ROUTE-XLSX-00002	922759	B230	RX口检测	922285	YXN.069.001.1011	922283	YXN.069.001.1009	1.0	0	2026-05-15 19:20:58	2026-05-15 19:20:58
197	922047	ROUTE-XLSX-00002	922760	B240	点胶海波管	922285	YXN.069.001.1011	922282	YXN.069.001.1006	1.0	0	2026-05-15 19:20:58	2026-05-15 19:20:58
198	922046	ROUTE-XLSX-00001	922845	Z2580	点胶海波管	922277	YXN.037.011.1002	922276	YXN.037.011.1007	1.0	0	2026-05-15 19:20:54	2026-07-06 19:06:02
199	922046	ROUTE-XLSX-00001	922848	Z2490	球囊压握	922277	YXN.037.011.1002	922284	YXN.037.011.1011	1.0	0	2026-05-15 19:20:54	2026-07-06 19:06:02
200	922047	ROUTE-XLSX-00002	922761	B250	球囊压握	922285	YXN.069.001.1011	922282	YXN.069.001.1006	1.0	0	2026-05-15 19:20:58	2026-05-15 19:20:58
201	922046	ROUTE-XLSX-00001	922844	Z3850	裁剪圆角	922277	YXN.037.011.1002	922286	YXN.037.011.1009	1.0	0	2026-05-15 19:20:54	2026-07-06 19:06:02
202	922047	ROUTE-XLSX-00002	922762	B280	裁剪圆角	922285	YXN.069.001.1011	922281	YXN.069.001.1013	1.0	0	2026-05-15 19:20:59	2026-05-15 19:20:59
203	922047	ROUTE-XLSX-00002	922763	B310	球囊盘管（机器）	922285	YXN.069.001.1011	922287	YXN.069.001.1014	1.0	0	2026-05-15 19:20:59	2026-05-15 19:20:59
204	922046	ROUTE-XLSX-00001	922787	Z5600	球囊盘管（机器）	922277	YXN.037.011.1002	922278	YXN.041.011.1003	1.0	0	2026-05-15 19:20:54	2026-07-06 19:06:02
205	922047	ROUTE-XLSX-00002	922764	B320	球囊测漏及全检	922285	YXN.069.001.1011	922280	YXN.069.001.1003	1.0	0	2026-05-15 19:20:59	2026-05-15 19:20:59
206	922046	ROUTE-XLSX-00001	922849	Z2620	球囊测漏及全检	922277	YXN.037.011.1002	922276	YXN.037.011.1007	1.0	0	2026-05-15 19:20:54	2026-07-06 19:06:02
207	922047	ROUTE-XLSX-00002	922765	PROC-XLSX-00001	外管拉伸2	922285	YXN.069.001.1011	922287	YXN.069.001.1014	1.0	0	2026-05-15 19:20:57	2026-05-15 19:20:57
208	922046	ROUTE-XLSX-00001	922838	Z2775	外管拉伸2	922277	YXN.037.011.1002	922279	YXN.041.011.1008	1.0	0	2026-05-15 19:20:53	2026-07-06 19:06:02
209	922047	ROUTE-XLSX-00002	922766	PROC-XLSX-00002	内管拉伸2	922285	YXN.069.001.1011	922280	YXN.069.001.1003	1.0	0	2026-05-15 19:20:57	2026-05-15 19:20:57
210	922046	ROUTE-XLSX-00001	922839	Z2772	内管拉伸2	922277	YXN.037.011.1002	922278	YXN.041.011.1003	1.0	0	2026-05-15 19:20:53	2026-07-06 19:06:02
211	922046	ROUTE-XLSX-00001	922840	Z3720	裁剪管材	922277	YXN.037.011.1002	922276	YXN.037.011.1007	1.0	0	2026-05-15 19:20:53	2026-07-06 19:06:02
212	922046	ROUTE-XLSX-00001	922842	Z2520	尖端管与内管焊接	922277	YXN.037.011.1002	922286	YXN.037.011.1009	1.0	0	2026-05-15 19:20:53	2026-07-06 19:06:02
213	922046	ROUTE-XLSX-00001	922846	Z2480	球囊涂层	922277	YXN.037.011.1002	922284	YXN.037.011.1011	1.0	0	2026-05-15 19:20:54	2026-07-06 19:06:02
214	922046	ROUTE-XLSX-00001	922847	Z2590	球囊组件与海波管焊接	922277	YXN.037.011.1002	922279	YXN.041.011.1008	1.0	0	2026-05-15 19:20:54	2026-07-06 19:06:02
215	922046	ROUTE-XLSX-00001	922786	Z760	包套装管	922277	YXN.037.011.1002	922278	YXN.041.011.1003	1.0	0	2026-05-15 19:20:54	2026-07-06 19:06:02
216	922046	ROUTE-XLSX-00001	922850	Z830	纸塑袋封口（包装）	922277	YXN.037.011.1002	922276	YXN.037.011.1007	1.0	0	2026-05-15 19:20:54	2026-07-06 19:06:02
217	922046	ROUTE-XLSX-00001	922773	PROC-XLSX-00009	全检导丝	922277	YXN.037.011.1002	922286	YXN.037.011.1009	1.0	1	2026-05-15 19:20:54	2026-07-06 19:09:22
218	922047	ROUTE-XLSX-00002	922774	PROC-XLSX-00010	棘突丝拉伸2	922285	YXN.069.001.1011	922283	YXN.069.001.1009	1.0	0	2026-05-15 19:20:57	2026-05-15 19:20:57
219	922047	ROUTE-XLSX-00002	922775	PROC-XLSX-00011	棘突丝切割	922285	YXN.069.001.1011	922282	YXN.069.001.1006	1.0	0	2026-05-15 19:20:57	2026-05-15 19:20:57
220	922047	ROUTE-XLSX-00002	922776	PROC-XLSX-00012	棘突远端焊接	922285	YXN.069.001.1011	922281	YXN.069.001.1013	1.0	0	2026-05-15 19:20:57	2026-05-15 19:20:57
221	922047	ROUTE-XLSX-00002	922777	PROC-XLSX-00013	棘突远端塑型	922285	YXN.069.001.1011	922287	YXN.069.001.1014	1.0	0	2026-05-15 19:20:58	2026-05-15 19:20:58
222	922047	ROUTE-XLSX-00002	922778	PROC-XLSX-00014	棘突近端焊接	922285	YXN.069.001.1011	922283	YXN.069.001.1009	1.0	0	2026-05-15 19:20:58	2026-05-15 19:20:58
223	922047	ROUTE-XLSX-00002	922779	Z2975	棘突TPU 套管粘接	922285	YXN.069.001.1011	922281	YXN.069.001.1013	1.0	0	2026-05-15 19:20:58	2026-05-15 19:20:58
224	922047	ROUTE-XLSX-00002	922780	Z2774	棘突远端锥度焊接	922285	YXN.069.001.1011	922280	YXN.069.001.1003	1.0	0	2026-05-15 19:20:58	2026-05-15 19:20:58
225	922047	ROUTE-XLSX-00002	922781	Z2773	棘突近端粘接	922285	YXN.069.001.1011	922283	YXN.069.001.1009	1.0	0	2026-05-15 19:20:58	2026-05-15 19:20:58
226	922047	ROUTE-XLSX-00002	922782	Z2776	棘突球囊涂层	922285	YXN.069.001.1011	922282	YXN.069.001.1006	1.0	0	2026-05-15 19:20:59	2026-05-15 19:20:59
253	922047	ROUTE-XLSX-00002	922744	B010	吹球囊成型	924001	A002.09.002.230396	922282	YXN.069.001.1006	1.0	1	2026-05-15 19:20:57	2026-07-08 17:33:01
254	922047	ROUTE-XLSX-00002	922746	B030	球囊裁剪	924001	A002.09.002.230396	922287	YXN.069.001.1014	1.0	1	2026-05-15 19:20:57	2026-07-08 17:33:01
255	922047	ROUTE-XLSX-00002	922750	B060	外管与球囊焊接	924001	A002.09.002.230396	922280	YXN.069.001.1003	1.0	1	2026-05-15 19:20:57	2026-07-08 17:33:01
256	922047	ROUTE-XLSX-00002	922752	B290	焊接圆角	924001	A002.09.002.230396	922287	YXN.069.001.1014	1.0	1	2026-05-15 19:20:59	2026-07-08 17:33:01
257	922047	ROUTE-XLSX-00002	922753	B210	焊接远端锥度	924001	A002.09.002.230396	922280	YXN.069.001.1003	1.0	1	2026-05-15 19:20:58	2026-07-08 17:33:01
258	922047	ROUTE-XLSX-00002	922754	B070	外管切缝	924001	A002.09.002.230396	922287	YXN.069.001.1014	1.0	1	2026-05-15 19:20:57	2026-07-08 17:33:01
259	922047	ROUTE-XLSX-00002	922755	B080	穿显影环	924001	A002.09.002.230396	922282	YXN.069.001.1006	1.0	1	2026-05-15 19:20:57	2026-07-08 17:33:01
260	922047	ROUTE-XLSX-00002	922756	B090	压显影环	924001	A002.09.002.230396	922281	YXN.069.001.1013	1.0	1	2026-05-15 19:20:57	2026-07-08 17:33:01
261	922047	ROUTE-XLSX-00002	922758	B220	快速交换口焊接	924001	A002.09.002.230396	922280	YXN.069.001.1003	1.0	1	2026-05-15 19:20:58	2026-07-08 17:33:01
262	922047	ROUTE-XLSX-00002	922759	B230	RX口检测	924001	A002.09.002.230396	922283	YXN.069.001.1009	1.0	1	2026-05-15 19:20:58	2026-07-08 17:33:01
263	922047	ROUTE-XLSX-00002	922760	B240	点胶海波管	924001	A002.09.002.230396	922282	YXN.069.001.1006	1.0	1	2026-05-15 19:20:58	2026-07-08 17:33:01
264	922047	ROUTE-XLSX-00002	922761	B250	球囊压握	924001	A002.09.002.230396	922282	YXN.069.001.1006	1.0	1	2026-05-15 19:20:58	2026-07-08 17:33:01
265	922047	ROUTE-XLSX-00002	922762	B280	裁剪圆角	924001	A002.09.002.230396	922281	YXN.069.001.1013	1.0	1	2026-05-15 19:20:59	2026-07-08 17:33:01
266	922047	ROUTE-XLSX-00002	922763	B310	球囊盘管（机器）	924001	A002.09.002.230396	922287	YXN.069.001.1014	1.0	1	2026-05-15 19:20:59	2026-07-08 17:33:01
267	922047	ROUTE-XLSX-00002	922764	B320	球囊测漏及全检	924001	A002.09.002.230396	922280	YXN.069.001.1003	1.0	1	2026-05-15 19:20:59	2026-07-08 17:33:01
268	922047	ROUTE-XLSX-00002	922765	PROC-XLSX-00001	外管拉伸2	924001	A002.09.002.230396	922287	YXN.069.001.1014	1.0	1	2026-05-15 19:20:57	2026-07-08 17:33:01
269	922047	ROUTE-XLSX-00002	922766	PROC-XLSX-00002	内管拉伸2	924001	A002.09.002.230396	922280	YXN.069.001.1003	1.0	1	2026-05-15 19:20:57	2026-07-08 17:33:01
270	922047	ROUTE-XLSX-00002	922774	PROC-XLSX-00010	棘突丝拉伸2	924001	A002.09.002.230396	922283	YXN.069.001.1009	1.0	1	2026-05-15 19:20:57	2026-07-08 17:33:01
271	922047	ROUTE-XLSX-00002	922775	PROC-XLSX-00011	棘突丝切割	924001	A002.09.002.230396	922282	YXN.069.001.1006	1.0	1	2026-05-15 19:20:57	2026-07-08 17:33:01
272	922047	ROUTE-XLSX-00002	922776	PROC-XLSX-00012	棘突远端焊接	924001	A002.09.002.230396	922281	YXN.069.001.1013	1.0	1	2026-05-15 19:20:57	2026-07-08 17:33:01
273	922047	ROUTE-XLSX-00002	922777	PROC-XLSX-00013	棘突远端塑型	924001	A002.09.002.230396	922287	YXN.069.001.1014	1.0	1	2026-05-15 19:20:58	2026-07-08 17:33:01
274	922047	ROUTE-XLSX-00002	922778	PROC-XLSX-00014	棘突近端焊接	924001	A002.09.002.230396	922283	YXN.069.001.1009	1.0	1	2026-05-15 19:20:58	2026-07-08 17:33:01
275	922047	ROUTE-XLSX-00002	922779	Z2975	棘突TPU 套管粘接	924001	A002.09.002.230396	922281	YXN.069.001.1013	1.0	1	2026-05-15 19:20:58	2026-07-08 17:33:01
276	922047	ROUTE-XLSX-00002	922780	Z2774	棘突远端锥度焊接	924001	A002.09.002.230396	922280	YXN.069.001.1003	1.0	1	2026-05-15 19:20:58	2026-07-08 17:33:01
277	922047	ROUTE-XLSX-00002	922781	Z2773	棘突近端粘接	924001	A002.09.002.230396	922283	YXN.069.001.1009	1.0	1	2026-05-15 19:20:58	2026-07-08 17:33:01
278	922047	ROUTE-XLSX-00002	922782	Z2776	棘突球囊涂层	924001	A002.09.002.230396	922282	YXN.069.001.1006	1.0	1	2026-05-15 19:20:59	2026-07-08 17:33:01
279	922047	ROUTE-XLSX-00002	922744	B010	吹球囊成型	924001	A002.09.002.230396	922282	YXN.069.001.1006	1.0	1	2026-05-15 19:20:57	2026-07-08 17:39:55
280	922047	ROUTE-XLSX-00002	922746	B030	球囊裁剪	924001	A002.09.002.230396	922287	YXN.069.001.1014	1.0	1	2026-05-15 19:20:57	2026-07-08 17:39:55
281	922047	ROUTE-XLSX-00002	922750	B060	外管与球囊焊接	924001	A002.09.002.230396	922280	YXN.069.001.1003	1.0	1	2026-05-15 19:20:57	2026-07-08 17:39:55
282	922047	ROUTE-XLSX-00002	922752	B290	焊接圆角	924001	A002.09.002.230396	922287	YXN.069.001.1014	1.0	1	2026-05-15 19:20:59	2026-07-08 17:39:55
283	922047	ROUTE-XLSX-00002	922753	B210	焊接远端锥度	924001	A002.09.002.230396	922280	YXN.069.001.1003	1.0	1	2026-05-15 19:20:58	2026-07-08 17:39:55
284	922047	ROUTE-XLSX-00002	922754	B070	外管切缝	924001	A002.09.002.230396	922287	YXN.069.001.1014	1.0	1	2026-05-15 19:20:57	2026-07-08 17:39:55
285	922047	ROUTE-XLSX-00002	922755	B080	穿显影环	924001	A002.09.002.230396	922282	YXN.069.001.1006	1.0	1	2026-05-15 19:20:57	2026-07-08 17:39:55
286	922047	ROUTE-XLSX-00002	922756	B090	压显影环	924001	A002.09.002.230396	922281	YXN.069.001.1013	1.0	1	2026-05-15 19:20:57	2026-07-08 17:39:55
287	922047	ROUTE-XLSX-00002	922758	B220	快速交换口焊接	924001	A002.09.002.230396	922280	YXN.069.001.1003	1.0	1	2026-05-15 19:20:58	2026-07-08 17:39:55
288	922047	ROUTE-XLSX-00002	922759	B230	RX口检测	924001	A002.09.002.230396	922283	YXN.069.001.1009	1.0	1	2026-05-15 19:20:58	2026-07-08 17:39:55
289	922047	ROUTE-XLSX-00002	922760	B240	点胶海波管	924001	A002.09.002.230396	922282	YXN.069.001.1006	1.0	1	2026-05-15 19:20:58	2026-07-08 17:39:55
290	922047	ROUTE-XLSX-00002	922761	B250	球囊压握	924001	A002.09.002.230396	922282	YXN.069.001.1006	1.0	1	2026-05-15 19:20:58	2026-07-08 17:39:55
291	922047	ROUTE-XLSX-00002	922762	B280	裁剪圆角	924001	A002.09.002.230396	922281	YXN.069.001.1013	1.0	1	2026-05-15 19:20:59	2026-07-08 17:39:55
292	922047	ROUTE-XLSX-00002	922763	B310	球囊盘管（机器）	924001	A002.09.002.230396	922287	YXN.069.001.1014	1.0	1	2026-05-15 19:20:59	2026-07-08 17:39:55
293	922047	ROUTE-XLSX-00002	922764	B320	球囊测漏及全检	924001	A002.09.002.230396	922280	YXN.069.001.1003	1.0	1	2026-05-15 19:20:59	2026-07-08 17:39:55
294	922047	ROUTE-XLSX-00002	922765	PROC-XLSX-00001	外管拉伸2	924001	A002.09.002.230396	922287	YXN.069.001.1014	1.0	1	2026-05-15 19:20:57	2026-07-08 17:39:55
295	922047	ROUTE-XLSX-00002	922766	PROC-XLSX-00002	内管拉伸2	924001	A002.09.002.230396	922280	YXN.069.001.1003	1.0	1	2026-05-15 19:20:57	2026-07-08 17:39:55
296	922047	ROUTE-XLSX-00002	922774	PROC-XLSX-00010	棘突丝拉伸2	924001	A002.09.002.230396	922283	YXN.069.001.1009	1.0	1	2026-05-15 19:20:57	2026-07-08 17:39:55
297	922047	ROUTE-XLSX-00002	922775	PROC-XLSX-00011	棘突丝切割	924001	A002.09.002.230396	922282	YXN.069.001.1006	1.0	1	2026-05-15 19:20:57	2026-07-08 17:39:55
298	922047	ROUTE-XLSX-00002	922776	PROC-XLSX-00012	棘突远端焊接	924001	A002.09.002.230396	922281	YXN.069.001.1013	1.0	1	2026-05-15 19:20:57	2026-07-08 17:39:55
299	922047	ROUTE-XLSX-00002	922777	PROC-XLSX-00013	棘突远端塑型	924001	A002.09.002.230396	922287	YXN.069.001.1014	1.0	1	2026-05-15 19:20:58	2026-07-08 17:39:55
300	922047	ROUTE-XLSX-00002	922778	PROC-XLSX-00014	棘突近端焊接	924001	A002.09.002.230396	922283	YXN.069.001.1009	1.0	1	2026-05-15 19:20:58	2026-07-08 17:39:55
301	922047	ROUTE-XLSX-00002	922779	Z2975	棘突TPU 套管粘接	924001	A002.09.002.230396	922281	YXN.069.001.1013	1.0	1	2026-05-15 19:20:58	2026-07-08 17:39:55
302	922047	ROUTE-XLSX-00002	922780	Z2774	棘突远端锥度焊接	924001	A002.09.002.230396	922280	YXN.069.001.1003	1.0	1	2026-05-15 19:20:58	2026-07-08 17:39:55
303	922047	ROUTE-XLSX-00002	922781	Z2773	棘突近端粘接	924001	A002.09.002.230396	922283	YXN.069.001.1009	1.0	1	2026-05-15 19:20:58	2026-07-08 17:39:55
304	922047	ROUTE-XLSX-00002	922782	Z2776	棘突球囊涂层	924001	A002.09.002.230396	922282	YXN.069.001.1006	1.0	1	2026-05-15 19:20:59	2026-07-08 17:39:55
305	922126	E2E-RV-20260716151750	922744	B010	吹球囊成型	922285	YXN.069.001.1011	922282	YXN.069.001.1006	1.0	1	2026-05-15 19:20:57	2026-07-16 23:19:29
306	922126	E2E-RV-20260716151750	922746	B030	球囊裁剪	922285	YXN.069.001.1011	922287	YXN.069.001.1014	1.0	1	2026-05-15 19:20:57	2026-07-16 23:19:29
307	922126	E2E-RV-20260716151750	922750	B060	外管与球囊焊接	922285	YXN.069.001.1011	922280	YXN.069.001.1003	1.0	1	2026-05-15 19:20:57	2026-07-16 23:19:29
308	922126	E2E-RV-20260716151750	922752	B290	焊接圆角	922285	YXN.069.001.1011	922287	YXN.069.001.1014	1.0	1	2026-05-15 19:20:59	2026-07-16 23:19:29
309	922126	E2E-RV-20260716151750	922753	B210	焊接远端锥度	922285	YXN.069.001.1011	922280	YXN.069.001.1003	1.0	1	2026-05-15 19:20:58	2026-07-16 23:19:29
310	922126	E2E-RV-20260716151750	922754	B070	外管切缝	922285	YXN.069.001.1011	922287	YXN.069.001.1014	1.0	1	2026-05-15 19:20:57	2026-07-16 23:19:29
311	922126	E2E-RV-20260716151750	922755	B080	穿显影环	922285	YXN.069.001.1011	922282	YXN.069.001.1006	1.0	1	2026-05-15 19:20:57	2026-07-16 23:19:29
312	922126	E2E-RV-20260716151750	922756	B090	压显影环	922285	YXN.069.001.1011	922281	YXN.069.001.1013	1.0	1	2026-05-15 19:20:57	2026-07-16 23:19:29
313	922126	E2E-RV-20260716151750	922758	B220	快速交换口焊接	922285	YXN.069.001.1011	922280	YXN.069.001.1003	1.0	1	2026-05-15 19:20:58	2026-07-16 23:19:29
314	922126	E2E-RV-20260716151750	922759	B230	RX口检测	922285	YXN.069.001.1011	922283	YXN.069.001.1009	1.0	1	2026-05-15 19:20:58	2026-07-16 23:19:29
315	922126	E2E-RV-20260716151750	922760	B240	点胶海波管	922285	YXN.069.001.1011	922282	YXN.069.001.1006	1.0	1	2026-05-15 19:20:58	2026-07-16 23:19:29
316	922126	E2E-RV-20260716151750	922761	B250	球囊压握	922285	YXN.069.001.1011	922282	YXN.069.001.1006	1.0	1	2026-05-15 19:20:58	2026-07-16 23:19:29
317	922126	E2E-RV-20260716151750	922762	B280	裁剪圆角	922285	YXN.069.001.1011	922281	YXN.069.001.1013	1.0	1	2026-05-15 19:20:59	2026-07-16 23:19:29
318	922126	E2E-RV-20260716151750	922763	B310	球囊盘管（机器）	922285	YXN.069.001.1011	922287	YXN.069.001.1014	1.0	1	2026-05-15 19:20:59	2026-07-16 23:19:29
319	922126	E2E-RV-20260716151750	922764	B320	球囊测漏及全检	922285	YXN.069.001.1011	922280	YXN.069.001.1003	1.0	1	2026-05-15 19:20:59	2026-07-16 23:19:29
320	922126	E2E-RV-20260716151750	922765	PROC-XLSX-00001	外管拉伸2	922285	YXN.069.001.1011	922287	YXN.069.001.1014	1.0	1	2026-05-15 19:20:57	2026-07-16 23:19:29
321	922126	E2E-RV-20260716151750	922766	PROC-XLSX-00002	内管拉伸2	922285	YXN.069.001.1011	922280	YXN.069.001.1003	1.0	1	2026-05-15 19:20:57	2026-07-16 23:19:29
322	922126	E2E-RV-20260716151750	922774	PROC-XLSX-00010	棘突丝拉伸2	922285	YXN.069.001.1011	922283	YXN.069.001.1009	1.0	1	2026-05-15 19:20:57	2026-07-16 23:19:29
323	922126	E2E-RV-20260716151750	922775	PROC-XLSX-00011	棘突丝切割	922285	YXN.069.001.1011	922282	YXN.069.001.1006	1.0	1	2026-05-15 19:20:57	2026-07-16 23:19:29
324	922126	E2E-RV-20260716151750	922776	PROC-XLSX-00012	棘突远端焊接	922285	YXN.069.001.1011	922281	YXN.069.001.1013	1.0	1	2026-05-15 19:20:57	2026-07-16 23:19:29
325	922126	E2E-RV-20260716151750	922777	PROC-XLSX-00013	棘突远端塑型	922285	YXN.069.001.1011	922287	YXN.069.001.1014	1.0	1	2026-05-15 19:20:58	2026-07-16 23:19:29
326	922126	E2E-RV-20260716151750	922778	PROC-XLSX-00014	棘突近端焊接	922285	YXN.069.001.1011	922283	YXN.069.001.1009	1.0	1	2026-05-15 19:20:58	2026-07-16 23:19:29
327	922126	E2E-RV-20260716151750	922779	Z2975	棘突TPU 套管粘接	922285	YXN.069.001.1011	922281	YXN.069.001.1013	1.0	1	2026-05-15 19:20:58	2026-07-16 23:19:29
328	922126	E2E-RV-20260716151750	922780	Z2774	棘突远端锥度焊接	922285	YXN.069.001.1011	922280	YXN.069.001.1003	1.0	1	2026-05-15 19:20:58	2026-07-16 23:19:29
329	922126	E2E-RV-20260716151750	922781	Z2773	棘突近端粘接	922285	YXN.069.001.1011	922283	YXN.069.001.1009	1.0	1	2026-05-15 19:20:58	2026-07-16 23:19:29
330	922126	E2E-RV-20260716151750	922782	Z2776	棘突球囊涂层	922285	YXN.069.001.1011	922282	YXN.069.001.1006	1.0	1	2026-05-15 19:20:59	2026-07-16 23:19:29
331	922127	E2E-RV-20260716154108	922744	B010	吹球囊成型	922285	YXN.069.001.1011	922282	YXN.069.001.1006	1.0	1	2026-05-15 19:20:57	2026-07-16 23:42:48
332	922127	E2E-RV-20260716154108	922746	B030	球囊裁剪	922285	YXN.069.001.1011	922287	YXN.069.001.1014	1.0	1	2026-05-15 19:20:57	2026-07-16 23:42:48
333	922127	E2E-RV-20260716154108	922750	B060	外管与球囊焊接	922285	YXN.069.001.1011	922280	YXN.069.001.1003	1.0	1	2026-05-15 19:20:57	2026-07-16 23:42:48
334	922127	E2E-RV-20260716154108	922752	B290	焊接圆角	922285	YXN.069.001.1011	922287	YXN.069.001.1014	1.0	1	2026-05-15 19:20:59	2026-07-16 23:42:48
335	922127	E2E-RV-20260716154108	922753	B210	焊接远端锥度	922285	YXN.069.001.1011	922280	YXN.069.001.1003	1.0	1	2026-05-15 19:20:58	2026-07-16 23:42:48
336	922127	E2E-RV-20260716154108	922754	B070	外管切缝	922285	YXN.069.001.1011	922287	YXN.069.001.1014	1.0	1	2026-05-15 19:20:57	2026-07-16 23:42:48
337	922127	E2E-RV-20260716154108	922755	B080	穿显影环	922285	YXN.069.001.1011	922282	YXN.069.001.1006	1.0	1	2026-05-15 19:20:57	2026-07-16 23:42:48
338	922127	E2E-RV-20260716154108	922756	B090	压显影环	922285	YXN.069.001.1011	922281	YXN.069.001.1013	1.0	1	2026-05-15 19:20:57	2026-07-16 23:42:48
339	922127	E2E-RV-20260716154108	922758	B220	快速交换口焊接	922285	YXN.069.001.1011	922280	YXN.069.001.1003	1.0	1	2026-05-15 19:20:58	2026-07-16 23:42:48
340	922127	E2E-RV-20260716154108	922759	B230	RX口检测	922285	YXN.069.001.1011	922283	YXN.069.001.1009	1.0	1	2026-05-15 19:20:58	2026-07-16 23:42:48
341	922127	E2E-RV-20260716154108	922760	B240	点胶海波管	922285	YXN.069.001.1011	922282	YXN.069.001.1006	1.0	1	2026-05-15 19:20:58	2026-07-16 23:42:48
342	922127	E2E-RV-20260716154108	922761	B250	球囊压握	922285	YXN.069.001.1011	922282	YXN.069.001.1006	1.0	1	2026-05-15 19:20:58	2026-07-16 23:42:48
343	922127	E2E-RV-20260716154108	922762	B280	裁剪圆角	922285	YXN.069.001.1011	922281	YXN.069.001.1013	1.0	1	2026-05-15 19:20:59	2026-07-16 23:42:48
344	922127	E2E-RV-20260716154108	922763	B310	球囊盘管（机器）	922285	YXN.069.001.1011	922287	YXN.069.001.1014	1.0	1	2026-05-15 19:20:59	2026-07-16 23:42:48
345	922127	E2E-RV-20260716154108	922764	B320	球囊测漏及全检	922285	YXN.069.001.1011	922280	YXN.069.001.1003	1.0	1	2026-05-15 19:20:59	2026-07-16 23:42:48
346	922127	E2E-RV-20260716154108	922765	PROC-XLSX-00001	外管拉伸2	922285	YXN.069.001.1011	922287	YXN.069.001.1014	1.0	1	2026-05-15 19:20:57	2026-07-16 23:42:48
347	922127	E2E-RV-20260716154108	922766	PROC-XLSX-00002	内管拉伸2	922285	YXN.069.001.1011	922280	YXN.069.001.1003	1.0	1	2026-05-15 19:20:57	2026-07-16 23:42:48
348	922127	E2E-RV-20260716154108	922774	PROC-XLSX-00010	棘突丝拉伸2	922285	YXN.069.001.1011	922283	YXN.069.001.1009	1.0	1	2026-05-15 19:20:57	2026-07-16 23:42:48
349	922127	E2E-RV-20260716154108	922775	PROC-XLSX-00011	棘突丝切割	922285	YXN.069.001.1011	922282	YXN.069.001.1006	1.0	1	2026-05-15 19:20:57	2026-07-16 23:42:48
350	922127	E2E-RV-20260716154108	922776	PROC-XLSX-00012	棘突远端焊接	922285	YXN.069.001.1011	922281	YXN.069.001.1013	1.0	1	2026-05-15 19:20:57	2026-07-16 23:42:48
351	922127	E2E-RV-20260716154108	922777	PROC-XLSX-00013	棘突远端塑型	922285	YXN.069.001.1011	922287	YXN.069.001.1014	1.0	1	2026-05-15 19:20:58	2026-07-16 23:42:48
352	922127	E2E-RV-20260716154108	922778	PROC-XLSX-00014	棘突近端焊接	922285	YXN.069.001.1011	922283	YXN.069.001.1009	1.0	1	2026-05-15 19:20:58	2026-07-16 23:42:48
353	922127	E2E-RV-20260716154108	922779	Z2975	棘突TPU 套管粘接	922285	YXN.069.001.1011	922281	YXN.069.001.1013	1.0	1	2026-05-15 19:20:58	2026-07-16 23:42:48
354	922127	E2E-RV-20260716154108	922780	Z2774	棘突远端锥度焊接	922285	YXN.069.001.1011	922280	YXN.069.001.1003	1.0	1	2026-05-15 19:20:58	2026-07-16 23:42:48
355	922127	E2E-RV-20260716154108	922781	Z2773	棘突近端粘接	922285	YXN.069.001.1011	922283	YXN.069.001.1009	1.0	1	2026-05-15 19:20:58	2026-07-16 23:42:48
356	922127	E2E-RV-20260716154108	922782	Z2776	棘突球囊涂层	922285	YXN.069.001.1011	922282	YXN.069.001.1006	1.0	1	2026-05-15 19:20:59	2026-07-16 23:42:48
357	922128	E2E-RV-20260716160257	922744	B010	吹球囊成型	922285	YXN.069.001.1011	922282	YXN.069.001.1006	1.0	1	2026-05-15 19:20:57	2026-07-17 00:04:35
358	922128	E2E-RV-20260716160257	922746	B030	球囊裁剪	922285	YXN.069.001.1011	922287	YXN.069.001.1014	1.0	1	2026-05-15 19:20:57	2026-07-17 00:04:35
359	922128	E2E-RV-20260716160257	922750	B060	外管与球囊焊接	922285	YXN.069.001.1011	922280	YXN.069.001.1003	1.0	1	2026-05-15 19:20:57	2026-07-17 00:04:35
360	922128	E2E-RV-20260716160257	922752	B290	焊接圆角	922285	YXN.069.001.1011	922287	YXN.069.001.1014	1.0	1	2026-05-15 19:20:59	2026-07-17 00:04:35
361	922128	E2E-RV-20260716160257	922753	B210	焊接远端锥度	922285	YXN.069.001.1011	922280	YXN.069.001.1003	1.0	1	2026-05-15 19:20:58	2026-07-17 00:04:35
362	922128	E2E-RV-20260716160257	922754	B070	外管切缝	922285	YXN.069.001.1011	922287	YXN.069.001.1014	1.0	1	2026-05-15 19:20:57	2026-07-17 00:04:35
363	922128	E2E-RV-20260716160257	922755	B080	穿显影环	922285	YXN.069.001.1011	922282	YXN.069.001.1006	1.0	1	2026-05-15 19:20:57	2026-07-17 00:04:35
364	922128	E2E-RV-20260716160257	922756	B090	压显影环	922285	YXN.069.001.1011	922281	YXN.069.001.1013	1.0	1	2026-05-15 19:20:57	2026-07-17 00:04:35
365	922128	E2E-RV-20260716160257	922758	B220	快速交换口焊接	922285	YXN.069.001.1011	922280	YXN.069.001.1003	1.0	1	2026-05-15 19:20:58	2026-07-17 00:04:35
366	922128	E2E-RV-20260716160257	922759	B230	RX口检测	922285	YXN.069.001.1011	922283	YXN.069.001.1009	1.0	1	2026-05-15 19:20:58	2026-07-17 00:04:35
367	922128	E2E-RV-20260716160257	922760	B240	点胶海波管	922285	YXN.069.001.1011	922282	YXN.069.001.1006	1.0	1	2026-05-15 19:20:58	2026-07-17 00:04:35
368	922128	E2E-RV-20260716160257	922761	B250	球囊压握	922285	YXN.069.001.1011	922282	YXN.069.001.1006	1.0	1	2026-05-15 19:20:58	2026-07-17 00:04:35
369	922128	E2E-RV-20260716160257	922762	B280	裁剪圆角	922285	YXN.069.001.1011	922281	YXN.069.001.1013	1.0	1	2026-05-15 19:20:59	2026-07-17 00:04:35
370	922128	E2E-RV-20260716160257	922763	B310	球囊盘管（机器）	922285	YXN.069.001.1011	922287	YXN.069.001.1014	1.0	1	2026-05-15 19:20:59	2026-07-17 00:04:35
371	922128	E2E-RV-20260716160257	922764	B320	球囊测漏及全检	922285	YXN.069.001.1011	922280	YXN.069.001.1003	1.0	1	2026-05-15 19:20:59	2026-07-17 00:04:35
372	922128	E2E-RV-20260716160257	922765	PROC-XLSX-00001	外管拉伸2	922285	YXN.069.001.1011	922287	YXN.069.001.1014	1.0	1	2026-05-15 19:20:57	2026-07-17 00:04:35
373	922128	E2E-RV-20260716160257	922766	PROC-XLSX-00002	内管拉伸2	922285	YXN.069.001.1011	922280	YXN.069.001.1003	1.0	1	2026-05-15 19:20:57	2026-07-17 00:04:35
374	922128	E2E-RV-20260716160257	922774	PROC-XLSX-00010	棘突丝拉伸2	922285	YXN.069.001.1011	922283	YXN.069.001.1009	1.0	1	2026-05-15 19:20:57	2026-07-17 00:04:35
375	922128	E2E-RV-20260716160257	922775	PROC-XLSX-00011	棘突丝切割	922285	YXN.069.001.1011	922282	YXN.069.001.1006	1.0	1	2026-05-15 19:20:57	2026-07-17 00:04:35
376	922128	E2E-RV-20260716160257	922776	PROC-XLSX-00012	棘突远端焊接	922285	YXN.069.001.1011	922281	YXN.069.001.1013	1.0	1	2026-05-15 19:20:57	2026-07-17 00:04:35
377	922128	E2E-RV-20260716160257	922777	PROC-XLSX-00013	棘突远端塑型	922285	YXN.069.001.1011	922287	YXN.069.001.1014	1.0	1	2026-05-15 19:20:58	2026-07-17 00:04:35
378	922128	E2E-RV-20260716160257	922778	PROC-XLSX-00014	棘突近端焊接	922285	YXN.069.001.1011	922283	YXN.069.001.1009	1.0	1	2026-05-15 19:20:58	2026-07-17 00:04:35
379	922128	E2E-RV-20260716160257	922779	Z2975	棘突TPU 套管粘接	922285	YXN.069.001.1011	922281	YXN.069.001.1013	1.0	1	2026-05-15 19:20:58	2026-07-17 00:04:35
380	922128	E2E-RV-20260716160257	922780	Z2774	棘突远端锥度焊接	922285	YXN.069.001.1011	922280	YXN.069.001.1003	1.0	1	2026-05-15 19:20:58	2026-07-17 00:04:35
381	922128	E2E-RV-20260716160257	922781	Z2773	棘突近端粘接	922285	YXN.069.001.1011	922283	YXN.069.001.1009	1.0	1	2026-05-15 19:20:58	2026-07-17 00:04:35
382	922128	E2E-RV-20260716160257	922782	Z2776	棘突球囊涂层	922285	YXN.069.001.1011	922282	YXN.069.001.1006	1.0	1	2026-05-15 19:20:59	2026-07-17 00:04:35
383	922129	E2E-RV-20260716163032	922744	B010	吹球囊成型	922285	YXN.069.001.1011	922282	YXN.069.001.1006	1.0	1	2026-05-15 19:20:57	2026-07-17 00:30:40
384	922129	E2E-RV-20260716163032	922746	B030	球囊裁剪	922285	YXN.069.001.1011	922287	YXN.069.001.1014	1.0	1	2026-05-15 19:20:57	2026-07-17 00:30:40
385	922129	E2E-RV-20260716163032	922750	B060	外管与球囊焊接	922285	YXN.069.001.1011	922280	YXN.069.001.1003	1.0	1	2026-05-15 19:20:57	2026-07-17 00:30:40
386	922129	E2E-RV-20260716163032	922752	B290	焊接圆角	922285	YXN.069.001.1011	922287	YXN.069.001.1014	1.0	1	2026-05-15 19:20:59	2026-07-17 00:30:40
387	922129	E2E-RV-20260716163032	922753	B210	焊接远端锥度	922285	YXN.069.001.1011	922280	YXN.069.001.1003	1.0	1	2026-05-15 19:20:58	2026-07-17 00:30:40
388	922129	E2E-RV-20260716163032	922754	B070	外管切缝	922285	YXN.069.001.1011	922287	YXN.069.001.1014	1.0	1	2026-05-15 19:20:57	2026-07-17 00:30:40
389	922129	E2E-RV-20260716163032	922755	B080	穿显影环	922285	YXN.069.001.1011	922282	YXN.069.001.1006	1.0	1	2026-05-15 19:20:57	2026-07-17 00:30:40
390	922129	E2E-RV-20260716163032	922756	B090	压显影环	922285	YXN.069.001.1011	922281	YXN.069.001.1013	1.0	1	2026-05-15 19:20:57	2026-07-17 00:30:40
391	922129	E2E-RV-20260716163032	922758	B220	快速交换口焊接	922285	YXN.069.001.1011	922280	YXN.069.001.1003	1.0	1	2026-05-15 19:20:58	2026-07-17 00:30:40
392	922129	E2E-RV-20260716163032	922759	B230	RX口检测	922285	YXN.069.001.1011	922283	YXN.069.001.1009	1.0	1	2026-05-15 19:20:58	2026-07-17 00:30:40
393	922129	E2E-RV-20260716163032	922760	B240	点胶海波管	922285	YXN.069.001.1011	922282	YXN.069.001.1006	1.0	1	2026-05-15 19:20:58	2026-07-17 00:30:40
394	922129	E2E-RV-20260716163032	922761	B250	球囊压握	922285	YXN.069.001.1011	922282	YXN.069.001.1006	1.0	1	2026-05-15 19:20:58	2026-07-17 00:30:40
395	922129	E2E-RV-20260716163032	922762	B280	裁剪圆角	922285	YXN.069.001.1011	922281	YXN.069.001.1013	1.0	1	2026-05-15 19:20:59	2026-07-17 00:30:40
396	922129	E2E-RV-20260716163032	922763	B310	球囊盘管（机器）	922285	YXN.069.001.1011	922287	YXN.069.001.1014	1.0	1	2026-05-15 19:20:59	2026-07-17 00:30:40
397	922129	E2E-RV-20260716163032	922764	B320	球囊测漏及全检	922285	YXN.069.001.1011	922280	YXN.069.001.1003	1.0	1	2026-05-15 19:20:59	2026-07-17 00:30:40
398	922129	E2E-RV-20260716163032	922765	PROC-XLSX-00001	外管拉伸2	922285	YXN.069.001.1011	922287	YXN.069.001.1014	1.0	1	2026-05-15 19:20:57	2026-07-17 00:30:40
399	922129	E2E-RV-20260716163032	922766	PROC-XLSX-00002	内管拉伸2	922285	YXN.069.001.1011	922280	YXN.069.001.1003	1.0	1	2026-05-15 19:20:57	2026-07-17 00:30:40
400	922129	E2E-RV-20260716163032	922774	PROC-XLSX-00010	棘突丝拉伸2	922285	YXN.069.001.1011	922283	YXN.069.001.1009	1.0	1	2026-05-15 19:20:57	2026-07-17 00:30:40
401	922129	E2E-RV-20260716163032	922775	PROC-XLSX-00011	棘突丝切割	922285	YXN.069.001.1011	922282	YXN.069.001.1006	1.0	1	2026-05-15 19:20:57	2026-07-17 00:30:40
402	922129	E2E-RV-20260716163032	922776	PROC-XLSX-00012	棘突远端焊接	922285	YXN.069.001.1011	922281	YXN.069.001.1013	1.0	1	2026-05-15 19:20:57	2026-07-17 00:30:40
403	922129	E2E-RV-20260716163032	922777	PROC-XLSX-00013	棘突远端塑型	922285	YXN.069.001.1011	922287	YXN.069.001.1014	1.0	1	2026-05-15 19:20:58	2026-07-17 00:30:40
404	922129	E2E-RV-20260716163032	922778	PROC-XLSX-00014	棘突近端焊接	922285	YXN.069.001.1011	922283	YXN.069.001.1009	1.0	1	2026-05-15 19:20:58	2026-07-17 00:30:40
405	922129	E2E-RV-20260716163032	922779	Z2975	棘突TPU 套管粘接	922285	YXN.069.001.1011	922281	YXN.069.001.1013	1.0	1	2026-05-15 19:20:58	2026-07-17 00:30:40
406	922129	E2E-RV-20260716163032	922780	Z2774	棘突远端锥度焊接	922285	YXN.069.001.1011	922280	YXN.069.001.1003	1.0	1	2026-05-15 19:20:58	2026-07-17 00:30:40
407	922129	E2E-RV-20260716163032	922781	Z2773	棘突近端粘接	922285	YXN.069.001.1011	922283	YXN.069.001.1009	1.0	1	2026-05-15 19:20:58	2026-07-17 00:30:40
408	922129	E2E-RV-20260716163032	922782	Z2776	棘突球囊涂层	922285	YXN.069.001.1011	922282	YXN.069.001.1006	1.0	1	2026-05-15 19:20:59	2026-07-17 00:30:40
409	922130	E2E-RV-20260716165508	922744	B010	吹球囊成型	922285	YXN.069.001.1011	922282	YXN.069.001.1006	1.0	1	2026-05-15 19:20:57	2026-07-17 00:55:18
410	922130	E2E-RV-20260716165508	922746	B030	球囊裁剪	922285	YXN.069.001.1011	922287	YXN.069.001.1014	1.0	1	2026-05-15 19:20:57	2026-07-17 00:55:18
411	922130	E2E-RV-20260716165508	922750	B060	外管与球囊焊接	922285	YXN.069.001.1011	922280	YXN.069.001.1003	1.0	1	2026-05-15 19:20:57	2026-07-17 00:55:18
412	922130	E2E-RV-20260716165508	922752	B290	焊接圆角	922285	YXN.069.001.1011	922287	YXN.069.001.1014	1.0	1	2026-05-15 19:20:59	2026-07-17 00:55:18
413	922130	E2E-RV-20260716165508	922753	B210	焊接远端锥度	922285	YXN.069.001.1011	922280	YXN.069.001.1003	1.0	1	2026-05-15 19:20:58	2026-07-17 00:55:18
414	922130	E2E-RV-20260716165508	922754	B070	外管切缝	922285	YXN.069.001.1011	922287	YXN.069.001.1014	1.0	1	2026-05-15 19:20:57	2026-07-17 00:55:18
415	922130	E2E-RV-20260716165508	922755	B080	穿显影环	922285	YXN.069.001.1011	922282	YXN.069.001.1006	1.0	1	2026-05-15 19:20:57	2026-07-17 00:55:18
416	922130	E2E-RV-20260716165508	922756	B090	压显影环	922285	YXN.069.001.1011	922281	YXN.069.001.1013	1.0	1	2026-05-15 19:20:57	2026-07-17 00:55:18
417	922130	E2E-RV-20260716165508	922758	B220	快速交换口焊接	922285	YXN.069.001.1011	922280	YXN.069.001.1003	1.0	1	2026-05-15 19:20:58	2026-07-17 00:55:18
418	922130	E2E-RV-20260716165508	922759	B230	RX口检测	922285	YXN.069.001.1011	922283	YXN.069.001.1009	1.0	1	2026-05-15 19:20:58	2026-07-17 00:55:18
419	922130	E2E-RV-20260716165508	922760	B240	点胶海波管	922285	YXN.069.001.1011	922282	YXN.069.001.1006	1.0	1	2026-05-15 19:20:58	2026-07-17 00:55:18
420	922130	E2E-RV-20260716165508	922761	B250	球囊压握	922285	YXN.069.001.1011	922282	YXN.069.001.1006	1.0	1	2026-05-15 19:20:58	2026-07-17 00:55:18
421	922130	E2E-RV-20260716165508	922762	B280	裁剪圆角	922285	YXN.069.001.1011	922281	YXN.069.001.1013	1.0	1	2026-05-15 19:20:59	2026-07-17 00:55:18
422	922130	E2E-RV-20260716165508	922763	B310	球囊盘管（机器）	922285	YXN.069.001.1011	922287	YXN.069.001.1014	1.0	1	2026-05-15 19:20:59	2026-07-17 00:55:18
423	922130	E2E-RV-20260716165508	922764	B320	球囊测漏及全检	922285	YXN.069.001.1011	922280	YXN.069.001.1003	1.0	1	2026-05-15 19:20:59	2026-07-17 00:55:18
424	922130	E2E-RV-20260716165508	922765	PROC-XLSX-00001	外管拉伸2	922285	YXN.069.001.1011	922287	YXN.069.001.1014	1.0	1	2026-05-15 19:20:57	2026-07-17 00:55:18
425	922130	E2E-RV-20260716165508	922766	PROC-XLSX-00002	内管拉伸2	922285	YXN.069.001.1011	922280	YXN.069.001.1003	1.0	1	2026-05-15 19:20:57	2026-07-17 00:55:18
426	922130	E2E-RV-20260716165508	922774	PROC-XLSX-00010	棘突丝拉伸2	922285	YXN.069.001.1011	922283	YXN.069.001.1009	1.0	1	2026-05-15 19:20:57	2026-07-17 00:55:18
427	922130	E2E-RV-20260716165508	922775	PROC-XLSX-00011	棘突丝切割	922285	YXN.069.001.1011	922282	YXN.069.001.1006	1.0	1	2026-05-15 19:20:57	2026-07-17 00:55:18
428	922130	E2E-RV-20260716165508	922776	PROC-XLSX-00012	棘突远端焊接	922285	YXN.069.001.1011	922281	YXN.069.001.1013	1.0	1	2026-05-15 19:20:57	2026-07-17 00:55:18
429	922130	E2E-RV-20260716165508	922777	PROC-XLSX-00013	棘突远端塑型	922285	YXN.069.001.1011	922287	YXN.069.001.1014	1.0	1	2026-05-15 19:20:58	2026-07-17 00:55:18
430	922130	E2E-RV-20260716165508	922778	PROC-XLSX-00014	棘突近端焊接	922285	YXN.069.001.1011	922283	YXN.069.001.1009	1.0	1	2026-05-15 19:20:58	2026-07-17 00:55:18
431	922130	E2E-RV-20260716165508	922779	Z2975	棘突TPU 套管粘接	922285	YXN.069.001.1011	922281	YXN.069.001.1013	1.0	1	2026-05-15 19:20:58	2026-07-17 00:55:18
432	922130	E2E-RV-20260716165508	922780	Z2774	棘突远端锥度焊接	922285	YXN.069.001.1011	922280	YXN.069.001.1003	1.0	1	2026-05-15 19:20:58	2026-07-17 00:55:18
433	922130	E2E-RV-20260716165508	922781	Z2773	棘突近端粘接	922285	YXN.069.001.1011	922283	YXN.069.001.1009	1.0	1	2026-05-15 19:20:58	2026-07-17 00:55:18
434	922130	E2E-RV-20260716165508	922782	Z2776	棘突球囊涂层	922285	YXN.069.001.1011	922282	YXN.069.001.1006	1.0	1	2026-05-15 19:20:59	2026-07-17 00:55:18
435	922131	E2E-RV-20260716170826	922744	B010	吹球囊成型	922285	YXN.069.001.1011	922282	YXN.069.001.1006	1.0	1	2026-05-15 19:20:57	2026-07-17 01:08:40
436	922131	E2E-RV-20260716170826	922746	B030	球囊裁剪	922285	YXN.069.001.1011	922287	YXN.069.001.1014	1.0	1	2026-05-15 19:20:57	2026-07-17 01:08:40
437	922131	E2E-RV-20260716170826	922750	B060	外管与球囊焊接	922285	YXN.069.001.1011	922280	YXN.069.001.1003	1.0	1	2026-05-15 19:20:57	2026-07-17 01:08:40
438	922131	E2E-RV-20260716170826	922752	B290	焊接圆角	922285	YXN.069.001.1011	922287	YXN.069.001.1014	1.0	1	2026-05-15 19:20:59	2026-07-17 01:08:40
439	922131	E2E-RV-20260716170826	922753	B210	焊接远端锥度	922285	YXN.069.001.1011	922280	YXN.069.001.1003	1.0	1	2026-05-15 19:20:58	2026-07-17 01:08:40
440	922131	E2E-RV-20260716170826	922754	B070	外管切缝	922285	YXN.069.001.1011	922287	YXN.069.001.1014	1.0	1	2026-05-15 19:20:57	2026-07-17 01:08:40
441	922131	E2E-RV-20260716170826	922755	B080	穿显影环	922285	YXN.069.001.1011	922282	YXN.069.001.1006	1.0	1	2026-05-15 19:20:57	2026-07-17 01:08:40
442	922131	E2E-RV-20260716170826	922756	B090	压显影环	922285	YXN.069.001.1011	922281	YXN.069.001.1013	1.0	1	2026-05-15 19:20:57	2026-07-17 01:08:40
443	922131	E2E-RV-20260716170826	922758	B220	快速交换口焊接	922285	YXN.069.001.1011	922280	YXN.069.001.1003	1.0	1	2026-05-15 19:20:58	2026-07-17 01:08:40
444	922131	E2E-RV-20260716170826	922759	B230	RX口检测	922285	YXN.069.001.1011	922283	YXN.069.001.1009	1.0	1	2026-05-15 19:20:58	2026-07-17 01:08:40
445	922131	E2E-RV-20260716170826	922760	B240	点胶海波管	922285	YXN.069.001.1011	922282	YXN.069.001.1006	1.0	1	2026-05-15 19:20:58	2026-07-17 01:08:40
446	922131	E2E-RV-20260716170826	922761	B250	球囊压握	922285	YXN.069.001.1011	922282	YXN.069.001.1006	1.0	1	2026-05-15 19:20:58	2026-07-17 01:08:40
447	922131	E2E-RV-20260716170826	922762	B280	裁剪圆角	922285	YXN.069.001.1011	922281	YXN.069.001.1013	1.0	1	2026-05-15 19:20:59	2026-07-17 01:08:40
448	922131	E2E-RV-20260716170826	922763	B310	球囊盘管（机器）	922285	YXN.069.001.1011	922287	YXN.069.001.1014	1.0	1	2026-05-15 19:20:59	2026-07-17 01:08:40
449	922131	E2E-RV-20260716170826	922764	B320	球囊测漏及全检	922285	YXN.069.001.1011	922280	YXN.069.001.1003	1.0	1	2026-05-15 19:20:59	2026-07-17 01:08:40
450	922131	E2E-RV-20260716170826	922765	PROC-XLSX-00001	外管拉伸2	922285	YXN.069.001.1011	922287	YXN.069.001.1014	1.0	1	2026-05-15 19:20:57	2026-07-17 01:08:40
451	922131	E2E-RV-20260716170826	922766	PROC-XLSX-00002	内管拉伸2	922285	YXN.069.001.1011	922280	YXN.069.001.1003	1.0	1	2026-05-15 19:20:57	2026-07-17 01:08:40
452	922131	E2E-RV-20260716170826	922774	PROC-XLSX-00010	棘突丝拉伸2	922285	YXN.069.001.1011	922283	YXN.069.001.1009	1.0	1	2026-05-15 19:20:57	2026-07-17 01:08:40
453	922131	E2E-RV-20260716170826	922775	PROC-XLSX-00011	棘突丝切割	922285	YXN.069.001.1011	922282	YXN.069.001.1006	1.0	1	2026-05-15 19:20:57	2026-07-17 01:08:40
454	922131	E2E-RV-20260716170826	922776	PROC-XLSX-00012	棘突远端焊接	922285	YXN.069.001.1011	922281	YXN.069.001.1013	1.0	1	2026-05-15 19:20:57	2026-07-17 01:08:40
455	922131	E2E-RV-20260716170826	922777	PROC-XLSX-00013	棘突远端塑型	922285	YXN.069.001.1011	922287	YXN.069.001.1014	1.0	1	2026-05-15 19:20:58	2026-07-17 01:08:40
456	922131	E2E-RV-20260716170826	922778	PROC-XLSX-00014	棘突近端焊接	922285	YXN.069.001.1011	922283	YXN.069.001.1009	1.0	1	2026-05-15 19:20:58	2026-07-17 01:08:40
457	922131	E2E-RV-20260716170826	922779	Z2975	棘突TPU 套管粘接	922285	YXN.069.001.1011	922281	YXN.069.001.1013	1.0	1	2026-05-15 19:20:58	2026-07-17 01:08:40
458	922131	E2E-RV-20260716170826	922780	Z2774	棘突远端锥度焊接	922285	YXN.069.001.1011	922280	YXN.069.001.1003	1.0	1	2026-05-15 19:20:58	2026-07-17 01:08:40
459	922131	E2E-RV-20260716170826	922781	Z2773	棘突近端粘接	922285	YXN.069.001.1011	922283	YXN.069.001.1009	1.0	1	2026-05-15 19:20:58	2026-07-17 01:08:40
460	922131	E2E-RV-20260716170826	922782	Z2776	棘突球囊涂层	922285	YXN.069.001.1011	922282	YXN.069.001.1006	1.0	1	2026-05-15 19:20:59	2026-07-17 01:08:40
461	922132	E2E-RV-20260716171916	922744	B010	吹球囊成型	922285	YXN.069.001.1011	922282	YXN.069.001.1006	1.0	1	2026-05-15 19:20:57	2026-07-17 01:20:57
462	922132	E2E-RV-20260716171916	922746	B030	球囊裁剪	922285	YXN.069.001.1011	922287	YXN.069.001.1014	1.0	1	2026-05-15 19:20:57	2026-07-17 01:20:57
463	922132	E2E-RV-20260716171916	922750	B060	外管与球囊焊接	922285	YXN.069.001.1011	922280	YXN.069.001.1003	1.0	1	2026-05-15 19:20:57	2026-07-17 01:20:57
464	922132	E2E-RV-20260716171916	922752	B290	焊接圆角	922285	YXN.069.001.1011	922287	YXN.069.001.1014	1.0	1	2026-05-15 19:20:59	2026-07-17 01:20:57
465	922132	E2E-RV-20260716171916	922753	B210	焊接远端锥度	922285	YXN.069.001.1011	922280	YXN.069.001.1003	1.0	1	2026-05-15 19:20:58	2026-07-17 01:20:57
466	922132	E2E-RV-20260716171916	922754	B070	外管切缝	922285	YXN.069.001.1011	922287	YXN.069.001.1014	1.0	1	2026-05-15 19:20:57	2026-07-17 01:20:57
467	922132	E2E-RV-20260716171916	922755	B080	穿显影环	922285	YXN.069.001.1011	922282	YXN.069.001.1006	1.0	1	2026-05-15 19:20:57	2026-07-17 01:20:57
468	922132	E2E-RV-20260716171916	922756	B090	压显影环	922285	YXN.069.001.1011	922281	YXN.069.001.1013	1.0	1	2026-05-15 19:20:57	2026-07-17 01:20:57
469	922132	E2E-RV-20260716171916	922758	B220	快速交换口焊接	922285	YXN.069.001.1011	922280	YXN.069.001.1003	1.0	1	2026-05-15 19:20:58	2026-07-17 01:20:57
470	922132	E2E-RV-20260716171916	922759	B230	RX口检测	922285	YXN.069.001.1011	922283	YXN.069.001.1009	1.0	1	2026-05-15 19:20:58	2026-07-17 01:20:57
471	922132	E2E-RV-20260716171916	922760	B240	点胶海波管	922285	YXN.069.001.1011	922282	YXN.069.001.1006	1.0	1	2026-05-15 19:20:58	2026-07-17 01:20:57
472	922132	E2E-RV-20260716171916	922761	B250	球囊压握	922285	YXN.069.001.1011	922282	YXN.069.001.1006	1.0	1	2026-05-15 19:20:58	2026-07-17 01:20:57
473	922132	E2E-RV-20260716171916	922762	B280	裁剪圆角	922285	YXN.069.001.1011	922281	YXN.069.001.1013	1.0	1	2026-05-15 19:20:59	2026-07-17 01:20:57
474	922132	E2E-RV-20260716171916	922763	B310	球囊盘管（机器）	922285	YXN.069.001.1011	922287	YXN.069.001.1014	1.0	1	2026-05-15 19:20:59	2026-07-17 01:20:57
475	922132	E2E-RV-20260716171916	922764	B320	球囊测漏及全检	922285	YXN.069.001.1011	922280	YXN.069.001.1003	1.0	1	2026-05-15 19:20:59	2026-07-17 01:20:57
476	922132	E2E-RV-20260716171916	922765	PROC-XLSX-00001	外管拉伸2	922285	YXN.069.001.1011	922287	YXN.069.001.1014	1.0	1	2026-05-15 19:20:57	2026-07-17 01:20:57
477	922132	E2E-RV-20260716171916	922766	PROC-XLSX-00002	内管拉伸2	922285	YXN.069.001.1011	922280	YXN.069.001.1003	1.0	1	2026-05-15 19:20:57	2026-07-17 01:20:57
478	922132	E2E-RV-20260716171916	922774	PROC-XLSX-00010	棘突丝拉伸2	922285	YXN.069.001.1011	922283	YXN.069.001.1009	1.0	1	2026-05-15 19:20:57	2026-07-17 01:20:57
479	922132	E2E-RV-20260716171916	922775	PROC-XLSX-00011	棘突丝切割	922285	YXN.069.001.1011	922282	YXN.069.001.1006	1.0	1	2026-05-15 19:20:57	2026-07-17 01:20:57
480	922132	E2E-RV-20260716171916	922776	PROC-XLSX-00012	棘突远端焊接	922285	YXN.069.001.1011	922281	YXN.069.001.1013	1.0	1	2026-05-15 19:20:57	2026-07-17 01:20:57
481	922132	E2E-RV-20260716171916	922777	PROC-XLSX-00013	棘突远端塑型	922285	YXN.069.001.1011	922287	YXN.069.001.1014	1.0	1	2026-05-15 19:20:58	2026-07-17 01:20:57
482	922132	E2E-RV-20260716171916	922778	PROC-XLSX-00014	棘突近端焊接	922285	YXN.069.001.1011	922283	YXN.069.001.1009	1.0	1	2026-05-15 19:20:58	2026-07-17 01:20:57
483	922132	E2E-RV-20260716171916	922779	Z2975	棘突TPU 套管粘接	922285	YXN.069.001.1011	922281	YXN.069.001.1013	1.0	1	2026-05-15 19:20:58	2026-07-17 01:20:57
484	922132	E2E-RV-20260716171916	922780	Z2774	棘突远端锥度焊接	922285	YXN.069.001.1011	922280	YXN.069.001.1003	1.0	1	2026-05-15 19:20:58	2026-07-17 01:20:57
485	922132	E2E-RV-20260716171916	922781	Z2773	棘突近端粘接	922285	YXN.069.001.1011	922283	YXN.069.001.1009	1.0	1	2026-05-15 19:20:58	2026-07-17 01:20:57
486	922132	E2E-RV-20260716171916	922782	Z2776	棘突球囊涂层	922285	YXN.069.001.1011	922282	YXN.069.001.1006	1.0	1	2026-05-15 19:20:59	2026-07-17 01:20:57
487	922133	E2E-RV-20260716172245	922744	B010	吹球囊成型	922285	YXN.069.001.1011	922282	YXN.069.001.1006	1.0	1	2026-05-15 19:20:57	2026-07-17 01:22:59
488	922133	E2E-RV-20260716172245	922746	B030	球囊裁剪	922285	YXN.069.001.1011	922287	YXN.069.001.1014	1.0	1	2026-05-15 19:20:57	2026-07-17 01:22:59
489	922133	E2E-RV-20260716172245	922750	B060	外管与球囊焊接	922285	YXN.069.001.1011	922280	YXN.069.001.1003	1.0	1	2026-05-15 19:20:57	2026-07-17 01:22:59
490	922133	E2E-RV-20260716172245	922752	B290	焊接圆角	922285	YXN.069.001.1011	922287	YXN.069.001.1014	1.0	1	2026-05-15 19:20:59	2026-07-17 01:22:59
491	922133	E2E-RV-20260716172245	922753	B210	焊接远端锥度	922285	YXN.069.001.1011	922280	YXN.069.001.1003	1.0	1	2026-05-15 19:20:58	2026-07-17 01:22:59
492	922133	E2E-RV-20260716172245	922754	B070	外管切缝	922285	YXN.069.001.1011	922287	YXN.069.001.1014	1.0	1	2026-05-15 19:20:57	2026-07-17 01:22:59
493	922133	E2E-RV-20260716172245	922755	B080	穿显影环	922285	YXN.069.001.1011	922282	YXN.069.001.1006	1.0	1	2026-05-15 19:20:57	2026-07-17 01:22:59
494	922133	E2E-RV-20260716172245	922756	B090	压显影环	922285	YXN.069.001.1011	922281	YXN.069.001.1013	1.0	1	2026-05-15 19:20:57	2026-07-17 01:22:59
495	922133	E2E-RV-20260716172245	922758	B220	快速交换口焊接	922285	YXN.069.001.1011	922280	YXN.069.001.1003	1.0	1	2026-05-15 19:20:58	2026-07-17 01:22:59
496	922133	E2E-RV-20260716172245	922759	B230	RX口检测	922285	YXN.069.001.1011	922283	YXN.069.001.1009	1.0	1	2026-05-15 19:20:58	2026-07-17 01:22:59
497	922133	E2E-RV-20260716172245	922760	B240	点胶海波管	922285	YXN.069.001.1011	922282	YXN.069.001.1006	1.0	1	2026-05-15 19:20:58	2026-07-17 01:22:59
498	922133	E2E-RV-20260716172245	922761	B250	球囊压握	922285	YXN.069.001.1011	922282	YXN.069.001.1006	1.0	1	2026-05-15 19:20:58	2026-07-17 01:22:59
499	922133	E2E-RV-20260716172245	922762	B280	裁剪圆角	922285	YXN.069.001.1011	922281	YXN.069.001.1013	1.0	1	2026-05-15 19:20:59	2026-07-17 01:22:59
500	922133	E2E-RV-20260716172245	922763	B310	球囊盘管（机器）	922285	YXN.069.001.1011	922287	YXN.069.001.1014	1.0	1	2026-05-15 19:20:59	2026-07-17 01:22:59
501	922133	E2E-RV-20260716172245	922764	B320	球囊测漏及全检	922285	YXN.069.001.1011	922280	YXN.069.001.1003	1.0	1	2026-05-15 19:20:59	2026-07-17 01:22:59
502	922133	E2E-RV-20260716172245	922765	PROC-XLSX-00001	外管拉伸2	922285	YXN.069.001.1011	922287	YXN.069.001.1014	1.0	1	2026-05-15 19:20:57	2026-07-17 01:22:59
503	922133	E2E-RV-20260716172245	922766	PROC-XLSX-00002	内管拉伸2	922285	YXN.069.001.1011	922280	YXN.069.001.1003	1.0	1	2026-05-15 19:20:57	2026-07-17 01:22:59
504	922133	E2E-RV-20260716172245	922774	PROC-XLSX-00010	棘突丝拉伸2	922285	YXN.069.001.1011	922283	YXN.069.001.1009	1.0	1	2026-05-15 19:20:57	2026-07-17 01:22:59
505	922133	E2E-RV-20260716172245	922775	PROC-XLSX-00011	棘突丝切割	922285	YXN.069.001.1011	922282	YXN.069.001.1006	1.0	1	2026-05-15 19:20:57	2026-07-17 01:22:59
506	922133	E2E-RV-20260716172245	922776	PROC-XLSX-00012	棘突远端焊接	922285	YXN.069.001.1011	922281	YXN.069.001.1013	1.0	1	2026-05-15 19:20:57	2026-07-17 01:22:59
507	922133	E2E-RV-20260716172245	922777	PROC-XLSX-00013	棘突远端塑型	922285	YXN.069.001.1011	922287	YXN.069.001.1014	1.0	1	2026-05-15 19:20:58	2026-07-17 01:22:59
508	922133	E2E-RV-20260716172245	922778	PROC-XLSX-00014	棘突近端焊接	922285	YXN.069.001.1011	922283	YXN.069.001.1009	1.0	1	2026-05-15 19:20:58	2026-07-17 01:22:59
509	922133	E2E-RV-20260716172245	922779	Z2975	棘突TPU 套管粘接	922285	YXN.069.001.1011	922281	YXN.069.001.1013	1.0	1	2026-05-15 19:20:58	2026-07-17 01:22:59
510	922133	E2E-RV-20260716172245	922780	Z2774	棘突远端锥度焊接	922285	YXN.069.001.1011	922280	YXN.069.001.1003	1.0	1	2026-05-15 19:20:58	2026-07-17 01:22:59
511	922133	E2E-RV-20260716172245	922781	Z2773	棘突近端粘接	922285	YXN.069.001.1011	922283	YXN.069.001.1009	1.0	1	2026-05-15 19:20:58	2026-07-17 01:22:59
512	922133	E2E-RV-20260716172245	922782	Z2776	棘突球囊涂层	922285	YXN.069.001.1011	922282	YXN.069.001.1006	1.0	1	2026-05-15 19:20:59	2026-07-17 01:22:59
513	922134	E2E-RV-20260716172412	922744	B010	吹球囊成型	922285	YXN.069.001.1011	922282	YXN.069.001.1006	1.0	1	2026-05-15 19:20:57	2026-07-17 01:24:26
514	922134	E2E-RV-20260716172412	922746	B030	球囊裁剪	922285	YXN.069.001.1011	922287	YXN.069.001.1014	1.0	1	2026-05-15 19:20:57	2026-07-17 01:24:26
515	922134	E2E-RV-20260716172412	922750	B060	外管与球囊焊接	922285	YXN.069.001.1011	922280	YXN.069.001.1003	1.0	1	2026-05-15 19:20:57	2026-07-17 01:24:26
516	922134	E2E-RV-20260716172412	922752	B290	焊接圆角	922285	YXN.069.001.1011	922287	YXN.069.001.1014	1.0	1	2026-05-15 19:20:59	2026-07-17 01:24:26
517	922134	E2E-RV-20260716172412	922753	B210	焊接远端锥度	922285	YXN.069.001.1011	922280	YXN.069.001.1003	1.0	1	2026-05-15 19:20:58	2026-07-17 01:24:26
518	922134	E2E-RV-20260716172412	922754	B070	外管切缝	922285	YXN.069.001.1011	922287	YXN.069.001.1014	1.0	1	2026-05-15 19:20:57	2026-07-17 01:24:26
519	922134	E2E-RV-20260716172412	922755	B080	穿显影环	922285	YXN.069.001.1011	922282	YXN.069.001.1006	1.0	1	2026-05-15 19:20:57	2026-07-17 01:24:26
520	922134	E2E-RV-20260716172412	922756	B090	压显影环	922285	YXN.069.001.1011	922281	YXN.069.001.1013	1.0	1	2026-05-15 19:20:57	2026-07-17 01:24:26
521	922134	E2E-RV-20260716172412	922758	B220	快速交换口焊接	922285	YXN.069.001.1011	922280	YXN.069.001.1003	1.0	1	2026-05-15 19:20:58	2026-07-17 01:24:26
522	922134	E2E-RV-20260716172412	922759	B230	RX口检测	922285	YXN.069.001.1011	922283	YXN.069.001.1009	1.0	1	2026-05-15 19:20:58	2026-07-17 01:24:26
523	922134	E2E-RV-20260716172412	922760	B240	点胶海波管	922285	YXN.069.001.1011	922282	YXN.069.001.1006	1.0	1	2026-05-15 19:20:58	2026-07-17 01:24:26
524	922134	E2E-RV-20260716172412	922761	B250	球囊压握	922285	YXN.069.001.1011	922282	YXN.069.001.1006	1.0	1	2026-05-15 19:20:58	2026-07-17 01:24:26
525	922134	E2E-RV-20260716172412	922762	B280	裁剪圆角	922285	YXN.069.001.1011	922281	YXN.069.001.1013	1.0	1	2026-05-15 19:20:59	2026-07-17 01:24:26
526	922134	E2E-RV-20260716172412	922763	B310	球囊盘管（机器）	922285	YXN.069.001.1011	922287	YXN.069.001.1014	1.0	1	2026-05-15 19:20:59	2026-07-17 01:24:26
527	922134	E2E-RV-20260716172412	922764	B320	球囊测漏及全检	922285	YXN.069.001.1011	922280	YXN.069.001.1003	1.0	1	2026-05-15 19:20:59	2026-07-17 01:24:26
528	922134	E2E-RV-20260716172412	922765	PROC-XLSX-00001	外管拉伸2	922285	YXN.069.001.1011	922287	YXN.069.001.1014	1.0	1	2026-05-15 19:20:57	2026-07-17 01:24:26
529	922134	E2E-RV-20260716172412	922766	PROC-XLSX-00002	内管拉伸2	922285	YXN.069.001.1011	922280	YXN.069.001.1003	1.0	1	2026-05-15 19:20:57	2026-07-17 01:24:26
530	922134	E2E-RV-20260716172412	922774	PROC-XLSX-00010	棘突丝拉伸2	922285	YXN.069.001.1011	922283	YXN.069.001.1009	1.0	1	2026-05-15 19:20:57	2026-07-17 01:24:26
531	922134	E2E-RV-20260716172412	922775	PROC-XLSX-00011	棘突丝切割	922285	YXN.069.001.1011	922282	YXN.069.001.1006	1.0	1	2026-05-15 19:20:57	2026-07-17 01:24:26
532	922134	E2E-RV-20260716172412	922776	PROC-XLSX-00012	棘突远端焊接	922285	YXN.069.001.1011	922281	YXN.069.001.1013	1.0	1	2026-05-15 19:20:57	2026-07-17 01:24:26
533	922134	E2E-RV-20260716172412	922777	PROC-XLSX-00013	棘突远端塑型	922285	YXN.069.001.1011	922287	YXN.069.001.1014	1.0	1	2026-05-15 19:20:58	2026-07-17 01:24:26
534	922134	E2E-RV-20260716172412	922778	PROC-XLSX-00014	棘突近端焊接	922285	YXN.069.001.1011	922283	YXN.069.001.1009	1.0	1	2026-05-15 19:20:58	2026-07-17 01:24:26
535	922134	E2E-RV-20260716172412	922779	Z2975	棘突TPU 套管粘接	922285	YXN.069.001.1011	922281	YXN.069.001.1013	1.0	1	2026-05-15 19:20:58	2026-07-17 01:24:26
536	922134	E2E-RV-20260716172412	922780	Z2774	棘突远端锥度焊接	922285	YXN.069.001.1011	922280	YXN.069.001.1003	1.0	1	2026-05-15 19:20:58	2026-07-17 01:24:26
537	922134	E2E-RV-20260716172412	922781	Z2773	棘突近端粘接	922285	YXN.069.001.1011	922283	YXN.069.001.1009	1.0	1	2026-05-15 19:20:58	2026-07-17 01:24:26
538	922134	E2E-RV-20260716172412	922782	Z2776	棘突球囊涂层	922285	YXN.069.001.1011	922282	YXN.069.001.1006	1.0	1	2026-05-15 19:20:59	2026-07-17 01:24:26
539	922135	E2E-RV-20260716172551	922744	B010	吹球囊成型	922285	YXN.069.001.1011	922282	YXN.069.001.1006	1.0	1	2026-05-15 19:20:57	2026-07-17 01:26:05
540	922135	E2E-RV-20260716172551	922746	B030	球囊裁剪	922285	YXN.069.001.1011	922287	YXN.069.001.1014	1.0	1	2026-05-15 19:20:57	2026-07-17 01:26:05
541	922135	E2E-RV-20260716172551	922750	B060	外管与球囊焊接	922285	YXN.069.001.1011	922280	YXN.069.001.1003	1.0	1	2026-05-15 19:20:57	2026-07-17 01:26:05
542	922135	E2E-RV-20260716172551	922752	B290	焊接圆角	922285	YXN.069.001.1011	922287	YXN.069.001.1014	1.0	1	2026-05-15 19:20:59	2026-07-17 01:26:05
543	922135	E2E-RV-20260716172551	922753	B210	焊接远端锥度	922285	YXN.069.001.1011	922280	YXN.069.001.1003	1.0	1	2026-05-15 19:20:58	2026-07-17 01:26:05
544	922135	E2E-RV-20260716172551	922754	B070	外管切缝	922285	YXN.069.001.1011	922287	YXN.069.001.1014	1.0	1	2026-05-15 19:20:57	2026-07-17 01:26:05
545	922135	E2E-RV-20260716172551	922755	B080	穿显影环	922285	YXN.069.001.1011	922282	YXN.069.001.1006	1.0	1	2026-05-15 19:20:57	2026-07-17 01:26:05
546	922135	E2E-RV-20260716172551	922756	B090	压显影环	922285	YXN.069.001.1011	922281	YXN.069.001.1013	1.0	1	2026-05-15 19:20:57	2026-07-17 01:26:05
547	922135	E2E-RV-20260716172551	922758	B220	快速交换口焊接	922285	YXN.069.001.1011	922280	YXN.069.001.1003	1.0	1	2026-05-15 19:20:58	2026-07-17 01:26:05
548	922135	E2E-RV-20260716172551	922759	B230	RX口检测	922285	YXN.069.001.1011	922283	YXN.069.001.1009	1.0	1	2026-05-15 19:20:58	2026-07-17 01:26:05
549	922135	E2E-RV-20260716172551	922760	B240	点胶海波管	922285	YXN.069.001.1011	922282	YXN.069.001.1006	1.0	1	2026-05-15 19:20:58	2026-07-17 01:26:05
550	922135	E2E-RV-20260716172551	922761	B250	球囊压握	922285	YXN.069.001.1011	922282	YXN.069.001.1006	1.0	1	2026-05-15 19:20:58	2026-07-17 01:26:05
551	922135	E2E-RV-20260716172551	922762	B280	裁剪圆角	922285	YXN.069.001.1011	922281	YXN.069.001.1013	1.0	1	2026-05-15 19:20:59	2026-07-17 01:26:05
552	922135	E2E-RV-20260716172551	922763	B310	球囊盘管（机器）	922285	YXN.069.001.1011	922287	YXN.069.001.1014	1.0	1	2026-05-15 19:20:59	2026-07-17 01:26:05
553	922135	E2E-RV-20260716172551	922764	B320	球囊测漏及全检	922285	YXN.069.001.1011	922280	YXN.069.001.1003	1.0	1	2026-05-15 19:20:59	2026-07-17 01:26:05
554	922135	E2E-RV-20260716172551	922765	PROC-XLSX-00001	外管拉伸2	922285	YXN.069.001.1011	922287	YXN.069.001.1014	1.0	1	2026-05-15 19:20:57	2026-07-17 01:26:05
555	922135	E2E-RV-20260716172551	922766	PROC-XLSX-00002	内管拉伸2	922285	YXN.069.001.1011	922280	YXN.069.001.1003	1.0	1	2026-05-15 19:20:57	2026-07-17 01:26:05
556	922135	E2E-RV-20260716172551	922774	PROC-XLSX-00010	棘突丝拉伸2	922285	YXN.069.001.1011	922283	YXN.069.001.1009	1.0	1	2026-05-15 19:20:57	2026-07-17 01:26:05
557	922135	E2E-RV-20260716172551	922775	PROC-XLSX-00011	棘突丝切割	922285	YXN.069.001.1011	922282	YXN.069.001.1006	1.0	1	2026-05-15 19:20:57	2026-07-17 01:26:05
558	922135	E2E-RV-20260716172551	922776	PROC-XLSX-00012	棘突远端焊接	922285	YXN.069.001.1011	922281	YXN.069.001.1013	1.0	1	2026-05-15 19:20:57	2026-07-17 01:26:05
559	922135	E2E-RV-20260716172551	922777	PROC-XLSX-00013	棘突远端塑型	922285	YXN.069.001.1011	922287	YXN.069.001.1014	1.0	1	2026-05-15 19:20:58	2026-07-17 01:26:05
560	922135	E2E-RV-20260716172551	922778	PROC-XLSX-00014	棘突近端焊接	922285	YXN.069.001.1011	922283	YXN.069.001.1009	1.0	1	2026-05-15 19:20:58	2026-07-17 01:26:05
561	922135	E2E-RV-20260716172551	922779	Z2975	棘突TPU 套管粘接	922285	YXN.069.001.1011	922281	YXN.069.001.1013	1.0	1	2026-05-15 19:20:58	2026-07-17 01:26:05
562	922135	E2E-RV-20260716172551	922780	Z2774	棘突远端锥度焊接	922285	YXN.069.001.1011	922280	YXN.069.001.1003	1.0	1	2026-05-15 19:20:58	2026-07-17 01:26:05
563	922135	E2E-RV-20260716172551	922781	Z2773	棘突近端粘接	922285	YXN.069.001.1011	922283	YXN.069.001.1009	1.0	1	2026-05-15 19:20:58	2026-07-17 01:26:05
564	922135	E2E-RV-20260716172551	922782	Z2776	棘突球囊涂层	922285	YXN.069.001.1011	922282	YXN.069.001.1006	1.0	1	2026-05-15 19:20:59	2026-07-17 01:26:05
565	922136	E2E-RV-20260716172730	922744	B010	吹球囊成型	922285	YXN.069.001.1011	922282	YXN.069.001.1006	1.0	1	2026-05-15 19:20:57	2026-07-17 01:27:45
566	922136	E2E-RV-20260716172730	922746	B030	球囊裁剪	922285	YXN.069.001.1011	922287	YXN.069.001.1014	1.0	1	2026-05-15 19:20:57	2026-07-17 01:27:45
567	922136	E2E-RV-20260716172730	922750	B060	外管与球囊焊接	922285	YXN.069.001.1011	922280	YXN.069.001.1003	1.0	1	2026-05-15 19:20:57	2026-07-17 01:27:45
568	922136	E2E-RV-20260716172730	922752	B290	焊接圆角	922285	YXN.069.001.1011	922287	YXN.069.001.1014	1.0	1	2026-05-15 19:20:59	2026-07-17 01:27:45
569	922136	E2E-RV-20260716172730	922753	B210	焊接远端锥度	922285	YXN.069.001.1011	922280	YXN.069.001.1003	1.0	1	2026-05-15 19:20:58	2026-07-17 01:27:45
570	922136	E2E-RV-20260716172730	922754	B070	外管切缝	922285	YXN.069.001.1011	922287	YXN.069.001.1014	1.0	1	2026-05-15 19:20:57	2026-07-17 01:27:45
571	922136	E2E-RV-20260716172730	922755	B080	穿显影环	922285	YXN.069.001.1011	922282	YXN.069.001.1006	1.0	1	2026-05-15 19:20:57	2026-07-17 01:27:45
572	922136	E2E-RV-20260716172730	922756	B090	压显影环	922285	YXN.069.001.1011	922281	YXN.069.001.1013	1.0	1	2026-05-15 19:20:57	2026-07-17 01:27:45
573	922136	E2E-RV-20260716172730	922758	B220	快速交换口焊接	922285	YXN.069.001.1011	922280	YXN.069.001.1003	1.0	1	2026-05-15 19:20:58	2026-07-17 01:27:45
574	922136	E2E-RV-20260716172730	922759	B230	RX口检测	922285	YXN.069.001.1011	922283	YXN.069.001.1009	1.0	1	2026-05-15 19:20:58	2026-07-17 01:27:45
575	922136	E2E-RV-20260716172730	922760	B240	点胶海波管	922285	YXN.069.001.1011	922282	YXN.069.001.1006	1.0	1	2026-05-15 19:20:58	2026-07-17 01:27:45
576	922136	E2E-RV-20260716172730	922761	B250	球囊压握	922285	YXN.069.001.1011	922282	YXN.069.001.1006	1.0	1	2026-05-15 19:20:58	2026-07-17 01:27:45
577	922136	E2E-RV-20260716172730	922762	B280	裁剪圆角	922285	YXN.069.001.1011	922281	YXN.069.001.1013	1.0	1	2026-05-15 19:20:59	2026-07-17 01:27:45
578	922136	E2E-RV-20260716172730	922763	B310	球囊盘管（机器）	922285	YXN.069.001.1011	922287	YXN.069.001.1014	1.0	1	2026-05-15 19:20:59	2026-07-17 01:27:45
579	922136	E2E-RV-20260716172730	922764	B320	球囊测漏及全检	922285	YXN.069.001.1011	922280	YXN.069.001.1003	1.0	1	2026-05-15 19:20:59	2026-07-17 01:27:45
580	922136	E2E-RV-20260716172730	922765	PROC-XLSX-00001	外管拉伸2	922285	YXN.069.001.1011	922287	YXN.069.001.1014	1.0	1	2026-05-15 19:20:57	2026-07-17 01:27:45
581	922136	E2E-RV-20260716172730	922766	PROC-XLSX-00002	内管拉伸2	922285	YXN.069.001.1011	922280	YXN.069.001.1003	1.0	1	2026-05-15 19:20:57	2026-07-17 01:27:45
582	922136	E2E-RV-20260716172730	922774	PROC-XLSX-00010	棘突丝拉伸2	922285	YXN.069.001.1011	922283	YXN.069.001.1009	1.0	1	2026-05-15 19:20:57	2026-07-17 01:27:45
583	922136	E2E-RV-20260716172730	922775	PROC-XLSX-00011	棘突丝切割	922285	YXN.069.001.1011	922282	YXN.069.001.1006	1.0	1	2026-05-15 19:20:57	2026-07-17 01:27:45
584	922136	E2E-RV-20260716172730	922776	PROC-XLSX-00012	棘突远端焊接	922285	YXN.069.001.1011	922281	YXN.069.001.1013	1.0	1	2026-05-15 19:20:57	2026-07-17 01:27:45
585	922136	E2E-RV-20260716172730	922777	PROC-XLSX-00013	棘突远端塑型	922285	YXN.069.001.1011	922287	YXN.069.001.1014	1.0	1	2026-05-15 19:20:58	2026-07-17 01:27:45
586	922136	E2E-RV-20260716172730	922778	PROC-XLSX-00014	棘突近端焊接	922285	YXN.069.001.1011	922283	YXN.069.001.1009	1.0	1	2026-05-15 19:20:58	2026-07-17 01:27:45
587	922136	E2E-RV-20260716172730	922779	Z2975	棘突TPU 套管粘接	922285	YXN.069.001.1011	922281	YXN.069.001.1013	1.0	1	2026-05-15 19:20:58	2026-07-17 01:27:45
588	922136	E2E-RV-20260716172730	922780	Z2774	棘突远端锥度焊接	922285	YXN.069.001.1011	922280	YXN.069.001.1003	1.0	1	2026-05-15 19:20:58	2026-07-17 01:27:45
589	922136	E2E-RV-20260716172730	922781	Z2773	棘突近端粘接	922285	YXN.069.001.1011	922283	YXN.069.001.1009	1.0	1	2026-05-15 19:20:58	2026-07-17 01:27:45
590	922136	E2E-RV-20260716172730	922782	Z2776	棘突球囊涂层	922285	YXN.069.001.1011	922282	YXN.069.001.1006	1.0	1	2026-05-15 19:20:59	2026-07-17 01:27:45
591	922137	E2E-RV-20260716173441	922744	B010	吹球囊成型	922285	YXN.069.001.1011	922282	YXN.069.001.1006	1.0	1	2026-05-15 19:20:57	2026-07-17 01:34:59
592	922137	E2E-RV-20260716173441	922746	B030	球囊裁剪	922285	YXN.069.001.1011	922287	YXN.069.001.1014	1.0	1	2026-05-15 19:20:57	2026-07-17 01:34:59
593	922137	E2E-RV-20260716173441	922750	B060	外管与球囊焊接	922285	YXN.069.001.1011	922280	YXN.069.001.1003	1.0	1	2026-05-15 19:20:57	2026-07-17 01:34:59
594	922137	E2E-RV-20260716173441	922752	B290	焊接圆角	922285	YXN.069.001.1011	922287	YXN.069.001.1014	1.0	1	2026-05-15 19:20:59	2026-07-17 01:34:59
595	922137	E2E-RV-20260716173441	922753	B210	焊接远端锥度	922285	YXN.069.001.1011	922280	YXN.069.001.1003	1.0	1	2026-05-15 19:20:58	2026-07-17 01:34:59
596	922137	E2E-RV-20260716173441	922754	B070	外管切缝	922285	YXN.069.001.1011	922287	YXN.069.001.1014	1.0	1	2026-05-15 19:20:57	2026-07-17 01:34:59
597	922137	E2E-RV-20260716173441	922755	B080	穿显影环	922285	YXN.069.001.1011	922282	YXN.069.001.1006	1.0	1	2026-05-15 19:20:57	2026-07-17 01:34:59
598	922137	E2E-RV-20260716173441	922756	B090	压显影环	922285	YXN.069.001.1011	922281	YXN.069.001.1013	1.0	1	2026-05-15 19:20:57	2026-07-17 01:34:59
599	922137	E2E-RV-20260716173441	922758	B220	快速交换口焊接	922285	YXN.069.001.1011	922280	YXN.069.001.1003	1.0	1	2026-05-15 19:20:58	2026-07-17 01:34:59
600	922137	E2E-RV-20260716173441	922759	B230	RX口检测	922285	YXN.069.001.1011	922283	YXN.069.001.1009	1.0	1	2026-05-15 19:20:58	2026-07-17 01:34:59
601	922137	E2E-RV-20260716173441	922760	B240	点胶海波管	922285	YXN.069.001.1011	922282	YXN.069.001.1006	1.0	1	2026-05-15 19:20:58	2026-07-17 01:34:59
602	922137	E2E-RV-20260716173441	922761	B250	球囊压握	922285	YXN.069.001.1011	922282	YXN.069.001.1006	1.0	1	2026-05-15 19:20:58	2026-07-17 01:34:59
603	922137	E2E-RV-20260716173441	922762	B280	裁剪圆角	922285	YXN.069.001.1011	922281	YXN.069.001.1013	1.0	1	2026-05-15 19:20:59	2026-07-17 01:34:59
604	922137	E2E-RV-20260716173441	922763	B310	球囊盘管（机器）	922285	YXN.069.001.1011	922287	YXN.069.001.1014	1.0	1	2026-05-15 19:20:59	2026-07-17 01:34:59
605	922137	E2E-RV-20260716173441	922764	B320	球囊测漏及全检	922285	YXN.069.001.1011	922280	YXN.069.001.1003	1.0	1	2026-05-15 19:20:59	2026-07-17 01:34:59
606	922137	E2E-RV-20260716173441	922765	PROC-XLSX-00001	外管拉伸2	922285	YXN.069.001.1011	922287	YXN.069.001.1014	1.0	1	2026-05-15 19:20:57	2026-07-17 01:34:59
607	922137	E2E-RV-20260716173441	922766	PROC-XLSX-00002	内管拉伸2	922285	YXN.069.001.1011	922280	YXN.069.001.1003	1.0	1	2026-05-15 19:20:57	2026-07-17 01:34:59
608	922137	E2E-RV-20260716173441	922774	PROC-XLSX-00010	棘突丝拉伸2	922285	YXN.069.001.1011	922283	YXN.069.001.1009	1.0	1	2026-05-15 19:20:57	2026-07-17 01:34:59
609	922137	E2E-RV-20260716173441	922775	PROC-XLSX-00011	棘突丝切割	922285	YXN.069.001.1011	922282	YXN.069.001.1006	1.0	1	2026-05-15 19:20:57	2026-07-17 01:34:59
610	922137	E2E-RV-20260716173441	922776	PROC-XLSX-00012	棘突远端焊接	922285	YXN.069.001.1011	922281	YXN.069.001.1013	1.0	1	2026-05-15 19:20:57	2026-07-17 01:34:59
611	922137	E2E-RV-20260716173441	922777	PROC-XLSX-00013	棘突远端塑型	922285	YXN.069.001.1011	922287	YXN.069.001.1014	1.0	1	2026-05-15 19:20:58	2026-07-17 01:34:59
612	922137	E2E-RV-20260716173441	922778	PROC-XLSX-00014	棘突近端焊接	922285	YXN.069.001.1011	922283	YXN.069.001.1009	1.0	1	2026-05-15 19:20:58	2026-07-17 01:34:59
613	922137	E2E-RV-20260716173441	922779	Z2975	棘突TPU 套管粘接	922285	YXN.069.001.1011	922281	YXN.069.001.1013	1.0	1	2026-05-15 19:20:58	2026-07-17 01:34:59
614	922137	E2E-RV-20260716173441	922780	Z2774	棘突远端锥度焊接	922285	YXN.069.001.1011	922280	YXN.069.001.1003	1.0	1	2026-05-15 19:20:58	2026-07-17 01:34:59
615	922137	E2E-RV-20260716173441	922781	Z2773	棘突近端粘接	922285	YXN.069.001.1011	922283	YXN.069.001.1009	1.0	1	2026-05-15 19:20:58	2026-07-17 01:34:59
616	922137	E2E-RV-20260716173441	922782	Z2776	棘突球囊涂层	922285	YXN.069.001.1011	922282	YXN.069.001.1006	1.0	1	2026-05-15 19:20:59	2026-07-17 01:34:59
643	922145	E2E-RV-20260719041416	922744	B010	吹球囊成型	922285	YXN.069.001.1011	922282	YXN.069.001.1006	1.0	1	2026-05-15 19:20:57	2026-07-19 12:15:55
644	922145	E2E-RV-20260719041416	922746	B030	球囊裁剪	922285	YXN.069.001.1011	922287	YXN.069.001.1014	1.0	1	2026-05-15 19:20:57	2026-07-19 12:15:55
645	922145	E2E-RV-20260719041416	922750	B060	外管与球囊焊接	922285	YXN.069.001.1011	922280	YXN.069.001.1003	1.0	1	2026-05-15 19:20:57	2026-07-19 12:15:55
646	922145	E2E-RV-20260719041416	922752	B290	焊接圆角	922285	YXN.069.001.1011	922287	YXN.069.001.1014	1.0	1	2026-05-15 19:20:59	2026-07-19 12:15:55
647	922145	E2E-RV-20260719041416	922753	B210	焊接远端锥度	922285	YXN.069.001.1011	922280	YXN.069.001.1003	1.0	1	2026-05-15 19:20:58	2026-07-19 12:15:55
648	922145	E2E-RV-20260719041416	922754	B070	外管切缝	922285	YXN.069.001.1011	922287	YXN.069.001.1014	1.0	1	2026-05-15 19:20:57	2026-07-19 12:15:55
649	922145	E2E-RV-20260719041416	922755	B080	穿显影环	922285	YXN.069.001.1011	922282	YXN.069.001.1006	1.0	1	2026-05-15 19:20:57	2026-07-19 12:15:55
650	922145	E2E-RV-20260719041416	922756	B090	压显影环	922285	YXN.069.001.1011	922281	YXN.069.001.1013	1.0	1	2026-05-15 19:20:57	2026-07-19 12:15:55
651	922145	E2E-RV-20260719041416	922758	B220	快速交换口焊接	922285	YXN.069.001.1011	922280	YXN.069.001.1003	1.0	1	2026-05-15 19:20:58	2026-07-19 12:15:55
652	922145	E2E-RV-20260719041416	922759	B230	RX口检测	922285	YXN.069.001.1011	922283	YXN.069.001.1009	1.0	1	2026-05-15 19:20:58	2026-07-19 12:15:55
653	922145	E2E-RV-20260719041416	922760	B240	点胶海波管	922285	YXN.069.001.1011	922282	YXN.069.001.1006	1.0	1	2026-05-15 19:20:58	2026-07-19 12:15:55
654	922145	E2E-RV-20260719041416	922761	B250	球囊压握	922285	YXN.069.001.1011	922282	YXN.069.001.1006	1.0	1	2026-05-15 19:20:58	2026-07-19 12:15:55
655	922145	E2E-RV-20260719041416	922762	B280	裁剪圆角	922285	YXN.069.001.1011	922281	YXN.069.001.1013	1.0	1	2026-05-15 19:20:59	2026-07-19 12:15:55
656	922145	E2E-RV-20260719041416	922763	B310	球囊盘管（机器）	922285	YXN.069.001.1011	922287	YXN.069.001.1014	1.0	1	2026-05-15 19:20:59	2026-07-19 12:15:55
657	922145	E2E-RV-20260719041416	922764	B320	球囊测漏及全检	922285	YXN.069.001.1011	922280	YXN.069.001.1003	1.0	1	2026-05-15 19:20:59	2026-07-19 12:15:55
658	922145	E2E-RV-20260719041416	922765	PROC-XLSX-00001	外管拉伸2	922285	YXN.069.001.1011	922287	YXN.069.001.1014	1.0	1	2026-05-15 19:20:57	2026-07-19 12:15:55
659	922145	E2E-RV-20260719041416	922766	PROC-XLSX-00002	内管拉伸2	922285	YXN.069.001.1011	922280	YXN.069.001.1003	1.0	1	2026-05-15 19:20:57	2026-07-19 12:15:55
660	922145	E2E-RV-20260719041416	922774	PROC-XLSX-00010	棘突丝拉伸2	922285	YXN.069.001.1011	922283	YXN.069.001.1009	1.0	1	2026-05-15 19:20:57	2026-07-19 12:15:55
661	922145	E2E-RV-20260719041416	922775	PROC-XLSX-00011	棘突丝切割	922285	YXN.069.001.1011	922282	YXN.069.001.1006	1.0	1	2026-05-15 19:20:57	2026-07-19 12:15:55
662	922145	E2E-RV-20260719041416	922776	PROC-XLSX-00012	棘突远端焊接	922285	YXN.069.001.1011	922281	YXN.069.001.1013	1.0	1	2026-05-15 19:20:57	2026-07-19 12:15:55
663	922145	E2E-RV-20260719041416	922777	PROC-XLSX-00013	棘突远端塑型	922285	YXN.069.001.1011	922287	YXN.069.001.1014	1.0	1	2026-05-15 19:20:58	2026-07-19 12:15:55
664	922145	E2E-RV-20260719041416	922778	PROC-XLSX-00014	棘突近端焊接	922285	YXN.069.001.1011	922283	YXN.069.001.1009	1.0	1	2026-05-15 19:20:58	2026-07-19 12:15:55
665	922145	E2E-RV-20260719041416	922779	Z2975	棘突TPU 套管粘接	922285	YXN.069.001.1011	922281	YXN.069.001.1013	1.0	1	2026-05-15 19:20:58	2026-07-19 12:15:55
666	922145	E2E-RV-20260719041416	922780	Z2774	棘突远端锥度焊接	922285	YXN.069.001.1011	922280	YXN.069.001.1003	1.0	1	2026-05-15 19:20:58	2026-07-19 12:15:55
667	922145	E2E-RV-20260719041416	922781	Z2773	棘突近端粘接	922285	YXN.069.001.1011	922283	YXN.069.001.1009	1.0	1	2026-05-15 19:20:58	2026-07-19 12:15:55
668	922145	E2E-RV-20260719041416	922782	Z2776	棘突球囊涂层	922285	YXN.069.001.1011	922282	YXN.069.001.1006	1.0	1	2026-05-15 19:20:59	2026-07-19 12:15:55
669	922146	E2E-RV-20260719041715	922744	B010	吹球囊成型	922285	YXN.069.001.1011	922282	YXN.069.001.1006	1.0	1	2026-05-15 19:20:57	2026-07-19 12:17:23
670	922146	E2E-RV-20260719041715	922746	B030	球囊裁剪	922285	YXN.069.001.1011	922287	YXN.069.001.1014	1.0	1	2026-05-15 19:20:57	2026-07-19 12:17:23
671	922146	E2E-RV-20260719041715	922750	B060	外管与球囊焊接	922285	YXN.069.001.1011	922280	YXN.069.001.1003	1.0	1	2026-05-15 19:20:57	2026-07-19 12:17:23
672	922146	E2E-RV-20260719041715	922752	B290	焊接圆角	922285	YXN.069.001.1011	922287	YXN.069.001.1014	1.0	1	2026-05-15 19:20:59	2026-07-19 12:17:23
673	922146	E2E-RV-20260719041715	922753	B210	焊接远端锥度	922285	YXN.069.001.1011	922280	YXN.069.001.1003	1.0	1	2026-05-15 19:20:58	2026-07-19 12:17:23
674	922146	E2E-RV-20260719041715	922754	B070	外管切缝	922285	YXN.069.001.1011	922287	YXN.069.001.1014	1.0	1	2026-05-15 19:20:57	2026-07-19 12:17:23
675	922146	E2E-RV-20260719041715	922755	B080	穿显影环	922285	YXN.069.001.1011	922282	YXN.069.001.1006	1.0	1	2026-05-15 19:20:57	2026-07-19 12:17:23
676	922146	E2E-RV-20260719041715	922756	B090	压显影环	922285	YXN.069.001.1011	922281	YXN.069.001.1013	1.0	1	2026-05-15 19:20:57	2026-07-19 12:17:23
677	922146	E2E-RV-20260719041715	922758	B220	快速交换口焊接	922285	YXN.069.001.1011	922280	YXN.069.001.1003	1.0	1	2026-05-15 19:20:58	2026-07-19 12:17:23
678	922146	E2E-RV-20260719041715	922759	B230	RX口检测	922285	YXN.069.001.1011	922283	YXN.069.001.1009	1.0	1	2026-05-15 19:20:58	2026-07-19 12:17:23
679	922146	E2E-RV-20260719041715	922760	B240	点胶海波管	922285	YXN.069.001.1011	922282	YXN.069.001.1006	1.0	1	2026-05-15 19:20:58	2026-07-19 12:17:23
680	922146	E2E-RV-20260719041715	922761	B250	球囊压握	922285	YXN.069.001.1011	922282	YXN.069.001.1006	1.0	1	2026-05-15 19:20:58	2026-07-19 12:17:23
681	922146	E2E-RV-20260719041715	922762	B280	裁剪圆角	922285	YXN.069.001.1011	922281	YXN.069.001.1013	1.0	1	2026-05-15 19:20:59	2026-07-19 12:17:23
682	922146	E2E-RV-20260719041715	922763	B310	球囊盘管（机器）	922285	YXN.069.001.1011	922287	YXN.069.001.1014	1.0	1	2026-05-15 19:20:59	2026-07-19 12:17:23
683	922146	E2E-RV-20260719041715	922764	B320	球囊测漏及全检	922285	YXN.069.001.1011	922280	YXN.069.001.1003	1.0	1	2026-05-15 19:20:59	2026-07-19 12:17:23
684	922146	E2E-RV-20260719041715	922765	PROC-XLSX-00001	外管拉伸2	922285	YXN.069.001.1011	922287	YXN.069.001.1014	1.0	1	2026-05-15 19:20:57	2026-07-19 12:17:23
685	922146	E2E-RV-20260719041715	922766	PROC-XLSX-00002	内管拉伸2	922285	YXN.069.001.1011	922280	YXN.069.001.1003	1.0	1	2026-05-15 19:20:57	2026-07-19 12:17:23
686	922146	E2E-RV-20260719041715	922774	PROC-XLSX-00010	棘突丝拉伸2	922285	YXN.069.001.1011	922283	YXN.069.001.1009	1.0	1	2026-05-15 19:20:57	2026-07-19 12:17:23
687	922146	E2E-RV-20260719041715	922775	PROC-XLSX-00011	棘突丝切割	922285	YXN.069.001.1011	922282	YXN.069.001.1006	1.0	1	2026-05-15 19:20:57	2026-07-19 12:17:23
688	922146	E2E-RV-20260719041715	922776	PROC-XLSX-00012	棘突远端焊接	922285	YXN.069.001.1011	922281	YXN.069.001.1013	1.0	1	2026-05-15 19:20:57	2026-07-19 12:17:23
689	922146	E2E-RV-20260719041715	922777	PROC-XLSX-00013	棘突远端塑型	922285	YXN.069.001.1011	922287	YXN.069.001.1014	1.0	1	2026-05-15 19:20:58	2026-07-19 12:17:23
690	922146	E2E-RV-20260719041715	922778	PROC-XLSX-00014	棘突近端焊接	922285	YXN.069.001.1011	922283	YXN.069.001.1009	1.0	1	2026-05-15 19:20:58	2026-07-19 12:17:23
691	922146	E2E-RV-20260719041715	922779	Z2975	棘突TPU 套管粘接	922285	YXN.069.001.1011	922281	YXN.069.001.1013	1.0	1	2026-05-15 19:20:58	2026-07-19 12:17:23
692	922146	E2E-RV-20260719041715	922780	Z2774	棘突远端锥度焊接	922285	YXN.069.001.1011	922280	YXN.069.001.1003	1.0	1	2026-05-15 19:20:58	2026-07-19 12:17:23
693	922146	E2E-RV-20260719041715	922781	Z2773	棘突近端粘接	922285	YXN.069.001.1011	922283	YXN.069.001.1009	1.0	1	2026-05-15 19:20:58	2026-07-19 12:17:23
694	922146	E2E-RV-20260719041715	922782	Z2776	棘突球囊涂层	922285	YXN.069.001.1011	922282	YXN.069.001.1006	1.0	1	2026-05-15 19:20:59	2026-07-19 12:17:23
695	922147	E2E-RV-20260719043648	922744	B010	吹球囊成型	922285	YXN.069.001.1011	922282	YXN.069.001.1006	1.0	1	2026-05-15 19:20:57	2026-07-19 12:37:08
696	922147	E2E-RV-20260719043648	922746	B030	球囊裁剪	922285	YXN.069.001.1011	922287	YXN.069.001.1014	1.0	1	2026-05-15 19:20:57	2026-07-19 12:37:08
697	922147	E2E-RV-20260719043648	922750	B060	外管与球囊焊接	922285	YXN.069.001.1011	922280	YXN.069.001.1003	1.0	1	2026-05-15 19:20:57	2026-07-19 12:37:08
698	922147	E2E-RV-20260719043648	922752	B290	焊接圆角	922285	YXN.069.001.1011	922287	YXN.069.001.1014	1.0	1	2026-05-15 19:20:59	2026-07-19 12:37:08
699	922147	E2E-RV-20260719043648	922753	B210	焊接远端锥度	922285	YXN.069.001.1011	922280	YXN.069.001.1003	1.0	1	2026-05-15 19:20:58	2026-07-19 12:37:08
700	922147	E2E-RV-20260719043648	922754	B070	外管切缝	922285	YXN.069.001.1011	922287	YXN.069.001.1014	1.0	1	2026-05-15 19:20:57	2026-07-19 12:37:08
701	922147	E2E-RV-20260719043648	922755	B080	穿显影环	922285	YXN.069.001.1011	922282	YXN.069.001.1006	1.0	1	2026-05-15 19:20:57	2026-07-19 12:37:08
702	922147	E2E-RV-20260719043648	922756	B090	压显影环	922285	YXN.069.001.1011	922281	YXN.069.001.1013	1.0	1	2026-05-15 19:20:57	2026-07-19 12:37:08
703	922147	E2E-RV-20260719043648	922758	B220	快速交换口焊接	922285	YXN.069.001.1011	922280	YXN.069.001.1003	1.0	1	2026-05-15 19:20:58	2026-07-19 12:37:08
704	922147	E2E-RV-20260719043648	922759	B230	RX口检测	922285	YXN.069.001.1011	922283	YXN.069.001.1009	1.0	1	2026-05-15 19:20:58	2026-07-19 12:37:08
705	922147	E2E-RV-20260719043648	922760	B240	点胶海波管	922285	YXN.069.001.1011	922282	YXN.069.001.1006	1.0	1	2026-05-15 19:20:58	2026-07-19 12:37:08
706	922147	E2E-RV-20260719043648	922761	B250	球囊压握	922285	YXN.069.001.1011	922282	YXN.069.001.1006	1.0	1	2026-05-15 19:20:58	2026-07-19 12:37:08
707	922147	E2E-RV-20260719043648	922762	B280	裁剪圆角	922285	YXN.069.001.1011	922281	YXN.069.001.1013	1.0	1	2026-05-15 19:20:59	2026-07-19 12:37:08
708	922147	E2E-RV-20260719043648	922763	B310	球囊盘管（机器）	922285	YXN.069.001.1011	922287	YXN.069.001.1014	1.0	1	2026-05-15 19:20:59	2026-07-19 12:37:08
709	922147	E2E-RV-20260719043648	922764	B320	球囊测漏及全检	922285	YXN.069.001.1011	922280	YXN.069.001.1003	1.0	1	2026-05-15 19:20:59	2026-07-19 12:37:08
710	922147	E2E-RV-20260719043648	922765	PROC-XLSX-00001	外管拉伸2	922285	YXN.069.001.1011	922287	YXN.069.001.1014	1.0	1	2026-05-15 19:20:57	2026-07-19 12:37:08
711	922147	E2E-RV-20260719043648	922766	PROC-XLSX-00002	内管拉伸2	922285	YXN.069.001.1011	922280	YXN.069.001.1003	1.0	1	2026-05-15 19:20:57	2026-07-19 12:37:08
712	922147	E2E-RV-20260719043648	922774	PROC-XLSX-00010	棘突丝拉伸2	922285	YXN.069.001.1011	922283	YXN.069.001.1009	1.0	1	2026-05-15 19:20:57	2026-07-19 12:37:08
713	922147	E2E-RV-20260719043648	922775	PROC-XLSX-00011	棘突丝切割	922285	YXN.069.001.1011	922282	YXN.069.001.1006	1.0	1	2026-05-15 19:20:57	2026-07-19 12:37:08
714	922147	E2E-RV-20260719043648	922776	PROC-XLSX-00012	棘突远端焊接	922285	YXN.069.001.1011	922281	YXN.069.001.1013	1.0	1	2026-05-15 19:20:57	2026-07-19 12:37:08
715	922147	E2E-RV-20260719043648	922777	PROC-XLSX-00013	棘突远端塑型	922285	YXN.069.001.1011	922287	YXN.069.001.1014	1.0	1	2026-05-15 19:20:58	2026-07-19 12:37:08
716	922147	E2E-RV-20260719043648	922778	PROC-XLSX-00014	棘突近端焊接	922285	YXN.069.001.1011	922283	YXN.069.001.1009	1.0	1	2026-05-15 19:20:58	2026-07-19 12:37:08
717	922147	E2E-RV-20260719043648	922779	Z2975	棘突TPU 套管粘接	922285	YXN.069.001.1011	922281	YXN.069.001.1013	1.0	1	2026-05-15 19:20:58	2026-07-19 12:37:08
718	922147	E2E-RV-20260719043648	922780	Z2774	棘突远端锥度焊接	922285	YXN.069.001.1011	922280	YXN.069.001.1003	1.0	1	2026-05-15 19:20:58	2026-07-19 12:37:08
719	922147	E2E-RV-20260719043648	922781	Z2773	棘突近端粘接	922285	YXN.069.001.1011	922283	YXN.069.001.1009	1.0	1	2026-05-15 19:20:58	2026-07-19 12:37:08
720	922147	E2E-RV-20260719043648	922782	Z2776	棘突球囊涂层	922285	YXN.069.001.1011	922282	YXN.069.001.1006	1.0	1	2026-05-15 19:20:59	2026-07-19 12:37:08
721	922149	E2E-RV-20260719163846	922744	B010	吹球囊成型	922285	YXN.069.001.1011	922282	YXN.069.001.1006	1.0	1	2026-05-15 19:20:57	2026-07-20 00:40:26
722	922149	E2E-RV-20260719163846	922746	B030	球囊裁剪	922285	YXN.069.001.1011	922287	YXN.069.001.1014	1.0	1	2026-05-15 19:20:57	2026-07-20 00:40:26
723	922149	E2E-RV-20260719163846	922750	B060	外管与球囊焊接	922285	YXN.069.001.1011	922280	YXN.069.001.1003	1.0	1	2026-05-15 19:20:57	2026-07-20 00:40:26
724	922149	E2E-RV-20260719163846	922752	B290	焊接圆角	922285	YXN.069.001.1011	922287	YXN.069.001.1014	1.0	1	2026-05-15 19:20:59	2026-07-20 00:40:26
725	922149	E2E-RV-20260719163846	922753	B210	焊接远端锥度	922285	YXN.069.001.1011	922280	YXN.069.001.1003	1.0	1	2026-05-15 19:20:58	2026-07-20 00:40:26
726	922149	E2E-RV-20260719163846	922754	B070	外管切缝	922285	YXN.069.001.1011	922287	YXN.069.001.1014	1.0	1	2026-05-15 19:20:57	2026-07-20 00:40:26
727	922149	E2E-RV-20260719163846	922755	B080	穿显影环	922285	YXN.069.001.1011	922282	YXN.069.001.1006	1.0	1	2026-05-15 19:20:57	2026-07-20 00:40:26
728	922149	E2E-RV-20260719163846	922756	B090	压显影环	922285	YXN.069.001.1011	922281	YXN.069.001.1013	1.0	1	2026-05-15 19:20:57	2026-07-20 00:40:26
729	922149	E2E-RV-20260719163846	922758	B220	快速交换口焊接	922285	YXN.069.001.1011	922280	YXN.069.001.1003	1.0	1	2026-05-15 19:20:58	2026-07-20 00:40:26
730	922149	E2E-RV-20260719163846	922759	B230	RX口检测	922285	YXN.069.001.1011	922283	YXN.069.001.1009	1.0	1	2026-05-15 19:20:58	2026-07-20 00:40:26
731	922149	E2E-RV-20260719163846	922760	B240	点胶海波管	922285	YXN.069.001.1011	922282	YXN.069.001.1006	1.0	1	2026-05-15 19:20:58	2026-07-20 00:40:26
732	922149	E2E-RV-20260719163846	922761	B250	球囊压握	922285	YXN.069.001.1011	922282	YXN.069.001.1006	1.0	1	2026-05-15 19:20:58	2026-07-20 00:40:26
733	922149	E2E-RV-20260719163846	922762	B280	裁剪圆角	922285	YXN.069.001.1011	922281	YXN.069.001.1013	1.0	1	2026-05-15 19:20:59	2026-07-20 00:40:26
734	922149	E2E-RV-20260719163846	922763	B310	球囊盘管（机器）	922285	YXN.069.001.1011	922287	YXN.069.001.1014	1.0	1	2026-05-15 19:20:59	2026-07-20 00:40:26
735	922149	E2E-RV-20260719163846	922764	B320	球囊测漏及全检	922285	YXN.069.001.1011	922280	YXN.069.001.1003	1.0	1	2026-05-15 19:20:59	2026-07-20 00:40:26
736	922149	E2E-RV-20260719163846	922765	PROC-XLSX-00001	外管拉伸2	922285	YXN.069.001.1011	922287	YXN.069.001.1014	1.0	1	2026-05-15 19:20:57	2026-07-20 00:40:26
737	922149	E2E-RV-20260719163846	922766	PROC-XLSX-00002	内管拉伸2	922285	YXN.069.001.1011	922280	YXN.069.001.1003	1.0	1	2026-05-15 19:20:57	2026-07-20 00:40:26
738	922149	E2E-RV-20260719163846	922774	PROC-XLSX-00010	棘突丝拉伸2	922285	YXN.069.001.1011	922283	YXN.069.001.1009	1.0	1	2026-05-15 19:20:57	2026-07-20 00:40:26
739	922149	E2E-RV-20260719163846	922775	PROC-XLSX-00011	棘突丝切割	922285	YXN.069.001.1011	922282	YXN.069.001.1006	1.0	1	2026-05-15 19:20:57	2026-07-20 00:40:26
740	922149	E2E-RV-20260719163846	922776	PROC-XLSX-00012	棘突远端焊接	922285	YXN.069.001.1011	922281	YXN.069.001.1013	1.0	1	2026-05-15 19:20:57	2026-07-20 00:40:26
741	922149	E2E-RV-20260719163846	922777	PROC-XLSX-00013	棘突远端塑型	922285	YXN.069.001.1011	922287	YXN.069.001.1014	1.0	1	2026-05-15 19:20:58	2026-07-20 00:40:26
742	922149	E2E-RV-20260719163846	922778	PROC-XLSX-00014	棘突近端焊接	922285	YXN.069.001.1011	922283	YXN.069.001.1009	1.0	1	2026-05-15 19:20:58	2026-07-20 00:40:26
743	922149	E2E-RV-20260719163846	922779	Z2975	棘突TPU 套管粘接	922285	YXN.069.001.1011	922281	YXN.069.001.1013	1.0	1	2026-05-15 19:20:58	2026-07-20 00:40:26
744	922149	E2E-RV-20260719163846	922780	Z2774	棘突远端锥度焊接	922285	YXN.069.001.1011	922280	YXN.069.001.1003	1.0	1	2026-05-15 19:20:58	2026-07-20 00:40:26
745	922149	E2E-RV-20260719163846	922781	Z2773	棘突近端粘接	922285	YXN.069.001.1011	922283	YXN.069.001.1009	1.0	1	2026-05-15 19:20:58	2026-07-20 00:40:26
746	922149	E2E-RV-20260719163846	922782	Z2776	棘突球囊涂层	922285	YXN.069.001.1011	922282	YXN.069.001.1006	1.0	1	2026-05-15 19:20:59	2026-07-20 00:40:26
747	922150	E2E-RV-20260719164131	922744	B010	吹球囊成型	922285	YXN.069.001.1011	922282	YXN.069.001.1006	1.0	1	2026-05-15 19:20:57	2026-07-20 00:41:41
748	922150	E2E-RV-20260719164131	922746	B030	球囊裁剪	922285	YXN.069.001.1011	922287	YXN.069.001.1014	1.0	1	2026-05-15 19:20:57	2026-07-20 00:41:41
749	922150	E2E-RV-20260719164131	922750	B060	外管与球囊焊接	922285	YXN.069.001.1011	922280	YXN.069.001.1003	1.0	1	2026-05-15 19:20:57	2026-07-20 00:41:41
750	922150	E2E-RV-20260719164131	922752	B290	焊接圆角	922285	YXN.069.001.1011	922287	YXN.069.001.1014	1.0	1	2026-05-15 19:20:59	2026-07-20 00:41:41
751	922150	E2E-RV-20260719164131	922753	B210	焊接远端锥度	922285	YXN.069.001.1011	922280	YXN.069.001.1003	1.0	1	2026-05-15 19:20:58	2026-07-20 00:41:41
752	922150	E2E-RV-20260719164131	922754	B070	外管切缝	922285	YXN.069.001.1011	922287	YXN.069.001.1014	1.0	1	2026-05-15 19:20:57	2026-07-20 00:41:41
753	922150	E2E-RV-20260719164131	922755	B080	穿显影环	922285	YXN.069.001.1011	922282	YXN.069.001.1006	1.0	1	2026-05-15 19:20:57	2026-07-20 00:41:41
754	922150	E2E-RV-20260719164131	922756	B090	压显影环	922285	YXN.069.001.1011	922281	YXN.069.001.1013	1.0	1	2026-05-15 19:20:57	2026-07-20 00:41:41
755	922150	E2E-RV-20260719164131	922758	B220	快速交换口焊接	922285	YXN.069.001.1011	922280	YXN.069.001.1003	1.0	1	2026-05-15 19:20:58	2026-07-20 00:41:41
756	922150	E2E-RV-20260719164131	922759	B230	RX口检测	922285	YXN.069.001.1011	922283	YXN.069.001.1009	1.0	1	2026-05-15 19:20:58	2026-07-20 00:41:41
757	922150	E2E-RV-20260719164131	922760	B240	点胶海波管	922285	YXN.069.001.1011	922282	YXN.069.001.1006	1.0	1	2026-05-15 19:20:58	2026-07-20 00:41:41
758	922150	E2E-RV-20260719164131	922761	B250	球囊压握	922285	YXN.069.001.1011	922282	YXN.069.001.1006	1.0	1	2026-05-15 19:20:58	2026-07-20 00:41:41
759	922150	E2E-RV-20260719164131	922762	B280	裁剪圆角	922285	YXN.069.001.1011	922281	YXN.069.001.1013	1.0	1	2026-05-15 19:20:59	2026-07-20 00:41:41
760	922150	E2E-RV-20260719164131	922763	B310	球囊盘管（机器）	922285	YXN.069.001.1011	922287	YXN.069.001.1014	1.0	1	2026-05-15 19:20:59	2026-07-20 00:41:41
761	922150	E2E-RV-20260719164131	922764	B320	球囊测漏及全检	922285	YXN.069.001.1011	922280	YXN.069.001.1003	1.0	1	2026-05-15 19:20:59	2026-07-20 00:41:41
762	922150	E2E-RV-20260719164131	922765	PROC-XLSX-00001	外管拉伸2	922285	YXN.069.001.1011	922287	YXN.069.001.1014	1.0	1	2026-05-15 19:20:57	2026-07-20 00:41:41
763	922150	E2E-RV-20260719164131	922766	PROC-XLSX-00002	内管拉伸2	922285	YXN.069.001.1011	922280	YXN.069.001.1003	1.0	1	2026-05-15 19:20:57	2026-07-20 00:41:41
764	922150	E2E-RV-20260719164131	922774	PROC-XLSX-00010	棘突丝拉伸2	922285	YXN.069.001.1011	922283	YXN.069.001.1009	1.0	1	2026-05-15 19:20:57	2026-07-20 00:41:41
765	922150	E2E-RV-20260719164131	922775	PROC-XLSX-00011	棘突丝切割	922285	YXN.069.001.1011	922282	YXN.069.001.1006	1.0	1	2026-05-15 19:20:57	2026-07-20 00:41:41
766	922150	E2E-RV-20260719164131	922776	PROC-XLSX-00012	棘突远端焊接	922285	YXN.069.001.1011	922281	YXN.069.001.1013	1.0	1	2026-05-15 19:20:57	2026-07-20 00:41:41
767	922150	E2E-RV-20260719164131	922777	PROC-XLSX-00013	棘突远端塑型	922285	YXN.069.001.1011	922287	YXN.069.001.1014	1.0	1	2026-05-15 19:20:58	2026-07-20 00:41:41
768	922150	E2E-RV-20260719164131	922778	PROC-XLSX-00014	棘突近端焊接	922285	YXN.069.001.1011	922283	YXN.069.001.1009	1.0	1	2026-05-15 19:20:58	2026-07-20 00:41:41
769	922150	E2E-RV-20260719164131	922779	Z2975	棘突TPU 套管粘接	922285	YXN.069.001.1011	922281	YXN.069.001.1013	1.0	1	2026-05-15 19:20:58	2026-07-20 00:41:41
770	922150	E2E-RV-20260719164131	922780	Z2774	棘突远端锥度焊接	922285	YXN.069.001.1011	922280	YXN.069.001.1003	1.0	1	2026-05-15 19:20:58	2026-07-20 00:41:41
771	922150	E2E-RV-20260719164131	922781	Z2773	棘突近端粘接	922285	YXN.069.001.1011	922283	YXN.069.001.1009	1.0	1	2026-05-15 19:20:58	2026-07-20 00:41:41
772	922150	E2E-RV-20260719164131	922782	Z2776	棘突球囊涂层	922285	YXN.069.001.1011	922282	YXN.069.001.1006	1.0	1	2026-05-15 19:20:59	2026-07-20 00:41:41
773	922151	E2E-RV-20260719171139	922744	B010	吹球囊成型	922285	YXN.069.001.1011	922282	YXN.069.001.1006	1.0	1	2026-05-15 19:20:57	2026-07-20 01:11:49
774	922151	E2E-RV-20260719171139	922746	B030	球囊裁剪	922285	YXN.069.001.1011	922287	YXN.069.001.1014	1.0	1	2026-05-15 19:20:57	2026-07-20 01:11:49
775	922151	E2E-RV-20260719171139	922750	B060	外管与球囊焊接	922285	YXN.069.001.1011	922280	YXN.069.001.1003	1.0	1	2026-05-15 19:20:57	2026-07-20 01:11:49
776	922151	E2E-RV-20260719171139	922752	B290	焊接圆角	922285	YXN.069.001.1011	922287	YXN.069.001.1014	1.0	1	2026-05-15 19:20:59	2026-07-20 01:11:49
777	922151	E2E-RV-20260719171139	922753	B210	焊接远端锥度	922285	YXN.069.001.1011	922280	YXN.069.001.1003	1.0	1	2026-05-15 19:20:58	2026-07-20 01:11:49
778	922151	E2E-RV-20260719171139	922754	B070	外管切缝	922285	YXN.069.001.1011	922287	YXN.069.001.1014	1.0	1	2026-05-15 19:20:57	2026-07-20 01:11:49
779	922151	E2E-RV-20260719171139	922755	B080	穿显影环	922285	YXN.069.001.1011	922282	YXN.069.001.1006	1.0	1	2026-05-15 19:20:57	2026-07-20 01:11:49
780	922151	E2E-RV-20260719171139	922756	B090	压显影环	922285	YXN.069.001.1011	922281	YXN.069.001.1013	1.0	1	2026-05-15 19:20:57	2026-07-20 01:11:49
781	922151	E2E-RV-20260719171139	922758	B220	快速交换口焊接	922285	YXN.069.001.1011	922280	YXN.069.001.1003	1.0	1	2026-05-15 19:20:58	2026-07-20 01:11:49
782	922151	E2E-RV-20260719171139	922759	B230	RX口检测	922285	YXN.069.001.1011	922283	YXN.069.001.1009	1.0	1	2026-05-15 19:20:58	2026-07-20 01:11:49
783	922151	E2E-RV-20260719171139	922760	B240	点胶海波管	922285	YXN.069.001.1011	922282	YXN.069.001.1006	1.0	1	2026-05-15 19:20:58	2026-07-20 01:11:49
784	922151	E2E-RV-20260719171139	922761	B250	球囊压握	922285	YXN.069.001.1011	922282	YXN.069.001.1006	1.0	1	2026-05-15 19:20:58	2026-07-20 01:11:49
785	922151	E2E-RV-20260719171139	922762	B280	裁剪圆角	922285	YXN.069.001.1011	922281	YXN.069.001.1013	1.0	1	2026-05-15 19:20:59	2026-07-20 01:11:49
786	922151	E2E-RV-20260719171139	922763	B310	球囊盘管（机器）	922285	YXN.069.001.1011	922287	YXN.069.001.1014	1.0	1	2026-05-15 19:20:59	2026-07-20 01:11:49
787	922151	E2E-RV-20260719171139	922764	B320	球囊测漏及全检	922285	YXN.069.001.1011	922280	YXN.069.001.1003	1.0	1	2026-05-15 19:20:59	2026-07-20 01:11:49
788	922151	E2E-RV-20260719171139	922765	PROC-XLSX-00001	外管拉伸2	922285	YXN.069.001.1011	922287	YXN.069.001.1014	1.0	1	2026-05-15 19:20:57	2026-07-20 01:11:49
789	922151	E2E-RV-20260719171139	922766	PROC-XLSX-00002	内管拉伸2	922285	YXN.069.001.1011	922280	YXN.069.001.1003	1.0	1	2026-05-15 19:20:57	2026-07-20 01:11:49
790	922151	E2E-RV-20260719171139	922774	PROC-XLSX-00010	棘突丝拉伸2	922285	YXN.069.001.1011	922283	YXN.069.001.1009	1.0	1	2026-05-15 19:20:57	2026-07-20 01:11:49
791	922151	E2E-RV-20260719171139	922775	PROC-XLSX-00011	棘突丝切割	922285	YXN.069.001.1011	922282	YXN.069.001.1006	1.0	1	2026-05-15 19:20:57	2026-07-20 01:11:49
792	922151	E2E-RV-20260719171139	922776	PROC-XLSX-00012	棘突远端焊接	922285	YXN.069.001.1011	922281	YXN.069.001.1013	1.0	1	2026-05-15 19:20:57	2026-07-20 01:11:49
793	922151	E2E-RV-20260719171139	922777	PROC-XLSX-00013	棘突远端塑型	922285	YXN.069.001.1011	922287	YXN.069.001.1014	1.0	1	2026-05-15 19:20:58	2026-07-20 01:11:49
794	922151	E2E-RV-20260719171139	922778	PROC-XLSX-00014	棘突近端焊接	922285	YXN.069.001.1011	922283	YXN.069.001.1009	1.0	1	2026-05-15 19:20:58	2026-07-20 01:11:49
795	922151	E2E-RV-20260719171139	922779	Z2975	棘突TPU 套管粘接	922285	YXN.069.001.1011	922281	YXN.069.001.1013	1.0	1	2026-05-15 19:20:58	2026-07-20 01:11:49
796	922151	E2E-RV-20260719171139	922780	Z2774	棘突远端锥度焊接	922285	YXN.069.001.1011	922280	YXN.069.001.1003	1.0	1	2026-05-15 19:20:58	2026-07-20 01:11:49
797	922151	E2E-RV-20260719171139	922781	Z2773	棘突近端粘接	922285	YXN.069.001.1011	922283	YXN.069.001.1009	1.0	1	2026-05-15 19:20:58	2026-07-20 01:11:49
798	922151	E2E-RV-20260719171139	922782	Z2776	棘突球囊涂层	922285	YXN.069.001.1011	922282	YXN.069.001.1006	1.0	1	2026-05-15 19:20:59	2026-07-20 01:11:49
799	922152	E2E-RV-20260719172537	922744	B010	吹球囊成型	922285	YXN.069.001.1011	922282	YXN.069.001.1006	1.0	1	2026-05-15 19:20:57	2026-07-20 01:25:53
800	922152	E2E-RV-20260719172537	922746	B030	球囊裁剪	922285	YXN.069.001.1011	922287	YXN.069.001.1014	1.0	1	2026-05-15 19:20:57	2026-07-20 01:25:53
801	922152	E2E-RV-20260719172537	922750	B060	外管与球囊焊接	922285	YXN.069.001.1011	922280	YXN.069.001.1003	1.0	1	2026-05-15 19:20:57	2026-07-20 01:25:53
802	922152	E2E-RV-20260719172537	922752	B290	焊接圆角	922285	YXN.069.001.1011	922287	YXN.069.001.1014	1.0	1	2026-05-15 19:20:59	2026-07-20 01:25:53
803	922152	E2E-RV-20260719172537	922753	B210	焊接远端锥度	922285	YXN.069.001.1011	922280	YXN.069.001.1003	1.0	1	2026-05-15 19:20:58	2026-07-20 01:25:53
804	922152	E2E-RV-20260719172537	922754	B070	外管切缝	922285	YXN.069.001.1011	922287	YXN.069.001.1014	1.0	1	2026-05-15 19:20:57	2026-07-20 01:25:53
805	922152	E2E-RV-20260719172537	922755	B080	穿显影环	922285	YXN.069.001.1011	922282	YXN.069.001.1006	1.0	1	2026-05-15 19:20:57	2026-07-20 01:25:53
806	922152	E2E-RV-20260719172537	922756	B090	压显影环	922285	YXN.069.001.1011	922281	YXN.069.001.1013	1.0	1	2026-05-15 19:20:57	2026-07-20 01:25:53
807	922152	E2E-RV-20260719172537	922758	B220	快速交换口焊接	922285	YXN.069.001.1011	922280	YXN.069.001.1003	1.0	1	2026-05-15 19:20:58	2026-07-20 01:25:53
808	922152	E2E-RV-20260719172537	922759	B230	RX口检测	922285	YXN.069.001.1011	922283	YXN.069.001.1009	1.0	1	2026-05-15 19:20:58	2026-07-20 01:25:53
809	922152	E2E-RV-20260719172537	922760	B240	点胶海波管	922285	YXN.069.001.1011	922282	YXN.069.001.1006	1.0	1	2026-05-15 19:20:58	2026-07-20 01:25:53
810	922152	E2E-RV-20260719172537	922761	B250	球囊压握	922285	YXN.069.001.1011	922282	YXN.069.001.1006	1.0	1	2026-05-15 19:20:58	2026-07-20 01:25:53
811	922152	E2E-RV-20260719172537	922762	B280	裁剪圆角	922285	YXN.069.001.1011	922281	YXN.069.001.1013	1.0	1	2026-05-15 19:20:59	2026-07-20 01:25:53
812	922152	E2E-RV-20260719172537	922763	B310	球囊盘管（机器）	922285	YXN.069.001.1011	922287	YXN.069.001.1014	1.0	1	2026-05-15 19:20:59	2026-07-20 01:25:53
813	922152	E2E-RV-20260719172537	922764	B320	球囊测漏及全检	922285	YXN.069.001.1011	922280	YXN.069.001.1003	1.0	1	2026-05-15 19:20:59	2026-07-20 01:25:53
814	922152	E2E-RV-20260719172537	922765	PROC-XLSX-00001	外管拉伸2	922285	YXN.069.001.1011	922287	YXN.069.001.1014	1.0	1	2026-05-15 19:20:57	2026-07-20 01:25:53
815	922152	E2E-RV-20260719172537	922766	PROC-XLSX-00002	内管拉伸2	922285	YXN.069.001.1011	922280	YXN.069.001.1003	1.0	1	2026-05-15 19:20:57	2026-07-20 01:25:53
816	922152	E2E-RV-20260719172537	922774	PROC-XLSX-00010	棘突丝拉伸2	922285	YXN.069.001.1011	922283	YXN.069.001.1009	1.0	1	2026-05-15 19:20:57	2026-07-20 01:25:53
817	922152	E2E-RV-20260719172537	922775	PROC-XLSX-00011	棘突丝切割	922285	YXN.069.001.1011	922282	YXN.069.001.1006	1.0	1	2026-05-15 19:20:57	2026-07-20 01:25:53
818	922152	E2E-RV-20260719172537	922776	PROC-XLSX-00012	棘突远端焊接	922285	YXN.069.001.1011	922281	YXN.069.001.1013	1.0	1	2026-05-15 19:20:57	2026-07-20 01:25:53
819	922152	E2E-RV-20260719172537	922777	PROC-XLSX-00013	棘突远端塑型	922285	YXN.069.001.1011	922287	YXN.069.001.1014	1.0	1	2026-05-15 19:20:58	2026-07-20 01:25:53
820	922152	E2E-RV-20260719172537	922778	PROC-XLSX-00014	棘突近端焊接	922285	YXN.069.001.1011	922283	YXN.069.001.1009	1.0	1	2026-05-15 19:20:58	2026-07-20 01:25:53
821	922152	E2E-RV-20260719172537	922779	Z2975	棘突TPU 套管粘接	922285	YXN.069.001.1011	922281	YXN.069.001.1013	1.0	1	2026-05-15 19:20:58	2026-07-20 01:25:53
822	922152	E2E-RV-20260719172537	922780	Z2774	棘突远端锥度焊接	922285	YXN.069.001.1011	922280	YXN.069.001.1003	1.0	1	2026-05-15 19:20:58	2026-07-20 01:25:53
823	922152	E2E-RV-20260719172537	922781	Z2773	棘突近端粘接	922285	YXN.069.001.1011	922283	YXN.069.001.1009	1.0	1	2026-05-15 19:20:58	2026-07-20 01:25:53
824	922152	E2E-RV-20260719172537	922782	Z2776	棘突球囊涂层	922285	YXN.069.001.1011	922282	YXN.069.001.1006	1.0	1	2026-05-15 19:20:59	2026-07-20 01:25:53
825	922152	E2E-RV-20260719172537	922744	B010	吹球囊成型	922285	YXN.069.001.1011	922282	YXN.069.001.1006	1.0	1	2026-07-20 01:25:53	2026-07-20 01:25:57
826	922152	E2E-RV-20260719172537	922746	B030	球囊裁剪	922285	YXN.069.001.1011	922287	YXN.069.001.1014	1.0	1	2026-07-20 01:25:53	2026-07-20 01:25:57
827	922152	E2E-RV-20260719172537	922750	B060	外管与球囊焊接	922285	YXN.069.001.1011	922280	YXN.069.001.1003	1.0	1	2026-07-20 01:25:53	2026-07-20 01:25:57
828	922152	E2E-RV-20260719172537	922752	B290	焊接圆角	922285	YXN.069.001.1011	922287	YXN.069.001.1014	1.0	1	2026-07-20 01:25:53	2026-07-20 01:25:57
829	922152	E2E-RV-20260719172537	922753	B210	焊接远端锥度	922285	YXN.069.001.1011	922280	YXN.069.001.1003	1.0	1	2026-07-20 01:25:54	2026-07-20 01:25:57
830	922152	E2E-RV-20260719172537	922754	B070	外管切缝	922285	YXN.069.001.1011	922287	YXN.069.001.1014	1.0	1	2026-07-20 01:25:54	2026-07-20 01:25:57
831	922152	E2E-RV-20260719172537	922755	B080	穿显影环	922285	YXN.069.001.1011	922282	YXN.069.001.1006	1.0	1	2026-07-20 01:25:54	2026-07-20 01:25:57
832	922152	E2E-RV-20260719172537	922756	B090	压显影环	922285	YXN.069.001.1011	922281	YXN.069.001.1013	1.0	1	2026-07-20 01:25:54	2026-07-20 01:25:57
833	922152	E2E-RV-20260719172537	922758	B220	快速交换口焊接	922285	YXN.069.001.1011	922280	YXN.069.001.1003	1.0	1	2026-07-20 01:25:54	2026-07-20 01:25:57
834	922152	E2E-RV-20260719172537	922759	B230	RX口检测	922285	YXN.069.001.1011	922283	YXN.069.001.1009	1.0	1	2026-07-20 01:25:54	2026-07-20 01:25:57
835	922152	E2E-RV-20260719172537	922760	B240	点胶海波管	922285	YXN.069.001.1011	922282	YXN.069.001.1006	1.0	1	2026-07-20 01:25:54	2026-07-20 01:25:57
836	922152	E2E-RV-20260719172537	922761	B250	球囊压握	922285	YXN.069.001.1011	922282	YXN.069.001.1006	1.0	1	2026-07-20 01:25:54	2026-07-20 01:25:57
837	922152	E2E-RV-20260719172537	922762	B280	裁剪圆角	922285	YXN.069.001.1011	922281	YXN.069.001.1013	1.0	1	2026-07-20 01:25:54	2026-07-20 01:25:57
838	922152	E2E-RV-20260719172537	922763	B310	球囊盘管（机器）	922285	YXN.069.001.1011	922287	YXN.069.001.1014	1.0	1	2026-07-20 01:25:54	2026-07-20 01:25:57
839	922152	E2E-RV-20260719172537	922764	B320	球囊测漏及全检	922285	YXN.069.001.1011	922280	YXN.069.001.1003	1.0	1	2026-07-20 01:25:54	2026-07-20 01:25:57
840	922152	E2E-RV-20260719172537	922765	PROC-XLSX-00001	外管拉伸2	922285	YXN.069.001.1011	922287	YXN.069.001.1014	1.0	1	2026-07-20 01:25:54	2026-07-20 01:25:57
841	922152	E2E-RV-20260719172537	922766	PROC-XLSX-00002	内管拉伸2	922285	YXN.069.001.1011	922280	YXN.069.001.1003	1.0	1	2026-07-20 01:25:54	2026-07-20 01:25:57
842	922152	E2E-RV-20260719172537	922774	PROC-XLSX-00010	棘突丝拉伸2	922285	YXN.069.001.1011	922283	YXN.069.001.1009	1.0	1	2026-07-20 01:25:54	2026-07-20 01:25:57
843	922152	E2E-RV-20260719172537	922775	PROC-XLSX-00011	棘突丝切割	922285	YXN.069.001.1011	922282	YXN.069.001.1006	1.0	1	2026-07-20 01:25:54	2026-07-20 01:25:57
844	922152	E2E-RV-20260719172537	922776	PROC-XLSX-00012	棘突远端焊接	922285	YXN.069.001.1011	922281	YXN.069.001.1013	1.0	1	2026-07-20 01:25:54	2026-07-20 01:25:57
845	922152	E2E-RV-20260719172537	922777	PROC-XLSX-00013	棘突远端塑型	922285	YXN.069.001.1011	922287	YXN.069.001.1014	1.0	1	2026-07-20 01:25:54	2026-07-20 01:25:57
846	922152	E2E-RV-20260719172537	922778	PROC-XLSX-00014	棘突近端焊接	922285	YXN.069.001.1011	922283	YXN.069.001.1009	1.0	1	2026-07-20 01:25:54	2026-07-20 01:25:57
847	922152	E2E-RV-20260719172537	922779	Z2975	棘突TPU 套管粘接	922285	YXN.069.001.1011	922281	YXN.069.001.1013	1.0	1	2026-07-20 01:25:54	2026-07-20 01:25:57
848	922152	E2E-RV-20260719172537	922780	Z2774	棘突远端锥度焊接	922285	YXN.069.001.1011	922280	YXN.069.001.1003	1.0	1	2026-07-20 01:25:54	2026-07-20 01:25:57
849	922152	E2E-RV-20260719172537	922781	Z2773	棘突近端粘接	922285	YXN.069.001.1011	922283	YXN.069.001.1009	1.0	1	2026-07-20 01:25:54	2026-07-20 01:25:57
850	922152	E2E-RV-20260719172537	922782	Z2776	棘突球囊涂层	922285	YXN.069.001.1011	922282	YXN.069.001.1006	1.0	1	2026-07-20 01:25:54	2026-07-20 01:25:57
851	922153	E2E-RV-20260719172649	922744	B010	吹球囊成型	922285	YXN.069.001.1011	922282	YXN.069.001.1006	1.0	1	2026-05-15 19:20:57	2026-07-20 01:26:58
852	922153	E2E-RV-20260719172649	922746	B030	球囊裁剪	922285	YXN.069.001.1011	922287	YXN.069.001.1014	1.0	1	2026-05-15 19:20:57	2026-07-20 01:26:58
853	922153	E2E-RV-20260719172649	922750	B060	外管与球囊焊接	922285	YXN.069.001.1011	922280	YXN.069.001.1003	1.0	1	2026-05-15 19:20:57	2026-07-20 01:26:58
854	922153	E2E-RV-20260719172649	922752	B290	焊接圆角	922285	YXN.069.001.1011	922287	YXN.069.001.1014	1.0	1	2026-05-15 19:20:59	2026-07-20 01:26:58
855	922153	E2E-RV-20260719172649	922753	B210	焊接远端锥度	922285	YXN.069.001.1011	922280	YXN.069.001.1003	1.0	1	2026-05-15 19:20:58	2026-07-20 01:26:58
856	922153	E2E-RV-20260719172649	922754	B070	外管切缝	922285	YXN.069.001.1011	922287	YXN.069.001.1014	1.0	1	2026-05-15 19:20:57	2026-07-20 01:26:58
857	922153	E2E-RV-20260719172649	922755	B080	穿显影环	922285	YXN.069.001.1011	922282	YXN.069.001.1006	1.0	1	2026-05-15 19:20:57	2026-07-20 01:26:58
858	922153	E2E-RV-20260719172649	922756	B090	压显影环	922285	YXN.069.001.1011	922281	YXN.069.001.1013	1.0	1	2026-05-15 19:20:57	2026-07-20 01:26:58
859	922153	E2E-RV-20260719172649	922758	B220	快速交换口焊接	922285	YXN.069.001.1011	922280	YXN.069.001.1003	1.0	1	2026-05-15 19:20:58	2026-07-20 01:26:58
860	922153	E2E-RV-20260719172649	922759	B230	RX口检测	922285	YXN.069.001.1011	922283	YXN.069.001.1009	1.0	1	2026-05-15 19:20:58	2026-07-20 01:26:58
861	922153	E2E-RV-20260719172649	922760	B240	点胶海波管	922285	YXN.069.001.1011	922282	YXN.069.001.1006	1.0	1	2026-05-15 19:20:58	2026-07-20 01:26:58
862	922153	E2E-RV-20260719172649	922761	B250	球囊压握	922285	YXN.069.001.1011	922282	YXN.069.001.1006	1.0	1	2026-05-15 19:20:58	2026-07-20 01:26:58
863	922153	E2E-RV-20260719172649	922762	B280	裁剪圆角	922285	YXN.069.001.1011	922281	YXN.069.001.1013	1.0	1	2026-05-15 19:20:59	2026-07-20 01:26:58
864	922153	E2E-RV-20260719172649	922763	B310	球囊盘管（机器）	922285	YXN.069.001.1011	922287	YXN.069.001.1014	1.0	1	2026-05-15 19:20:59	2026-07-20 01:26:58
865	922153	E2E-RV-20260719172649	922764	B320	球囊测漏及全检	922285	YXN.069.001.1011	922280	YXN.069.001.1003	1.0	1	2026-05-15 19:20:59	2026-07-20 01:26:58
866	922153	E2E-RV-20260719172649	922765	PROC-XLSX-00001	外管拉伸2	922285	YXN.069.001.1011	922287	YXN.069.001.1014	1.0	1	2026-05-15 19:20:57	2026-07-20 01:26:58
867	922153	E2E-RV-20260719172649	922766	PROC-XLSX-00002	内管拉伸2	922285	YXN.069.001.1011	922280	YXN.069.001.1003	1.0	1	2026-05-15 19:20:57	2026-07-20 01:26:58
868	922153	E2E-RV-20260719172649	922774	PROC-XLSX-00010	棘突丝拉伸2	922285	YXN.069.001.1011	922283	YXN.069.001.1009	1.0	1	2026-05-15 19:20:57	2026-07-20 01:26:58
869	922153	E2E-RV-20260719172649	922775	PROC-XLSX-00011	棘突丝切割	922285	YXN.069.001.1011	922282	YXN.069.001.1006	1.0	1	2026-05-15 19:20:57	2026-07-20 01:26:58
870	922153	E2E-RV-20260719172649	922776	PROC-XLSX-00012	棘突远端焊接	922285	YXN.069.001.1011	922281	YXN.069.001.1013	1.0	1	2026-05-15 19:20:57	2026-07-20 01:26:58
871	922153	E2E-RV-20260719172649	922777	PROC-XLSX-00013	棘突远端塑型	922285	YXN.069.001.1011	922287	YXN.069.001.1014	1.0	1	2026-05-15 19:20:58	2026-07-20 01:26:58
872	922153	E2E-RV-20260719172649	922778	PROC-XLSX-00014	棘突近端焊接	922285	YXN.069.001.1011	922283	YXN.069.001.1009	1.0	1	2026-05-15 19:20:58	2026-07-20 01:26:58
873	922153	E2E-RV-20260719172649	922779	Z2975	棘突TPU 套管粘接	922285	YXN.069.001.1011	922281	YXN.069.001.1013	1.0	1	2026-05-15 19:20:58	2026-07-20 01:26:58
874	922153	E2E-RV-20260719172649	922780	Z2774	棘突远端锥度焊接	922285	YXN.069.001.1011	922280	YXN.069.001.1003	1.0	1	2026-05-15 19:20:58	2026-07-20 01:26:58
875	922153	E2E-RV-20260719172649	922781	Z2773	棘突近端粘接	922285	YXN.069.001.1011	922283	YXN.069.001.1009	1.0	1	2026-05-15 19:20:58	2026-07-20 01:26:58
876	922153	E2E-RV-20260719172649	922782	Z2776	棘突球囊涂层	922285	YXN.069.001.1011	922282	YXN.069.001.1006	1.0	1	2026-05-15 19:20:59	2026-07-20 01:26:58
877	922153	E2E-RV-20260719172649	922744	B010	吹球囊成型	922285	YXN.069.001.1011	922282	YXN.069.001.1006	1.0	1	2026-07-20 01:26:59	2026-07-20 01:27:02
878	922153	E2E-RV-20260719172649	922746	B030	球囊裁剪	922285	YXN.069.001.1011	922287	YXN.069.001.1014	1.0	1	2026-07-20 01:26:59	2026-07-20 01:27:02
879	922153	E2E-RV-20260719172649	922750	B060	外管与球囊焊接	922285	YXN.069.001.1011	922280	YXN.069.001.1003	1.0	1	2026-07-20 01:26:59	2026-07-20 01:27:02
880	922153	E2E-RV-20260719172649	922752	B290	焊接圆角	922285	YXN.069.001.1011	922287	YXN.069.001.1014	1.0	1	2026-07-20 01:26:59	2026-07-20 01:27:02
881	922153	E2E-RV-20260719172649	922753	B210	焊接远端锥度	922285	YXN.069.001.1011	922280	YXN.069.001.1003	1.0	1	2026-07-20 01:26:59	2026-07-20 01:27:02
882	922153	E2E-RV-20260719172649	922754	B070	外管切缝	922285	YXN.069.001.1011	922287	YXN.069.001.1014	1.0	1	2026-07-20 01:26:59	2026-07-20 01:27:02
883	922153	E2E-RV-20260719172649	922755	B080	穿显影环	922285	YXN.069.001.1011	922282	YXN.069.001.1006	1.0	1	2026-07-20 01:26:59	2026-07-20 01:27:02
884	922153	E2E-RV-20260719172649	922756	B090	压显影环	922285	YXN.069.001.1011	922281	YXN.069.001.1013	1.0	1	2026-07-20 01:26:59	2026-07-20 01:27:02
885	922153	E2E-RV-20260719172649	922758	B220	快速交换口焊接	922285	YXN.069.001.1011	922280	YXN.069.001.1003	1.0	1	2026-07-20 01:26:59	2026-07-20 01:27:02
886	922153	E2E-RV-20260719172649	922759	B230	RX口检测	922285	YXN.069.001.1011	922283	YXN.069.001.1009	1.0	1	2026-07-20 01:26:59	2026-07-20 01:27:02
887	922153	E2E-RV-20260719172649	922760	B240	点胶海波管	922285	YXN.069.001.1011	922282	YXN.069.001.1006	1.0	1	2026-07-20 01:26:59	2026-07-20 01:27:02
888	922153	E2E-RV-20260719172649	922761	B250	球囊压握	922285	YXN.069.001.1011	922282	YXN.069.001.1006	1.0	1	2026-07-20 01:26:59	2026-07-20 01:27:02
889	922153	E2E-RV-20260719172649	922762	B280	裁剪圆角	922285	YXN.069.001.1011	922281	YXN.069.001.1013	1.0	1	2026-07-20 01:26:59	2026-07-20 01:27:02
890	922153	E2E-RV-20260719172649	922763	B310	球囊盘管（机器）	922285	YXN.069.001.1011	922287	YXN.069.001.1014	1.0	1	2026-07-20 01:26:59	2026-07-20 01:27:02
891	922153	E2E-RV-20260719172649	922764	B320	球囊测漏及全检	922285	YXN.069.001.1011	922280	YXN.069.001.1003	1.0	1	2026-07-20 01:26:59	2026-07-20 01:27:02
892	922153	E2E-RV-20260719172649	922765	PROC-XLSX-00001	外管拉伸2	922285	YXN.069.001.1011	922287	YXN.069.001.1014	1.0	1	2026-07-20 01:26:59	2026-07-20 01:27:02
893	922153	E2E-RV-20260719172649	922766	PROC-XLSX-00002	内管拉伸2	922285	YXN.069.001.1011	922280	YXN.069.001.1003	1.0	1	2026-07-20 01:26:59	2026-07-20 01:27:02
894	922153	E2E-RV-20260719172649	922774	PROC-XLSX-00010	棘突丝拉伸2	922285	YXN.069.001.1011	922283	YXN.069.001.1009	1.0	1	2026-07-20 01:26:59	2026-07-20 01:27:02
895	922153	E2E-RV-20260719172649	922775	PROC-XLSX-00011	棘突丝切割	922285	YXN.069.001.1011	922282	YXN.069.001.1006	1.0	1	2026-07-20 01:26:59	2026-07-20 01:27:02
896	922153	E2E-RV-20260719172649	922776	PROC-XLSX-00012	棘突远端焊接	922285	YXN.069.001.1011	922281	YXN.069.001.1013	1.0	1	2026-07-20 01:26:59	2026-07-20 01:27:02
897	922153	E2E-RV-20260719172649	922777	PROC-XLSX-00013	棘突远端塑型	922285	YXN.069.001.1011	922287	YXN.069.001.1014	1.0	1	2026-07-20 01:26:59	2026-07-20 01:27:02
898	922153	E2E-RV-20260719172649	922778	PROC-XLSX-00014	棘突近端焊接	922285	YXN.069.001.1011	922283	YXN.069.001.1009	1.0	1	2026-07-20 01:26:59	2026-07-20 01:27:02
899	922153	E2E-RV-20260719172649	922779	Z2975	棘突TPU 套管粘接	922285	YXN.069.001.1011	922281	YXN.069.001.1013	1.0	1	2026-07-20 01:26:59	2026-07-20 01:27:02
900	922153	E2E-RV-20260719172649	922780	Z2774	棘突远端锥度焊接	922285	YXN.069.001.1011	922280	YXN.069.001.1003	1.0	1	2026-07-20 01:26:59	2026-07-20 01:27:02
901	922153	E2E-RV-20260719172649	922781	Z2773	棘突近端粘接	922285	YXN.069.001.1011	922283	YXN.069.001.1009	1.0	1	2026-07-20 01:26:59	2026-07-20 01:27:02
902	922153	E2E-RV-20260719172649	922782	Z2776	棘突球囊涂层	922285	YXN.069.001.1011	922282	YXN.069.001.1006	1.0	1	2026-07-20 01:26:59	2026-07-20 01:27:02
903	922155	E2E-CAP-WS-20260720084233	922744	B010	吹球囊成型	922285	YXN.069.001.1011	922282	YXN.069.001.1006	1.0	0	2026-05-15 19:20:57	2026-05-15 19:20:57
904	922155	E2E-CAP-WS-20260720084233	922746	B030	球囊裁剪	922285	YXN.069.001.1011	922287	YXN.069.001.1014	1.0	0	2026-05-15 19:20:57	2026-05-15 19:20:57
905	922155	E2E-CAP-WS-20260720084233	922750	B060	外管与球囊焊接	922285	YXN.069.001.1011	922280	YXN.069.001.1003	1.0	0	2026-05-15 19:20:57	2026-05-15 19:20:57
906	922155	E2E-CAP-WS-20260720084233	922752	B290	焊接圆角	922285	YXN.069.001.1011	922287	YXN.069.001.1014	1.0	0	2026-05-15 19:20:59	2026-05-15 19:20:59
907	922155	E2E-CAP-WS-20260720084233	922753	B210	焊接远端锥度	922285	YXN.069.001.1011	922280	YXN.069.001.1003	1.0	0	2026-05-15 19:20:58	2026-05-15 19:20:58
908	922155	E2E-CAP-WS-20260720084233	922754	B070	外管切缝	922285	YXN.069.001.1011	922287	YXN.069.001.1014	1.0	0	2026-05-15 19:20:57	2026-05-15 19:20:57
909	922155	E2E-CAP-WS-20260720084233	922755	B080	穿显影环	922285	YXN.069.001.1011	922282	YXN.069.001.1006	1.0	0	2026-05-15 19:20:57	2026-05-15 19:20:57
910	922155	E2E-CAP-WS-20260720084233	922756	B090	压显影环	922285	YXN.069.001.1011	922281	YXN.069.001.1013	1.0	0	2026-05-15 19:20:57	2026-05-15 19:20:57
911	922155	E2E-CAP-WS-20260720084233	922758	B220	快速交换口焊接	922285	YXN.069.001.1011	922280	YXN.069.001.1003	1.0	0	2026-05-15 19:20:58	2026-05-15 19:20:58
912	922155	E2E-CAP-WS-20260720084233	922759	B230	RX口检测	922285	YXN.069.001.1011	922283	YXN.069.001.1009	1.0	0	2026-05-15 19:20:58	2026-05-15 19:20:58
913	922155	E2E-CAP-WS-20260720084233	922760	B240	点胶海波管	922285	YXN.069.001.1011	922282	YXN.069.001.1006	1.0	0	2026-05-15 19:20:58	2026-05-15 19:20:58
914	922155	E2E-CAP-WS-20260720084233	922761	B250	球囊压握	922285	YXN.069.001.1011	922282	YXN.069.001.1006	1.0	0	2026-05-15 19:20:58	2026-05-15 19:20:58
915	922155	E2E-CAP-WS-20260720084233	922762	B280	裁剪圆角	922285	YXN.069.001.1011	922281	YXN.069.001.1013	1.0	0	2026-05-15 19:20:59	2026-05-15 19:20:59
916	922155	E2E-CAP-WS-20260720084233	922763	B310	球囊盘管（机器）	922285	YXN.069.001.1011	922287	YXN.069.001.1014	1.0	0	2026-05-15 19:20:59	2026-05-15 19:20:59
917	922155	E2E-CAP-WS-20260720084233	922764	B320	球囊测漏及全检	922285	YXN.069.001.1011	922280	YXN.069.001.1003	1.0	0	2026-05-15 19:20:59	2026-05-15 19:20:59
918	922155	E2E-CAP-WS-20260720084233	922765	PROC-XLSX-00001	外管拉伸2	922285	YXN.069.001.1011	922287	YXN.069.001.1014	1.0	0	2026-05-15 19:20:57	2026-05-15 19:20:57
919	922155	E2E-CAP-WS-20260720084233	922766	PROC-XLSX-00002	内管拉伸2	922285	YXN.069.001.1011	922280	YXN.069.001.1003	1.0	0	2026-05-15 19:20:57	2026-05-15 19:20:57
920	922155	E2E-CAP-WS-20260720084233	922774	PROC-XLSX-00010	棘突丝拉伸2	922285	YXN.069.001.1011	922283	YXN.069.001.1009	1.0	0	2026-05-15 19:20:57	2026-05-15 19:20:57
921	922155	E2E-CAP-WS-20260720084233	922775	PROC-XLSX-00011	棘突丝切割	922285	YXN.069.001.1011	922282	YXN.069.001.1006	1.0	0	2026-05-15 19:20:57	2026-05-15 19:20:57
922	922155	E2E-CAP-WS-20260720084233	922776	PROC-XLSX-00012	棘突远端焊接	922285	YXN.069.001.1011	922281	YXN.069.001.1013	1.0	0	2026-05-15 19:20:57	2026-05-15 19:20:57
923	922155	E2E-CAP-WS-20260720084233	922777	PROC-XLSX-00013	棘突远端塑型	922285	YXN.069.001.1011	922287	YXN.069.001.1014	1.0	0	2026-05-15 19:20:58	2026-05-15 19:20:58
924	922155	E2E-CAP-WS-20260720084233	922778	PROC-XLSX-00014	棘突近端焊接	922285	YXN.069.001.1011	922283	YXN.069.001.1009	1.0	0	2026-05-15 19:20:58	2026-05-15 19:20:58
925	922155	E2E-CAP-WS-20260720084233	922779	Z2975	棘突TPU 套管粘接	922285	YXN.069.001.1011	922281	YXN.069.001.1013	1.0	0	2026-05-15 19:20:58	2026-05-15 19:20:58
926	922155	E2E-CAP-WS-20260720084233	922780	Z2774	棘突远端锥度焊接	922285	YXN.069.001.1011	922280	YXN.069.001.1003	1.0	0	2026-05-15 19:20:58	2026-05-15 19:20:58
927	922155	E2E-CAP-WS-20260720084233	922781	Z2773	棘突近端粘接	922285	YXN.069.001.1011	922283	YXN.069.001.1009	1.0	0	2026-05-15 19:20:58	2026-05-15 19:20:58
928	922155	E2E-CAP-WS-20260720084233	922782	Z2776	棘突球囊涂层	922285	YXN.069.001.1011	922282	YXN.069.001.1006	1.0	0	2026-05-15 19:20:59	2026-05-15 19:20:59
929	922156	E2E-CAP-WS-20260720085317	922744	B010	吹球囊成型	922285	YXN.069.001.1011	922282	YXN.069.001.1006	1.0	0	2026-05-15 19:20:57	2026-05-15 19:20:57
930	922156	E2E-CAP-WS-20260720085317	922746	B030	球囊裁剪	922285	YXN.069.001.1011	922287	YXN.069.001.1014	1.0	0	2026-05-15 19:20:57	2026-05-15 19:20:57
931	922156	E2E-CAP-WS-20260720085317	922750	B060	外管与球囊焊接	922285	YXN.069.001.1011	922280	YXN.069.001.1003	1.0	0	2026-05-15 19:20:57	2026-05-15 19:20:57
932	922156	E2E-CAP-WS-20260720085317	922752	B290	焊接圆角	922285	YXN.069.001.1011	922287	YXN.069.001.1014	1.0	0	2026-05-15 19:20:59	2026-05-15 19:20:59
933	922156	E2E-CAP-WS-20260720085317	922753	B210	焊接远端锥度	922285	YXN.069.001.1011	922280	YXN.069.001.1003	1.0	0	2026-05-15 19:20:58	2026-05-15 19:20:58
934	922156	E2E-CAP-WS-20260720085317	922754	B070	外管切缝	922285	YXN.069.001.1011	922287	YXN.069.001.1014	1.0	0	2026-05-15 19:20:57	2026-05-15 19:20:57
935	922156	E2E-CAP-WS-20260720085317	922755	B080	穿显影环	922285	YXN.069.001.1011	922282	YXN.069.001.1006	1.0	0	2026-05-15 19:20:57	2026-05-15 19:20:57
936	922156	E2E-CAP-WS-20260720085317	922756	B090	压显影环	922285	YXN.069.001.1011	922281	YXN.069.001.1013	1.0	0	2026-05-15 19:20:57	2026-05-15 19:20:57
937	922156	E2E-CAP-WS-20260720085317	922758	B220	快速交换口焊接	922285	YXN.069.001.1011	922280	YXN.069.001.1003	1.0	0	2026-05-15 19:20:58	2026-05-15 19:20:58
938	922156	E2E-CAP-WS-20260720085317	922759	B230	RX口检测	922285	YXN.069.001.1011	922283	YXN.069.001.1009	1.0	0	2026-05-15 19:20:58	2026-05-15 19:20:58
939	922156	E2E-CAP-WS-20260720085317	922760	B240	点胶海波管	922285	YXN.069.001.1011	922282	YXN.069.001.1006	1.0	0	2026-05-15 19:20:58	2026-05-15 19:20:58
940	922156	E2E-CAP-WS-20260720085317	922761	B250	球囊压握	922285	YXN.069.001.1011	922282	YXN.069.001.1006	1.0	0	2026-05-15 19:20:58	2026-05-15 19:20:58
941	922156	E2E-CAP-WS-20260720085317	922762	B280	裁剪圆角	922285	YXN.069.001.1011	922281	YXN.069.001.1013	1.0	0	2026-05-15 19:20:59	2026-05-15 19:20:59
942	922156	E2E-CAP-WS-20260720085317	922763	B310	球囊盘管（机器）	922285	YXN.069.001.1011	922287	YXN.069.001.1014	1.0	0	2026-05-15 19:20:59	2026-05-15 19:20:59
943	922156	E2E-CAP-WS-20260720085317	922764	B320	球囊测漏及全检	922285	YXN.069.001.1011	922280	YXN.069.001.1003	1.0	0	2026-05-15 19:20:59	2026-05-15 19:20:59
944	922156	E2E-CAP-WS-20260720085317	922765	PROC-XLSX-00001	外管拉伸2	922285	YXN.069.001.1011	922287	YXN.069.001.1014	1.0	0	2026-05-15 19:20:57	2026-05-15 19:20:57
945	922156	E2E-CAP-WS-20260720085317	922766	PROC-XLSX-00002	内管拉伸2	922285	YXN.069.001.1011	922280	YXN.069.001.1003	1.0	0	2026-05-15 19:20:57	2026-05-15 19:20:57
946	922156	E2E-CAP-WS-20260720085317	922774	PROC-XLSX-00010	棘突丝拉伸2	922285	YXN.069.001.1011	922283	YXN.069.001.1009	1.0	0	2026-05-15 19:20:57	2026-05-15 19:20:57
947	922156	E2E-CAP-WS-20260720085317	922775	PROC-XLSX-00011	棘突丝切割	922285	YXN.069.001.1011	922282	YXN.069.001.1006	1.0	0	2026-05-15 19:20:57	2026-05-15 19:20:57
948	922156	E2E-CAP-WS-20260720085317	922776	PROC-XLSX-00012	棘突远端焊接	922285	YXN.069.001.1011	922281	YXN.069.001.1013	1.0	0	2026-05-15 19:20:57	2026-05-15 19:20:57
949	922156	E2E-CAP-WS-20260720085317	922777	PROC-XLSX-00013	棘突远端塑型	922285	YXN.069.001.1011	922287	YXN.069.001.1014	1.0	0	2026-05-15 19:20:58	2026-05-15 19:20:58
950	922156	E2E-CAP-WS-20260720085317	922778	PROC-XLSX-00014	棘突近端焊接	922285	YXN.069.001.1011	922283	YXN.069.001.1009	1.0	0	2026-05-15 19:20:58	2026-05-15 19:20:58
951	922156	E2E-CAP-WS-20260720085317	922779	Z2975	棘突TPU 套管粘接	922285	YXN.069.001.1011	922281	YXN.069.001.1013	1.0	0	2026-05-15 19:20:58	2026-05-15 19:20:58
952	922156	E2E-CAP-WS-20260720085317	922780	Z2774	棘突远端锥度焊接	922285	YXN.069.001.1011	922280	YXN.069.001.1003	1.0	0	2026-05-15 19:20:58	2026-05-15 19:20:58
953	922156	E2E-CAP-WS-20260720085317	922781	Z2773	棘突近端粘接	922285	YXN.069.001.1011	922283	YXN.069.001.1009	1.0	0	2026-05-15 19:20:58	2026-05-15 19:20:58
954	922156	E2E-CAP-WS-20260720085317	922782	Z2776	棘突球囊涂层	922285	YXN.069.001.1011	922282	YXN.069.001.1006	1.0	0	2026-05-15 19:20:59	2026-05-15 19:20:59
955	922157	E2E-CAP-WS-20260720090135	922744	B010	吹球囊成型	922285	YXN.069.001.1011	922282	YXN.069.001.1006	1.0	0	2026-05-15 19:20:57	2026-05-15 19:20:57
956	922157	E2E-CAP-WS-20260720090135	922746	B030	球囊裁剪	922285	YXN.069.001.1011	922287	YXN.069.001.1014	1.0	0	2026-05-15 19:20:57	2026-05-15 19:20:57
957	922157	E2E-CAP-WS-20260720090135	922750	B060	外管与球囊焊接	922285	YXN.069.001.1011	922280	YXN.069.001.1003	1.0	0	2026-05-15 19:20:57	2026-05-15 19:20:57
958	922157	E2E-CAP-WS-20260720090135	922752	B290	焊接圆角	922285	YXN.069.001.1011	922287	YXN.069.001.1014	1.0	0	2026-05-15 19:20:59	2026-05-15 19:20:59
959	922157	E2E-CAP-WS-20260720090135	922753	B210	焊接远端锥度	922285	YXN.069.001.1011	922280	YXN.069.001.1003	1.0	0	2026-05-15 19:20:58	2026-05-15 19:20:58
960	922157	E2E-CAP-WS-20260720090135	922754	B070	外管切缝	922285	YXN.069.001.1011	922287	YXN.069.001.1014	1.0	0	2026-05-15 19:20:57	2026-05-15 19:20:57
961	922157	E2E-CAP-WS-20260720090135	922755	B080	穿显影环	922285	YXN.069.001.1011	922282	YXN.069.001.1006	1.0	0	2026-05-15 19:20:57	2026-05-15 19:20:57
962	922157	E2E-CAP-WS-20260720090135	922756	B090	压显影环	922285	YXN.069.001.1011	922281	YXN.069.001.1013	1.0	0	2026-05-15 19:20:57	2026-05-15 19:20:57
963	922157	E2E-CAP-WS-20260720090135	922758	B220	快速交换口焊接	922285	YXN.069.001.1011	922280	YXN.069.001.1003	1.0	0	2026-05-15 19:20:58	2026-05-15 19:20:58
964	922157	E2E-CAP-WS-20260720090135	922759	B230	RX口检测	922285	YXN.069.001.1011	922283	YXN.069.001.1009	1.0	0	2026-05-15 19:20:58	2026-05-15 19:20:58
965	922157	E2E-CAP-WS-20260720090135	922760	B240	点胶海波管	922285	YXN.069.001.1011	922282	YXN.069.001.1006	1.0	0	2026-05-15 19:20:58	2026-05-15 19:20:58
966	922157	E2E-CAP-WS-20260720090135	922761	B250	球囊压握	922285	YXN.069.001.1011	922282	YXN.069.001.1006	1.0	0	2026-05-15 19:20:58	2026-05-15 19:20:58
967	922157	E2E-CAP-WS-20260720090135	922762	B280	裁剪圆角	922285	YXN.069.001.1011	922281	YXN.069.001.1013	1.0	0	2026-05-15 19:20:59	2026-05-15 19:20:59
968	922157	E2E-CAP-WS-20260720090135	922763	B310	球囊盘管（机器）	922285	YXN.069.001.1011	922287	YXN.069.001.1014	1.0	0	2026-05-15 19:20:59	2026-05-15 19:20:59
969	922157	E2E-CAP-WS-20260720090135	922764	B320	球囊测漏及全检	922285	YXN.069.001.1011	922280	YXN.069.001.1003	1.0	0	2026-05-15 19:20:59	2026-05-15 19:20:59
970	922157	E2E-CAP-WS-20260720090135	922765	PROC-XLSX-00001	外管拉伸2	922285	YXN.069.001.1011	922287	YXN.069.001.1014	1.0	0	2026-05-15 19:20:57	2026-05-15 19:20:57
971	922157	E2E-CAP-WS-20260720090135	922766	PROC-XLSX-00002	内管拉伸2	922285	YXN.069.001.1011	922280	YXN.069.001.1003	1.0	0	2026-05-15 19:20:57	2026-05-15 19:20:57
972	922157	E2E-CAP-WS-20260720090135	922774	PROC-XLSX-00010	棘突丝拉伸2	922285	YXN.069.001.1011	922283	YXN.069.001.1009	1.0	0	2026-05-15 19:20:57	2026-05-15 19:20:57
973	922157	E2E-CAP-WS-20260720090135	922775	PROC-XLSX-00011	棘突丝切割	922285	YXN.069.001.1011	922282	YXN.069.001.1006	1.0	0	2026-05-15 19:20:57	2026-05-15 19:20:57
974	922157	E2E-CAP-WS-20260720090135	922776	PROC-XLSX-00012	棘突远端焊接	922285	YXN.069.001.1011	922281	YXN.069.001.1013	1.0	0	2026-05-15 19:20:57	2026-05-15 19:20:57
975	922157	E2E-CAP-WS-20260720090135	922777	PROC-XLSX-00013	棘突远端塑型	922285	YXN.069.001.1011	922287	YXN.069.001.1014	1.0	0	2026-05-15 19:20:58	2026-05-15 19:20:58
976	922157	E2E-CAP-WS-20260720090135	922778	PROC-XLSX-00014	棘突近端焊接	922285	YXN.069.001.1011	922283	YXN.069.001.1009	1.0	0	2026-05-15 19:20:58	2026-05-15 19:20:58
977	922157	E2E-CAP-WS-20260720090135	922779	Z2975	棘突TPU 套管粘接	922285	YXN.069.001.1011	922281	YXN.069.001.1013	1.0	0	2026-05-15 19:20:58	2026-05-15 19:20:58
978	922157	E2E-CAP-WS-20260720090135	922780	Z2774	棘突远端锥度焊接	922285	YXN.069.001.1011	922280	YXN.069.001.1003	1.0	0	2026-05-15 19:20:58	2026-05-15 19:20:58
979	922157	E2E-CAP-WS-20260720090135	922781	Z2773	棘突近端粘接	922285	YXN.069.001.1011	922283	YXN.069.001.1009	1.0	0	2026-05-15 19:20:58	2026-05-15 19:20:58
980	922157	E2E-CAP-WS-20260720090135	922782	Z2776	棘突球囊涂层	922285	YXN.069.001.1011	922282	YXN.069.001.1006	1.0	0	2026-05-15 19:20:59	2026-05-15 19:20:59
981	922158	E2E-CAP-WS-20260720090225	922744	B010	吹球囊成型	922285	YXN.069.001.1011	922282	YXN.069.001.1006	1.0	1	2026-05-15 19:20:57	2026-07-20 17:02:50
982	922158	E2E-CAP-WS-20260720090225	922746	B030	球囊裁剪	922285	YXN.069.001.1011	922287	YXN.069.001.1014	1.0	1	2026-05-15 19:20:57	2026-07-20 17:02:50
983	922158	E2E-CAP-WS-20260720090225	922750	B060	外管与球囊焊接	922285	YXN.069.001.1011	922280	YXN.069.001.1003	1.0	1	2026-05-15 19:20:57	2026-07-20 17:02:50
984	922158	E2E-CAP-WS-20260720090225	922752	B290	焊接圆角	922285	YXN.069.001.1011	922287	YXN.069.001.1014	1.0	1	2026-05-15 19:20:59	2026-07-20 17:02:50
985	922158	E2E-CAP-WS-20260720090225	922753	B210	焊接远端锥度	922285	YXN.069.001.1011	922280	YXN.069.001.1003	1.0	1	2026-05-15 19:20:58	2026-07-20 17:02:50
986	922158	E2E-CAP-WS-20260720090225	922754	B070	外管切缝	922285	YXN.069.001.1011	922287	YXN.069.001.1014	1.0	1	2026-05-15 19:20:57	2026-07-20 17:02:50
987	922158	E2E-CAP-WS-20260720090225	922755	B080	穿显影环	922285	YXN.069.001.1011	922282	YXN.069.001.1006	1.0	1	2026-05-15 19:20:57	2026-07-20 17:02:50
988	922158	E2E-CAP-WS-20260720090225	922756	B090	压显影环	922285	YXN.069.001.1011	922281	YXN.069.001.1013	1.0	1	2026-05-15 19:20:57	2026-07-20 17:02:50
989	922158	E2E-CAP-WS-20260720090225	922758	B220	快速交换口焊接	922285	YXN.069.001.1011	922280	YXN.069.001.1003	1.0	1	2026-05-15 19:20:58	2026-07-20 17:02:50
990	922158	E2E-CAP-WS-20260720090225	922759	B230	RX口检测	922285	YXN.069.001.1011	922283	YXN.069.001.1009	1.0	1	2026-05-15 19:20:58	2026-07-20 17:02:50
991	922158	E2E-CAP-WS-20260720090225	922760	B240	点胶海波管	922285	YXN.069.001.1011	922282	YXN.069.001.1006	1.0	1	2026-05-15 19:20:58	2026-07-20 17:02:50
992	922158	E2E-CAP-WS-20260720090225	922761	B250	球囊压握	922285	YXN.069.001.1011	922282	YXN.069.001.1006	1.0	1	2026-05-15 19:20:58	2026-07-20 17:02:50
993	922158	E2E-CAP-WS-20260720090225	922762	B280	裁剪圆角	922285	YXN.069.001.1011	922281	YXN.069.001.1013	1.0	1	2026-05-15 19:20:59	2026-07-20 17:02:50
994	922158	E2E-CAP-WS-20260720090225	922763	B310	球囊盘管（机器）	922285	YXN.069.001.1011	922287	YXN.069.001.1014	1.0	1	2026-05-15 19:20:59	2026-07-20 17:02:50
995	922158	E2E-CAP-WS-20260720090225	922764	B320	球囊测漏及全检	922285	YXN.069.001.1011	922280	YXN.069.001.1003	1.0	1	2026-05-15 19:20:59	2026-07-20 17:02:50
996	922158	E2E-CAP-WS-20260720090225	922765	PROC-XLSX-00001	外管拉伸2	922285	YXN.069.001.1011	922287	YXN.069.001.1014	1.0	1	2026-05-15 19:20:57	2026-07-20 17:02:50
997	922158	E2E-CAP-WS-20260720090225	922766	PROC-XLSX-00002	内管拉伸2	922285	YXN.069.001.1011	922280	YXN.069.001.1003	1.0	1	2026-05-15 19:20:57	2026-07-20 17:02:50
998	922158	E2E-CAP-WS-20260720090225	922774	PROC-XLSX-00010	棘突丝拉伸2	922285	YXN.069.001.1011	922283	YXN.069.001.1009	1.0	1	2026-05-15 19:20:57	2026-07-20 17:02:50
999	922158	E2E-CAP-WS-20260720090225	922775	PROC-XLSX-00011	棘突丝切割	922285	YXN.069.001.1011	922282	YXN.069.001.1006	1.0	1	2026-05-15 19:20:57	2026-07-20 17:02:50
1000	922158	E2E-CAP-WS-20260720090225	922776	PROC-XLSX-00012	棘突远端焊接	922285	YXN.069.001.1011	922281	YXN.069.001.1013	1.0	1	2026-05-15 19:20:57	2026-07-20 17:02:50
1001	922158	E2E-CAP-WS-20260720090225	922777	PROC-XLSX-00013	棘突远端塑型	922285	YXN.069.001.1011	922287	YXN.069.001.1014	1.0	1	2026-05-15 19:20:58	2026-07-20 17:02:50
1002	922158	E2E-CAP-WS-20260720090225	922778	PROC-XLSX-00014	棘突近端焊接	922285	YXN.069.001.1011	922283	YXN.069.001.1009	1.0	1	2026-05-15 19:20:58	2026-07-20 17:02:50
1003	922158	E2E-CAP-WS-20260720090225	922779	Z2975	棘突TPU 套管粘接	922285	YXN.069.001.1011	922281	YXN.069.001.1013	1.0	1	2026-05-15 19:20:58	2026-07-20 17:02:50
1004	922158	E2E-CAP-WS-20260720090225	922780	Z2774	棘突远端锥度焊接	922285	YXN.069.001.1011	922280	YXN.069.001.1003	1.0	1	2026-05-15 19:20:58	2026-07-20 17:02:50
1005	922158	E2E-CAP-WS-20260720090225	922781	Z2773	棘突近端粘接	922285	YXN.069.001.1011	922283	YXN.069.001.1009	1.0	1	2026-05-15 19:20:58	2026-07-20 17:02:50
1006	922158	E2E-CAP-WS-20260720090225	922782	Z2776	棘突球囊涂层	922285	YXN.069.001.1011	922282	YXN.069.001.1006	1.0	1	2026-05-15 19:20:59	2026-07-20 17:02:50
1007	922158	E2E-CAP-WS-20260720090225	922744	B010	吹球囊成型	922285	YXN.069.001.1011	922282	YXN.069.001.1006	1.0	0	2026-07-20 17:02:50	2026-07-20 17:02:50
1008	922158	E2E-CAP-WS-20260720090225	922746	B030	球囊裁剪	922285	YXN.069.001.1011	922287	YXN.069.001.1014	1.0	0	2026-07-20 17:02:51	2026-07-20 17:02:51
1009	922158	E2E-CAP-WS-20260720090225	922750	B060	外管与球囊焊接	922285	YXN.069.001.1011	922280	YXN.069.001.1003	1.0	0	2026-07-20 17:02:51	2026-07-20 17:02:51
1010	922158	E2E-CAP-WS-20260720090225	922752	B290	焊接圆角	922285	YXN.069.001.1011	922287	YXN.069.001.1014	1.0	0	2026-07-20 17:02:51	2026-07-20 17:02:51
1011	922158	E2E-CAP-WS-20260720090225	922753	B210	焊接远端锥度	922285	YXN.069.001.1011	922280	YXN.069.001.1003	1.0	0	2026-07-20 17:02:51	2026-07-20 17:02:51
1012	922158	E2E-CAP-WS-20260720090225	922754	B070	外管切缝	922285	YXN.069.001.1011	922287	YXN.069.001.1014	1.0	0	2026-07-20 17:02:51	2026-07-20 17:02:51
1013	922158	E2E-CAP-WS-20260720090225	922755	B080	穿显影环	922285	YXN.069.001.1011	922282	YXN.069.001.1006	1.0	0	2026-07-20 17:02:51	2026-07-20 17:02:51
1014	922158	E2E-CAP-WS-20260720090225	922756	B090	压显影环	922285	YXN.069.001.1011	922281	YXN.069.001.1013	1.0	0	2026-07-20 17:02:51	2026-07-20 17:02:51
1015	922158	E2E-CAP-WS-20260720090225	922758	B220	快速交换口焊接	922285	YXN.069.001.1011	922280	YXN.069.001.1003	1.0	0	2026-07-20 17:02:51	2026-07-20 17:02:51
1016	922158	E2E-CAP-WS-20260720090225	922759	B230	RX口检测	922285	YXN.069.001.1011	922283	YXN.069.001.1009	1.0	0	2026-07-20 17:02:51	2026-07-20 17:02:51
1017	922158	E2E-CAP-WS-20260720090225	922760	B240	点胶海波管	922285	YXN.069.001.1011	922282	YXN.069.001.1006	1.0	0	2026-07-20 17:02:51	2026-07-20 17:02:51
1018	922158	E2E-CAP-WS-20260720090225	922761	B250	球囊压握	922285	YXN.069.001.1011	922282	YXN.069.001.1006	1.0	0	2026-07-20 17:02:51	2026-07-20 17:02:51
1019	922158	E2E-CAP-WS-20260720090225	922762	B280	裁剪圆角	922285	YXN.069.001.1011	922281	YXN.069.001.1013	1.0	0	2026-07-20 17:02:51	2026-07-20 17:02:51
1020	922158	E2E-CAP-WS-20260720090225	922763	B310	球囊盘管（机器）	922285	YXN.069.001.1011	922287	YXN.069.001.1014	1.0	0	2026-07-20 17:02:51	2026-07-20 17:02:51
1021	922158	E2E-CAP-WS-20260720090225	922764	B320	球囊测漏及全检	922285	YXN.069.001.1011	922280	YXN.069.001.1003	1.0	0	2026-07-20 17:02:51	2026-07-20 17:02:51
1022	922158	E2E-CAP-WS-20260720090225	922765	PROC-XLSX-00001	外管拉伸2	922285	YXN.069.001.1011	922287	YXN.069.001.1014	1.0	0	2026-07-20 17:02:51	2026-07-20 17:02:51
1023	922158	E2E-CAP-WS-20260720090225	922766	PROC-XLSX-00002	内管拉伸2	922285	YXN.069.001.1011	922280	YXN.069.001.1003	1.0	0	2026-07-20 17:02:51	2026-07-20 17:02:51
1024	922158	E2E-CAP-WS-20260720090225	922774	PROC-XLSX-00010	棘突丝拉伸2	922285	YXN.069.001.1011	922283	YXN.069.001.1009	1.0	0	2026-07-20 17:02:51	2026-07-20 17:02:51
1025	922158	E2E-CAP-WS-20260720090225	922775	PROC-XLSX-00011	棘突丝切割	922285	YXN.069.001.1011	922282	YXN.069.001.1006	1.0	0	2026-07-20 17:02:51	2026-07-20 17:02:51
1026	922158	E2E-CAP-WS-20260720090225	922776	PROC-XLSX-00012	棘突远端焊接	922285	YXN.069.001.1011	922281	YXN.069.001.1013	1.0	0	2026-07-20 17:02:51	2026-07-20 17:02:51
1027	922158	E2E-CAP-WS-20260720090225	922777	PROC-XLSX-00013	棘突远端塑型	922285	YXN.069.001.1011	922287	YXN.069.001.1014	1.0	0	2026-07-20 17:02:51	2026-07-20 17:02:51
1028	922158	E2E-CAP-WS-20260720090225	922778	PROC-XLSX-00014	棘突近端焊接	922285	YXN.069.001.1011	922283	YXN.069.001.1009	1.0	0	2026-07-20 17:02:51	2026-07-20 17:02:51
1029	922158	E2E-CAP-WS-20260720090225	922779	Z2975	棘突TPU 套管粘接	922285	YXN.069.001.1011	922281	YXN.069.001.1013	1.0	0	2026-07-20 17:02:51	2026-07-20 17:02:51
1030	922158	E2E-CAP-WS-20260720090225	922780	Z2774	棘突远端锥度焊接	922285	YXN.069.001.1011	922280	YXN.069.001.1003	1.0	0	2026-07-20 17:02:51	2026-07-20 17:02:51
1031	922158	E2E-CAP-WS-20260720090225	922781	Z2773	棘突近端粘接	922285	YXN.069.001.1011	922283	YXN.069.001.1009	1.0	0	2026-07-20 17:02:51	2026-07-20 17:02:51
1032	922158	E2E-CAP-WS-20260720090225	922782	Z2776	棘突球囊涂层	922285	YXN.069.001.1011	922282	YXN.069.001.1006	1.0	0	2026-07-20 17:02:51	2026-07-20 17:02:51
1033	922159	E2E-CAP-WS-20260720090628	922744	B010	吹球囊成型	922285	YXN.069.001.1011	922282	YXN.069.001.1006	1.0	1	2026-05-15 19:20:57	2026-07-20 17:06:52
1034	922159	E2E-CAP-WS-20260720090628	922746	B030	球囊裁剪	922285	YXN.069.001.1011	922287	YXN.069.001.1014	1.0	1	2026-05-15 19:20:57	2026-07-20 17:06:52
1035	922159	E2E-CAP-WS-20260720090628	922750	B060	外管与球囊焊接	922285	YXN.069.001.1011	922280	YXN.069.001.1003	1.0	1	2026-05-15 19:20:57	2026-07-20 17:06:52
1036	922159	E2E-CAP-WS-20260720090628	922752	B290	焊接圆角	922285	YXN.069.001.1011	922287	YXN.069.001.1014	1.0	1	2026-05-15 19:20:59	2026-07-20 17:06:52
1037	922159	E2E-CAP-WS-20260720090628	922753	B210	焊接远端锥度	922285	YXN.069.001.1011	922280	YXN.069.001.1003	1.0	1	2026-05-15 19:20:58	2026-07-20 17:06:52
1038	922159	E2E-CAP-WS-20260720090628	922754	B070	外管切缝	922285	YXN.069.001.1011	922287	YXN.069.001.1014	1.0	1	2026-05-15 19:20:57	2026-07-20 17:06:52
1039	922159	E2E-CAP-WS-20260720090628	922755	B080	穿显影环	922285	YXN.069.001.1011	922282	YXN.069.001.1006	1.0	1	2026-05-15 19:20:57	2026-07-20 17:06:52
1040	922159	E2E-CAP-WS-20260720090628	922756	B090	压显影环	922285	YXN.069.001.1011	922281	YXN.069.001.1013	1.0	1	2026-05-15 19:20:57	2026-07-20 17:06:52
1041	922159	E2E-CAP-WS-20260720090628	922758	B220	快速交换口焊接	922285	YXN.069.001.1011	922280	YXN.069.001.1003	1.0	1	2026-05-15 19:20:58	2026-07-20 17:06:52
1042	922159	E2E-CAP-WS-20260720090628	922759	B230	RX口检测	922285	YXN.069.001.1011	922283	YXN.069.001.1009	1.0	1	2026-05-15 19:20:58	2026-07-20 17:06:52
1043	922159	E2E-CAP-WS-20260720090628	922760	B240	点胶海波管	922285	YXN.069.001.1011	922282	YXN.069.001.1006	1.0	1	2026-05-15 19:20:58	2026-07-20 17:06:52
1044	922159	E2E-CAP-WS-20260720090628	922761	B250	球囊压握	922285	YXN.069.001.1011	922282	YXN.069.001.1006	1.0	1	2026-05-15 19:20:58	2026-07-20 17:06:52
1045	922159	E2E-CAP-WS-20260720090628	922762	B280	裁剪圆角	922285	YXN.069.001.1011	922281	YXN.069.001.1013	1.0	1	2026-05-15 19:20:59	2026-07-20 17:06:52
1046	922159	E2E-CAP-WS-20260720090628	922763	B310	球囊盘管（机器）	922285	YXN.069.001.1011	922287	YXN.069.001.1014	1.0	1	2026-05-15 19:20:59	2026-07-20 17:06:52
1047	922159	E2E-CAP-WS-20260720090628	922764	B320	球囊测漏及全检	922285	YXN.069.001.1011	922280	YXN.069.001.1003	1.0	1	2026-05-15 19:20:59	2026-07-20 17:06:52
1048	922159	E2E-CAP-WS-20260720090628	922765	PROC-XLSX-00001	外管拉伸2	922285	YXN.069.001.1011	922287	YXN.069.001.1014	1.0	1	2026-05-15 19:20:57	2026-07-20 17:06:52
1049	922159	E2E-CAP-WS-20260720090628	922766	PROC-XLSX-00002	内管拉伸2	922285	YXN.069.001.1011	922280	YXN.069.001.1003	1.0	1	2026-05-15 19:20:57	2026-07-20 17:06:52
1050	922159	E2E-CAP-WS-20260720090628	922774	PROC-XLSX-00010	棘突丝拉伸2	922285	YXN.069.001.1011	922283	YXN.069.001.1009	1.0	1	2026-05-15 19:20:57	2026-07-20 17:06:52
1051	922159	E2E-CAP-WS-20260720090628	922775	PROC-XLSX-00011	棘突丝切割	922285	YXN.069.001.1011	922282	YXN.069.001.1006	1.0	1	2026-05-15 19:20:57	2026-07-20 17:06:52
1052	922159	E2E-CAP-WS-20260720090628	922776	PROC-XLSX-00012	棘突远端焊接	922285	YXN.069.001.1011	922281	YXN.069.001.1013	1.0	1	2026-05-15 19:20:57	2026-07-20 17:06:52
1053	922159	E2E-CAP-WS-20260720090628	922777	PROC-XLSX-00013	棘突远端塑型	922285	YXN.069.001.1011	922287	YXN.069.001.1014	1.0	1	2026-05-15 19:20:58	2026-07-20 17:06:52
1054	922159	E2E-CAP-WS-20260720090628	922778	PROC-XLSX-00014	棘突近端焊接	922285	YXN.069.001.1011	922283	YXN.069.001.1009	1.0	1	2026-05-15 19:20:58	2026-07-20 17:06:52
1055	922159	E2E-CAP-WS-20260720090628	922779	Z2975	棘突TPU 套管粘接	922285	YXN.069.001.1011	922281	YXN.069.001.1013	1.0	1	2026-05-15 19:20:58	2026-07-20 17:06:52
1056	922159	E2E-CAP-WS-20260720090628	922780	Z2774	棘突远端锥度焊接	922285	YXN.069.001.1011	922280	YXN.069.001.1003	1.0	1	2026-05-15 19:20:58	2026-07-20 17:06:52
1057	922159	E2E-CAP-WS-20260720090628	922781	Z2773	棘突近端粘接	922285	YXN.069.001.1011	922283	YXN.069.001.1009	1.0	1	2026-05-15 19:20:58	2026-07-20 17:06:52
1058	922159	E2E-CAP-WS-20260720090628	922782	Z2776	棘突球囊涂层	922285	YXN.069.001.1011	922282	YXN.069.001.1006	1.0	1	2026-05-15 19:20:59	2026-07-20 17:06:52
1059	922159	E2E-CAP-WS-20260720090628	922744	B010	吹球囊成型	922285	YXN.069.001.1011	922282	YXN.069.001.1006	1.0	0	2026-07-20 17:06:53	2026-07-20 17:06:53
1060	922159	E2E-CAP-WS-20260720090628	922746	B030	球囊裁剪	922285	YXN.069.001.1011	922287	YXN.069.001.1014	1.0	0	2026-07-20 17:06:53	2026-07-20 17:06:53
1061	922159	E2E-CAP-WS-20260720090628	922750	B060	外管与球囊焊接	922285	YXN.069.001.1011	922280	YXN.069.001.1003	1.0	0	2026-07-20 17:06:53	2026-07-20 17:06:53
1062	922159	E2E-CAP-WS-20260720090628	922752	B290	焊接圆角	922285	YXN.069.001.1011	922287	YXN.069.001.1014	1.0	0	2026-07-20 17:06:53	2026-07-20 17:06:53
1063	922159	E2E-CAP-WS-20260720090628	922753	B210	焊接远端锥度	922285	YXN.069.001.1011	922280	YXN.069.001.1003	1.0	0	2026-07-20 17:06:53	2026-07-20 17:06:53
1064	922159	E2E-CAP-WS-20260720090628	922754	B070	外管切缝	922285	YXN.069.001.1011	922287	YXN.069.001.1014	1.0	0	2026-07-20 17:06:53	2026-07-20 17:06:53
1065	922159	E2E-CAP-WS-20260720090628	922755	B080	穿显影环	922285	YXN.069.001.1011	922282	YXN.069.001.1006	1.0	0	2026-07-20 17:06:53	2026-07-20 17:06:53
1066	922159	E2E-CAP-WS-20260720090628	922756	B090	压显影环	922285	YXN.069.001.1011	922281	YXN.069.001.1013	1.0	0	2026-07-20 17:06:53	2026-07-20 17:06:53
1067	922159	E2E-CAP-WS-20260720090628	922758	B220	快速交换口焊接	922285	YXN.069.001.1011	922280	YXN.069.001.1003	1.0	0	2026-07-20 17:06:53	2026-07-20 17:06:53
1068	922159	E2E-CAP-WS-20260720090628	922759	B230	RX口检测	922285	YXN.069.001.1011	922283	YXN.069.001.1009	1.0	0	2026-07-20 17:06:53	2026-07-20 17:06:53
1069	922159	E2E-CAP-WS-20260720090628	922760	B240	点胶海波管	922285	YXN.069.001.1011	922282	YXN.069.001.1006	1.0	0	2026-07-20 17:06:53	2026-07-20 17:06:53
1070	922159	E2E-CAP-WS-20260720090628	922761	B250	球囊压握	922285	YXN.069.001.1011	922282	YXN.069.001.1006	1.0	0	2026-07-20 17:06:53	2026-07-20 17:06:53
1071	922159	E2E-CAP-WS-20260720090628	922762	B280	裁剪圆角	922285	YXN.069.001.1011	922281	YXN.069.001.1013	1.0	0	2026-07-20 17:06:53	2026-07-20 17:06:53
1072	922159	E2E-CAP-WS-20260720090628	922763	B310	球囊盘管（机器）	922285	YXN.069.001.1011	922287	YXN.069.001.1014	1.0	0	2026-07-20 17:06:53	2026-07-20 17:06:53
1073	922159	E2E-CAP-WS-20260720090628	922764	B320	球囊测漏及全检	922285	YXN.069.001.1011	922280	YXN.069.001.1003	1.0	0	2026-07-20 17:06:53	2026-07-20 17:06:53
1074	922159	E2E-CAP-WS-20260720090628	922765	PROC-XLSX-00001	外管拉伸2	922285	YXN.069.001.1011	922287	YXN.069.001.1014	1.0	0	2026-07-20 17:06:53	2026-07-20 17:06:53
1075	922159	E2E-CAP-WS-20260720090628	922766	PROC-XLSX-00002	内管拉伸2	922285	YXN.069.001.1011	922280	YXN.069.001.1003	1.0	0	2026-07-20 17:06:53	2026-07-20 17:06:53
1076	922159	E2E-CAP-WS-20260720090628	922774	PROC-XLSX-00010	棘突丝拉伸2	922285	YXN.069.001.1011	922283	YXN.069.001.1009	1.0	0	2026-07-20 17:06:53	2026-07-20 17:06:53
1077	922159	E2E-CAP-WS-20260720090628	922775	PROC-XLSX-00011	棘突丝切割	922285	YXN.069.001.1011	922282	YXN.069.001.1006	1.0	0	2026-07-20 17:06:53	2026-07-20 17:06:53
1078	922159	E2E-CAP-WS-20260720090628	922776	PROC-XLSX-00012	棘突远端焊接	922285	YXN.069.001.1011	922281	YXN.069.001.1013	1.0	0	2026-07-20 17:06:53	2026-07-20 17:06:53
1079	922159	E2E-CAP-WS-20260720090628	922777	PROC-XLSX-00013	棘突远端塑型	922285	YXN.069.001.1011	922287	YXN.069.001.1014	1.0	0	2026-07-20 17:06:53	2026-07-20 17:06:53
1080	922159	E2E-CAP-WS-20260720090628	922778	PROC-XLSX-00014	棘突近端焊接	922285	YXN.069.001.1011	922283	YXN.069.001.1009	1.0	0	2026-07-20 17:06:53	2026-07-20 17:06:53
1081	922159	E2E-CAP-WS-20260720090628	922779	Z2975	棘突TPU 套管粘接	922285	YXN.069.001.1011	922281	YXN.069.001.1013	1.0	0	2026-07-20 17:06:53	2026-07-20 17:06:53
1082	922159	E2E-CAP-WS-20260720090628	922780	Z2774	棘突远端锥度焊接	922285	YXN.069.001.1011	922280	YXN.069.001.1003	1.0	0	2026-07-20 17:06:53	2026-07-20 17:06:53
1083	922159	E2E-CAP-WS-20260720090628	922781	Z2773	棘突近端粘接	922285	YXN.069.001.1011	922283	YXN.069.001.1009	1.0	0	2026-07-20 17:06:53	2026-07-20 17:06:53
1084	922159	E2E-CAP-WS-20260720090628	922782	Z2776	棘突球囊涂层	922285	YXN.069.001.1011	922282	YXN.069.001.1006	1.0	0	2026-07-20 17:06:53	2026-07-20 17:06:53
1085	922160	E2E-CAP-WS-20260720091112	922744	B010	吹球囊成型	922285	YXN.069.001.1011	922282	YXN.069.001.1006	1.0	1	2026-05-15 19:20:57	2026-07-20 17:11:38
1086	922160	E2E-CAP-WS-20260720091112	922746	B030	球囊裁剪	922285	YXN.069.001.1011	922287	YXN.069.001.1014	1.0	1	2026-05-15 19:20:57	2026-07-20 17:11:38
1087	922160	E2E-CAP-WS-20260720091112	922750	B060	外管与球囊焊接	922285	YXN.069.001.1011	922280	YXN.069.001.1003	1.0	1	2026-05-15 19:20:57	2026-07-20 17:11:38
1088	922160	E2E-CAP-WS-20260720091112	922752	B290	焊接圆角	922285	YXN.069.001.1011	922287	YXN.069.001.1014	1.0	1	2026-05-15 19:20:59	2026-07-20 17:11:38
1089	922160	E2E-CAP-WS-20260720091112	922753	B210	焊接远端锥度	922285	YXN.069.001.1011	922280	YXN.069.001.1003	1.0	1	2026-05-15 19:20:58	2026-07-20 17:11:38
1090	922160	E2E-CAP-WS-20260720091112	922754	B070	外管切缝	922285	YXN.069.001.1011	922287	YXN.069.001.1014	1.0	1	2026-05-15 19:20:57	2026-07-20 17:11:38
1091	922160	E2E-CAP-WS-20260720091112	922755	B080	穿显影环	922285	YXN.069.001.1011	922282	YXN.069.001.1006	1.0	1	2026-05-15 19:20:57	2026-07-20 17:11:38
1092	922160	E2E-CAP-WS-20260720091112	922756	B090	压显影环	922285	YXN.069.001.1011	922281	YXN.069.001.1013	1.0	1	2026-05-15 19:20:57	2026-07-20 17:11:38
1093	922160	E2E-CAP-WS-20260720091112	922758	B220	快速交换口焊接	922285	YXN.069.001.1011	922280	YXN.069.001.1003	1.0	1	2026-05-15 19:20:58	2026-07-20 17:11:38
1094	922160	E2E-CAP-WS-20260720091112	922759	B230	RX口检测	922285	YXN.069.001.1011	922283	YXN.069.001.1009	1.0	1	2026-05-15 19:20:58	2026-07-20 17:11:38
1095	922160	E2E-CAP-WS-20260720091112	922760	B240	点胶海波管	922285	YXN.069.001.1011	922282	YXN.069.001.1006	1.0	1	2026-05-15 19:20:58	2026-07-20 17:11:38
1096	922160	E2E-CAP-WS-20260720091112	922761	B250	球囊压握	922285	YXN.069.001.1011	922282	YXN.069.001.1006	1.0	1	2026-05-15 19:20:58	2026-07-20 17:11:38
1097	922160	E2E-CAP-WS-20260720091112	922762	B280	裁剪圆角	922285	YXN.069.001.1011	922281	YXN.069.001.1013	1.0	1	2026-05-15 19:20:59	2026-07-20 17:11:38
1098	922160	E2E-CAP-WS-20260720091112	922763	B310	球囊盘管（机器）	922285	YXN.069.001.1011	922287	YXN.069.001.1014	1.0	1	2026-05-15 19:20:59	2026-07-20 17:11:38
1099	922160	E2E-CAP-WS-20260720091112	922764	B320	球囊测漏及全检	922285	YXN.069.001.1011	922280	YXN.069.001.1003	1.0	1	2026-05-15 19:20:59	2026-07-20 17:11:38
1100	922160	E2E-CAP-WS-20260720091112	922765	PROC-XLSX-00001	外管拉伸2	922285	YXN.069.001.1011	922287	YXN.069.001.1014	1.0	1	2026-05-15 19:20:57	2026-07-20 17:11:38
1101	922160	E2E-CAP-WS-20260720091112	922766	PROC-XLSX-00002	内管拉伸2	922285	YXN.069.001.1011	922280	YXN.069.001.1003	1.0	1	2026-05-15 19:20:57	2026-07-20 17:11:38
1102	922160	E2E-CAP-WS-20260720091112	922774	PROC-XLSX-00010	棘突丝拉伸2	922285	YXN.069.001.1011	922283	YXN.069.001.1009	1.0	1	2026-05-15 19:20:57	2026-07-20 17:11:38
1103	922160	E2E-CAP-WS-20260720091112	922775	PROC-XLSX-00011	棘突丝切割	922285	YXN.069.001.1011	922282	YXN.069.001.1006	1.0	1	2026-05-15 19:20:57	2026-07-20 17:11:38
1104	922160	E2E-CAP-WS-20260720091112	922776	PROC-XLSX-00012	棘突远端焊接	922285	YXN.069.001.1011	922281	YXN.069.001.1013	1.0	1	2026-05-15 19:20:57	2026-07-20 17:11:38
1105	922160	E2E-CAP-WS-20260720091112	922777	PROC-XLSX-00013	棘突远端塑型	922285	YXN.069.001.1011	922287	YXN.069.001.1014	1.0	1	2026-05-15 19:20:58	2026-07-20 17:11:38
1106	922160	E2E-CAP-WS-20260720091112	922778	PROC-XLSX-00014	棘突近端焊接	922285	YXN.069.001.1011	922283	YXN.069.001.1009	1.0	1	2026-05-15 19:20:58	2026-07-20 17:11:38
1107	922160	E2E-CAP-WS-20260720091112	922779	Z2975	棘突TPU 套管粘接	922285	YXN.069.001.1011	922281	YXN.069.001.1013	1.0	1	2026-05-15 19:20:58	2026-07-20 17:11:38
1108	922160	E2E-CAP-WS-20260720091112	922780	Z2774	棘突远端锥度焊接	922285	YXN.069.001.1011	922280	YXN.069.001.1003	1.0	1	2026-05-15 19:20:58	2026-07-20 17:11:38
1109	922160	E2E-CAP-WS-20260720091112	922781	Z2773	棘突近端粘接	922285	YXN.069.001.1011	922283	YXN.069.001.1009	1.0	1	2026-05-15 19:20:58	2026-07-20 17:11:38
1110	922160	E2E-CAP-WS-20260720091112	922782	Z2776	棘突球囊涂层	922285	YXN.069.001.1011	922282	YXN.069.001.1006	1.0	1	2026-05-15 19:20:59	2026-07-20 17:11:38
1111	922160	E2E-CAP-WS-20260720091112	922744	B010	吹球囊成型	922285	YXN.069.001.1011	922282	YXN.069.001.1006	1.0	0	2026-07-20 17:11:38	2026-07-20 17:11:38
1112	922160	E2E-CAP-WS-20260720091112	922746	B030	球囊裁剪	922285	YXN.069.001.1011	922287	YXN.069.001.1014	1.0	0	2026-07-20 17:11:38	2026-07-20 17:11:38
1113	922160	E2E-CAP-WS-20260720091112	922750	B060	外管与球囊焊接	922285	YXN.069.001.1011	922280	YXN.069.001.1003	1.0	0	2026-07-20 17:11:38	2026-07-20 17:11:38
1114	922160	E2E-CAP-WS-20260720091112	922752	B290	焊接圆角	922285	YXN.069.001.1011	922287	YXN.069.001.1014	1.0	0	2026-07-20 17:11:38	2026-07-20 17:11:38
1115	922160	E2E-CAP-WS-20260720091112	922753	B210	焊接远端锥度	922285	YXN.069.001.1011	922280	YXN.069.001.1003	1.0	0	2026-07-20 17:11:38	2026-07-20 17:11:38
1116	922160	E2E-CAP-WS-20260720091112	922754	B070	外管切缝	922285	YXN.069.001.1011	922287	YXN.069.001.1014	1.0	0	2026-07-20 17:11:38	2026-07-20 17:11:38
1117	922160	E2E-CAP-WS-20260720091112	922755	B080	穿显影环	922285	YXN.069.001.1011	922282	YXN.069.001.1006	1.0	0	2026-07-20 17:11:38	2026-07-20 17:11:38
1118	922160	E2E-CAP-WS-20260720091112	922756	B090	压显影环	922285	YXN.069.001.1011	922281	YXN.069.001.1013	1.0	0	2026-07-20 17:11:38	2026-07-20 17:11:38
1119	922160	E2E-CAP-WS-20260720091112	922758	B220	快速交换口焊接	922285	YXN.069.001.1011	922280	YXN.069.001.1003	1.0	0	2026-07-20 17:11:38	2026-07-20 17:11:38
1120	922160	E2E-CAP-WS-20260720091112	922759	B230	RX口检测	922285	YXN.069.001.1011	922283	YXN.069.001.1009	1.0	0	2026-07-20 17:11:38	2026-07-20 17:11:38
1121	922160	E2E-CAP-WS-20260720091112	922760	B240	点胶海波管	922285	YXN.069.001.1011	922282	YXN.069.001.1006	1.0	0	2026-07-20 17:11:38	2026-07-20 17:11:38
1122	922160	E2E-CAP-WS-20260720091112	922761	B250	球囊压握	922285	YXN.069.001.1011	922282	YXN.069.001.1006	1.0	0	2026-07-20 17:11:38	2026-07-20 17:11:38
1123	922160	E2E-CAP-WS-20260720091112	922762	B280	裁剪圆角	922285	YXN.069.001.1011	922281	YXN.069.001.1013	1.0	0	2026-07-20 17:11:38	2026-07-20 17:11:38
1124	922160	E2E-CAP-WS-20260720091112	922763	B310	球囊盘管（机器）	922285	YXN.069.001.1011	922287	YXN.069.001.1014	1.0	0	2026-07-20 17:11:38	2026-07-20 17:11:38
1125	922160	E2E-CAP-WS-20260720091112	922764	B320	球囊测漏及全检	922285	YXN.069.001.1011	922280	YXN.069.001.1003	1.0	0	2026-07-20 17:11:38	2026-07-20 17:11:38
1126	922160	E2E-CAP-WS-20260720091112	922765	PROC-XLSX-00001	外管拉伸2	922285	YXN.069.001.1011	922287	YXN.069.001.1014	1.0	0	2026-07-20 17:11:38	2026-07-20 17:11:38
1127	922160	E2E-CAP-WS-20260720091112	922766	PROC-XLSX-00002	内管拉伸2	922285	YXN.069.001.1011	922280	YXN.069.001.1003	1.0	0	2026-07-20 17:11:38	2026-07-20 17:11:38
1128	922160	E2E-CAP-WS-20260720091112	922774	PROC-XLSX-00010	棘突丝拉伸2	922285	YXN.069.001.1011	922283	YXN.069.001.1009	1.0	0	2026-07-20 17:11:38	2026-07-20 17:11:38
1129	922160	E2E-CAP-WS-20260720091112	922775	PROC-XLSX-00011	棘突丝切割	922285	YXN.069.001.1011	922282	YXN.069.001.1006	1.0	0	2026-07-20 17:11:38	2026-07-20 17:11:38
1130	922160	E2E-CAP-WS-20260720091112	922776	PROC-XLSX-00012	棘突远端焊接	922285	YXN.069.001.1011	922281	YXN.069.001.1013	1.0	0	2026-07-20 17:11:38	2026-07-20 17:11:38
1131	922160	E2E-CAP-WS-20260720091112	922777	PROC-XLSX-00013	棘突远端塑型	922285	YXN.069.001.1011	922287	YXN.069.001.1014	1.0	0	2026-07-20 17:11:38	2026-07-20 17:11:38
1132	922160	E2E-CAP-WS-20260720091112	922778	PROC-XLSX-00014	棘突近端焊接	922285	YXN.069.001.1011	922283	YXN.069.001.1009	1.0	0	2026-07-20 17:11:38	2026-07-20 17:11:38
1133	922160	E2E-CAP-WS-20260720091112	922779	Z2975	棘突TPU 套管粘接	922285	YXN.069.001.1011	922281	YXN.069.001.1013	1.0	0	2026-07-20 17:11:38	2026-07-20 17:11:38
1134	922160	E2E-CAP-WS-20260720091112	922780	Z2774	棘突远端锥度焊接	922285	YXN.069.001.1011	922280	YXN.069.001.1003	1.0	0	2026-07-20 17:11:38	2026-07-20 17:11:38
1135	922160	E2E-CAP-WS-20260720091112	922781	Z2773	棘突近端粘接	922285	YXN.069.001.1011	922283	YXN.069.001.1009	1.0	0	2026-07-20 17:11:38	2026-07-20 17:11:38
1136	922160	E2E-CAP-WS-20260720091112	922782	Z2776	棘突球囊涂层	922285	YXN.069.001.1011	922282	YXN.069.001.1006	1.0	0	2026-07-20 17:11:38	2026-07-20 17:11:38
1137	922161	E2E-CAP-WS-20260720092101	922744	B010	吹球囊成型	922285	YXN.069.001.1011	922282	YXN.069.001.1006	1.0	0	2026-05-15 19:20:57	2026-05-15 19:20:57
1138	922161	E2E-CAP-WS-20260720092101	922746	B030	球囊裁剪	922285	YXN.069.001.1011	922287	YXN.069.001.1014	1.0	0	2026-05-15 19:20:57	2026-05-15 19:20:57
1139	922161	E2E-CAP-WS-20260720092101	922750	B060	外管与球囊焊接	922285	YXN.069.001.1011	922280	YXN.069.001.1003	1.0	0	2026-05-15 19:20:57	2026-05-15 19:20:57
1140	922161	E2E-CAP-WS-20260720092101	922752	B290	焊接圆角	922285	YXN.069.001.1011	922287	YXN.069.001.1014	1.0	0	2026-05-15 19:20:59	2026-05-15 19:20:59
1141	922161	E2E-CAP-WS-20260720092101	922753	B210	焊接远端锥度	922285	YXN.069.001.1011	922280	YXN.069.001.1003	1.0	0	2026-05-15 19:20:58	2026-05-15 19:20:58
1142	922161	E2E-CAP-WS-20260720092101	922754	B070	外管切缝	922285	YXN.069.001.1011	922287	YXN.069.001.1014	1.0	0	2026-05-15 19:20:57	2026-05-15 19:20:57
1143	922161	E2E-CAP-WS-20260720092101	922755	B080	穿显影环	922285	YXN.069.001.1011	922282	YXN.069.001.1006	1.0	0	2026-05-15 19:20:57	2026-05-15 19:20:57
1144	922161	E2E-CAP-WS-20260720092101	922756	B090	压显影环	922285	YXN.069.001.1011	922281	YXN.069.001.1013	1.0	0	2026-05-15 19:20:57	2026-05-15 19:20:57
1145	922161	E2E-CAP-WS-20260720092101	922758	B220	快速交换口焊接	922285	YXN.069.001.1011	922280	YXN.069.001.1003	1.0	0	2026-05-15 19:20:58	2026-05-15 19:20:58
1146	922161	E2E-CAP-WS-20260720092101	922759	B230	RX口检测	922285	YXN.069.001.1011	922283	YXN.069.001.1009	1.0	0	2026-05-15 19:20:58	2026-05-15 19:20:58
1147	922161	E2E-CAP-WS-20260720092101	922760	B240	点胶海波管	922285	YXN.069.001.1011	922282	YXN.069.001.1006	1.0	0	2026-05-15 19:20:58	2026-05-15 19:20:58
1148	922161	E2E-CAP-WS-20260720092101	922761	B250	球囊压握	922285	YXN.069.001.1011	922282	YXN.069.001.1006	1.0	0	2026-05-15 19:20:58	2026-05-15 19:20:58
1149	922161	E2E-CAP-WS-20260720092101	922762	B280	裁剪圆角	922285	YXN.069.001.1011	922281	YXN.069.001.1013	1.0	0	2026-05-15 19:20:59	2026-05-15 19:20:59
1150	922161	E2E-CAP-WS-20260720092101	922763	B310	球囊盘管（机器）	922285	YXN.069.001.1011	922287	YXN.069.001.1014	1.0	0	2026-05-15 19:20:59	2026-05-15 19:20:59
1151	922161	E2E-CAP-WS-20260720092101	922764	B320	球囊测漏及全检	922285	YXN.069.001.1011	922280	YXN.069.001.1003	1.0	0	2026-05-15 19:20:59	2026-05-15 19:20:59
1152	922161	E2E-CAP-WS-20260720092101	922765	PROC-XLSX-00001	外管拉伸2	922285	YXN.069.001.1011	922287	YXN.069.001.1014	1.0	0	2026-05-15 19:20:57	2026-05-15 19:20:57
1153	922161	E2E-CAP-WS-20260720092101	922766	PROC-XLSX-00002	内管拉伸2	922285	YXN.069.001.1011	922280	YXN.069.001.1003	1.0	0	2026-05-15 19:20:57	2026-05-15 19:20:57
1154	922161	E2E-CAP-WS-20260720092101	922774	PROC-XLSX-00010	棘突丝拉伸2	922285	YXN.069.001.1011	922283	YXN.069.001.1009	1.0	0	2026-05-15 19:20:57	2026-05-15 19:20:57
1155	922161	E2E-CAP-WS-20260720092101	922775	PROC-XLSX-00011	棘突丝切割	922285	YXN.069.001.1011	922282	YXN.069.001.1006	1.0	0	2026-05-15 19:20:57	2026-05-15 19:20:57
1156	922161	E2E-CAP-WS-20260720092101	922776	PROC-XLSX-00012	棘突远端焊接	922285	YXN.069.001.1011	922281	YXN.069.001.1013	1.0	0	2026-05-15 19:20:57	2026-05-15 19:20:57
1157	922161	E2E-CAP-WS-20260720092101	922777	PROC-XLSX-00013	棘突远端塑型	922285	YXN.069.001.1011	922287	YXN.069.001.1014	1.0	0	2026-05-15 19:20:58	2026-05-15 19:20:58
1158	922161	E2E-CAP-WS-20260720092101	922778	PROC-XLSX-00014	棘突近端焊接	922285	YXN.069.001.1011	922283	YXN.069.001.1009	1.0	0	2026-05-15 19:20:58	2026-05-15 19:20:58
1159	922161	E2E-CAP-WS-20260720092101	922779	Z2975	棘突TPU 套管粘接	922285	YXN.069.001.1011	922281	YXN.069.001.1013	1.0	0	2026-05-15 19:20:58	2026-05-15 19:20:58
1160	922161	E2E-CAP-WS-20260720092101	922780	Z2774	棘突远端锥度焊接	922285	YXN.069.001.1011	922280	YXN.069.001.1003	1.0	0	2026-05-15 19:20:58	2026-05-15 19:20:58
1161	922161	E2E-CAP-WS-20260720092101	922781	Z2773	棘突近端粘接	922285	YXN.069.001.1011	922283	YXN.069.001.1009	1.0	0	2026-05-15 19:20:58	2026-05-15 19:20:58
1162	922161	E2E-CAP-WS-20260720092101	922782	Z2776	棘突球囊涂层	922285	YXN.069.001.1011	922282	YXN.069.001.1006	1.0	0	2026-05-15 19:20:59	2026-05-15 19:20:59
1163	922162	E2E-CAP-WS-20260720092744	922744	B010	吹球囊成型	922285	YXN.069.001.1011	922282	YXN.069.001.1006	1.0	1	2026-05-15 19:20:57	2026-07-20 17:28:07
1164	922162	E2E-CAP-WS-20260720092744	922746	B030	球囊裁剪	922285	YXN.069.001.1011	922287	YXN.069.001.1014	1.0	1	2026-05-15 19:20:57	2026-07-20 17:28:07
1165	922162	E2E-CAP-WS-20260720092744	922750	B060	外管与球囊焊接	922285	YXN.069.001.1011	922280	YXN.069.001.1003	1.0	1	2026-05-15 19:20:57	2026-07-20 17:28:07
1166	922162	E2E-CAP-WS-20260720092744	922752	B290	焊接圆角	922285	YXN.069.001.1011	922287	YXN.069.001.1014	1.0	1	2026-05-15 19:20:59	2026-07-20 17:28:07
1167	922162	E2E-CAP-WS-20260720092744	922753	B210	焊接远端锥度	922285	YXN.069.001.1011	922280	YXN.069.001.1003	1.0	1	2026-05-15 19:20:58	2026-07-20 17:28:07
1168	922162	E2E-CAP-WS-20260720092744	922754	B070	外管切缝	922285	YXN.069.001.1011	922287	YXN.069.001.1014	1.0	1	2026-05-15 19:20:57	2026-07-20 17:28:07
1169	922162	E2E-CAP-WS-20260720092744	922755	B080	穿显影环	922285	YXN.069.001.1011	922282	YXN.069.001.1006	1.0	1	2026-05-15 19:20:57	2026-07-20 17:28:07
1170	922162	E2E-CAP-WS-20260720092744	922756	B090	压显影环	922285	YXN.069.001.1011	922281	YXN.069.001.1013	1.0	1	2026-05-15 19:20:57	2026-07-20 17:28:07
1171	922162	E2E-CAP-WS-20260720092744	922758	B220	快速交换口焊接	922285	YXN.069.001.1011	922280	YXN.069.001.1003	1.0	1	2026-05-15 19:20:58	2026-07-20 17:28:07
1172	922162	E2E-CAP-WS-20260720092744	922759	B230	RX口检测	922285	YXN.069.001.1011	922283	YXN.069.001.1009	1.0	1	2026-05-15 19:20:58	2026-07-20 17:28:07
1173	922162	E2E-CAP-WS-20260720092744	922760	B240	点胶海波管	922285	YXN.069.001.1011	922282	YXN.069.001.1006	1.0	1	2026-05-15 19:20:58	2026-07-20 17:28:07
1174	922162	E2E-CAP-WS-20260720092744	922761	B250	球囊压握	922285	YXN.069.001.1011	922282	YXN.069.001.1006	1.0	1	2026-05-15 19:20:58	2026-07-20 17:28:07
1175	922162	E2E-CAP-WS-20260720092744	922762	B280	裁剪圆角	922285	YXN.069.001.1011	922281	YXN.069.001.1013	1.0	1	2026-05-15 19:20:59	2026-07-20 17:28:07
1176	922162	E2E-CAP-WS-20260720092744	922763	B310	球囊盘管（机器）	922285	YXN.069.001.1011	922287	YXN.069.001.1014	1.0	1	2026-05-15 19:20:59	2026-07-20 17:28:07
1177	922162	E2E-CAP-WS-20260720092744	922764	B320	球囊测漏及全检	922285	YXN.069.001.1011	922280	YXN.069.001.1003	1.0	1	2026-05-15 19:20:59	2026-07-20 17:28:07
1178	922162	E2E-CAP-WS-20260720092744	922765	PROC-XLSX-00001	外管拉伸2	922285	YXN.069.001.1011	922287	YXN.069.001.1014	1.0	1	2026-05-15 19:20:57	2026-07-20 17:28:07
1179	922162	E2E-CAP-WS-20260720092744	922766	PROC-XLSX-00002	内管拉伸2	922285	YXN.069.001.1011	922280	YXN.069.001.1003	1.0	1	2026-05-15 19:20:57	2026-07-20 17:28:07
1180	922162	E2E-CAP-WS-20260720092744	922774	PROC-XLSX-00010	棘突丝拉伸2	922285	YXN.069.001.1011	922283	YXN.069.001.1009	1.0	1	2026-05-15 19:20:57	2026-07-20 17:28:07
1181	922162	E2E-CAP-WS-20260720092744	922775	PROC-XLSX-00011	棘突丝切割	922285	YXN.069.001.1011	922282	YXN.069.001.1006	1.0	1	2026-05-15 19:20:57	2026-07-20 17:28:07
1182	922162	E2E-CAP-WS-20260720092744	922776	PROC-XLSX-00012	棘突远端焊接	922285	YXN.069.001.1011	922281	YXN.069.001.1013	1.0	1	2026-05-15 19:20:57	2026-07-20 17:28:07
1183	922162	E2E-CAP-WS-20260720092744	922777	PROC-XLSX-00013	棘突远端塑型	922285	YXN.069.001.1011	922287	YXN.069.001.1014	1.0	1	2026-05-15 19:20:58	2026-07-20 17:28:07
1184	922162	E2E-CAP-WS-20260720092744	922778	PROC-XLSX-00014	棘突近端焊接	922285	YXN.069.001.1011	922283	YXN.069.001.1009	1.0	1	2026-05-15 19:20:58	2026-07-20 17:28:07
1185	922162	E2E-CAP-WS-20260720092744	922779	Z2975	棘突TPU 套管粘接	922285	YXN.069.001.1011	922281	YXN.069.001.1013	1.0	1	2026-05-15 19:20:58	2026-07-20 17:28:07
1186	922162	E2E-CAP-WS-20260720092744	922780	Z2774	棘突远端锥度焊接	922285	YXN.069.001.1011	922280	YXN.069.001.1003	1.0	1	2026-05-15 19:20:58	2026-07-20 17:28:07
1187	922162	E2E-CAP-WS-20260720092744	922781	Z2773	棘突近端粘接	922285	YXN.069.001.1011	922283	YXN.069.001.1009	1.0	1	2026-05-15 19:20:58	2026-07-20 17:28:07
1188	922162	E2E-CAP-WS-20260720092744	922782	Z2776	棘突球囊涂层	922285	YXN.069.001.1011	922282	YXN.069.001.1006	1.0	1	2026-05-15 19:20:59	2026-07-20 17:28:07
1189	922162	E2E-CAP-WS-20260720092744	922744	B010	吹球囊成型	922285	YXN.069.001.1011	922282	YXN.069.001.1006	1.0	0	2026-07-20 17:28:08	2026-07-20 17:28:08
1190	922162	E2E-CAP-WS-20260720092744	922746	B030	球囊裁剪	922285	YXN.069.001.1011	922287	YXN.069.001.1014	1.0	0	2026-07-20 17:28:08	2026-07-20 17:28:08
1191	922162	E2E-CAP-WS-20260720092744	922750	B060	外管与球囊焊接	922285	YXN.069.001.1011	922280	YXN.069.001.1003	1.0	0	2026-07-20 17:28:08	2026-07-20 17:28:08
1192	922162	E2E-CAP-WS-20260720092744	922752	B290	焊接圆角	922285	YXN.069.001.1011	922287	YXN.069.001.1014	1.0	0	2026-07-20 17:28:08	2026-07-20 17:28:08
1193	922162	E2E-CAP-WS-20260720092744	922753	B210	焊接远端锥度	922285	YXN.069.001.1011	922280	YXN.069.001.1003	1.0	0	2026-07-20 17:28:08	2026-07-20 17:28:08
1194	922162	E2E-CAP-WS-20260720092744	922754	B070	外管切缝	922285	YXN.069.001.1011	922287	YXN.069.001.1014	1.0	0	2026-07-20 17:28:08	2026-07-20 17:28:08
1195	922162	E2E-CAP-WS-20260720092744	922755	B080	穿显影环	922285	YXN.069.001.1011	922282	YXN.069.001.1006	1.0	0	2026-07-20 17:28:08	2026-07-20 17:28:08
1196	922162	E2E-CAP-WS-20260720092744	922756	B090	压显影环	922285	YXN.069.001.1011	922281	YXN.069.001.1013	1.0	0	2026-07-20 17:28:08	2026-07-20 17:28:08
1197	922162	E2E-CAP-WS-20260720092744	922758	B220	快速交换口焊接	922285	YXN.069.001.1011	922280	YXN.069.001.1003	1.0	0	2026-07-20 17:28:08	2026-07-20 17:28:08
1198	922162	E2E-CAP-WS-20260720092744	922759	B230	RX口检测	922285	YXN.069.001.1011	922283	YXN.069.001.1009	1.0	0	2026-07-20 17:28:08	2026-07-20 17:28:08
1199	922162	E2E-CAP-WS-20260720092744	922760	B240	点胶海波管	922285	YXN.069.001.1011	922282	YXN.069.001.1006	1.0	0	2026-07-20 17:28:08	2026-07-20 17:28:08
1200	922162	E2E-CAP-WS-20260720092744	922761	B250	球囊压握	922285	YXN.069.001.1011	922282	YXN.069.001.1006	1.0	0	2026-07-20 17:28:08	2026-07-20 17:28:08
1201	922162	E2E-CAP-WS-20260720092744	922762	B280	裁剪圆角	922285	YXN.069.001.1011	922281	YXN.069.001.1013	1.0	0	2026-07-20 17:28:08	2026-07-20 17:28:08
1202	922162	E2E-CAP-WS-20260720092744	922763	B310	球囊盘管（机器）	922285	YXN.069.001.1011	922287	YXN.069.001.1014	1.0	0	2026-07-20 17:28:08	2026-07-20 17:28:08
1203	922162	E2E-CAP-WS-20260720092744	922764	B320	球囊测漏及全检	922285	YXN.069.001.1011	922280	YXN.069.001.1003	1.0	0	2026-07-20 17:28:08	2026-07-20 17:28:08
1204	922162	E2E-CAP-WS-20260720092744	922765	PROC-XLSX-00001	外管拉伸2	922285	YXN.069.001.1011	922287	YXN.069.001.1014	1.0	0	2026-07-20 17:28:08	2026-07-20 17:28:08
1205	922162	E2E-CAP-WS-20260720092744	922766	PROC-XLSX-00002	内管拉伸2	922285	YXN.069.001.1011	922280	YXN.069.001.1003	1.0	0	2026-07-20 17:28:08	2026-07-20 17:28:08
1206	922162	E2E-CAP-WS-20260720092744	922774	PROC-XLSX-00010	棘突丝拉伸2	922285	YXN.069.001.1011	922283	YXN.069.001.1009	1.0	0	2026-07-20 17:28:08	2026-07-20 17:28:08
1207	922162	E2E-CAP-WS-20260720092744	922775	PROC-XLSX-00011	棘突丝切割	922285	YXN.069.001.1011	922282	YXN.069.001.1006	1.0	0	2026-07-20 17:28:08	2026-07-20 17:28:08
1208	922162	E2E-CAP-WS-20260720092744	922776	PROC-XLSX-00012	棘突远端焊接	922285	YXN.069.001.1011	922281	YXN.069.001.1013	1.0	0	2026-07-20 17:28:08	2026-07-20 17:28:08
1209	922162	E2E-CAP-WS-20260720092744	922777	PROC-XLSX-00013	棘突远端塑型	922285	YXN.069.001.1011	922287	YXN.069.001.1014	1.0	0	2026-07-20 17:28:08	2026-07-20 17:28:08
1210	922162	E2E-CAP-WS-20260720092744	922778	PROC-XLSX-00014	棘突近端焊接	922285	YXN.069.001.1011	922283	YXN.069.001.1009	1.0	0	2026-07-20 17:28:08	2026-07-20 17:28:08
1211	922162	E2E-CAP-WS-20260720092744	922779	Z2975	棘突TPU 套管粘接	922285	YXN.069.001.1011	922281	YXN.069.001.1013	1.0	0	2026-07-20 17:28:08	2026-07-20 17:28:08
1212	922162	E2E-CAP-WS-20260720092744	922780	Z2774	棘突远端锥度焊接	922285	YXN.069.001.1011	922280	YXN.069.001.1003	1.0	0	2026-07-20 17:28:08	2026-07-20 17:28:08
1213	922162	E2E-CAP-WS-20260720092744	922781	Z2773	棘突近端粘接	922285	YXN.069.001.1011	922283	YXN.069.001.1009	1.0	0	2026-07-20 17:28:08	2026-07-20 17:28:08
1214	922162	E2E-CAP-WS-20260720092744	922782	Z2776	棘突球囊涂层	922285	YXN.069.001.1011	922282	YXN.069.001.1006	1.0	0	2026-07-20 17:28:08	2026-07-20 17:28:08
1215	922163	E2E-CAP-WS-20260720093819	922744	B010	吹球囊成型	922285	YXN.069.001.1011	922282	YXN.069.001.1006	1.0	1	2026-05-15 19:20:57	2026-07-20 17:38:44
1216	922163	E2E-CAP-WS-20260720093819	922746	B030	球囊裁剪	922285	YXN.069.001.1011	922287	YXN.069.001.1014	1.0	1	2026-05-15 19:20:57	2026-07-20 17:38:44
1217	922163	E2E-CAP-WS-20260720093819	922750	B060	外管与球囊焊接	922285	YXN.069.001.1011	922280	YXN.069.001.1003	1.0	1	2026-05-15 19:20:57	2026-07-20 17:38:44
1218	922163	E2E-CAP-WS-20260720093819	922752	B290	焊接圆角	922285	YXN.069.001.1011	922287	YXN.069.001.1014	1.0	1	2026-05-15 19:20:59	2026-07-20 17:38:44
1219	922163	E2E-CAP-WS-20260720093819	922753	B210	焊接远端锥度	922285	YXN.069.001.1011	922280	YXN.069.001.1003	1.0	1	2026-05-15 19:20:58	2026-07-20 17:38:44
1220	922163	E2E-CAP-WS-20260720093819	922754	B070	外管切缝	922285	YXN.069.001.1011	922287	YXN.069.001.1014	1.0	1	2026-05-15 19:20:57	2026-07-20 17:38:44
1221	922163	E2E-CAP-WS-20260720093819	922755	B080	穿显影环	922285	YXN.069.001.1011	922282	YXN.069.001.1006	1.0	1	2026-05-15 19:20:57	2026-07-20 17:38:44
1222	922163	E2E-CAP-WS-20260720093819	922756	B090	压显影环	922285	YXN.069.001.1011	922281	YXN.069.001.1013	1.0	1	2026-05-15 19:20:57	2026-07-20 17:38:44
1223	922163	E2E-CAP-WS-20260720093819	922758	B220	快速交换口焊接	922285	YXN.069.001.1011	922280	YXN.069.001.1003	1.0	1	2026-05-15 19:20:58	2026-07-20 17:38:44
1224	922163	E2E-CAP-WS-20260720093819	922759	B230	RX口检测	922285	YXN.069.001.1011	922283	YXN.069.001.1009	1.0	1	2026-05-15 19:20:58	2026-07-20 17:38:44
1225	922163	E2E-CAP-WS-20260720093819	922760	B240	点胶海波管	922285	YXN.069.001.1011	922282	YXN.069.001.1006	1.0	1	2026-05-15 19:20:58	2026-07-20 17:38:44
1226	922163	E2E-CAP-WS-20260720093819	922761	B250	球囊压握	922285	YXN.069.001.1011	922282	YXN.069.001.1006	1.0	1	2026-05-15 19:20:58	2026-07-20 17:38:44
1227	922163	E2E-CAP-WS-20260720093819	922762	B280	裁剪圆角	922285	YXN.069.001.1011	922281	YXN.069.001.1013	1.0	1	2026-05-15 19:20:59	2026-07-20 17:38:44
1228	922163	E2E-CAP-WS-20260720093819	922763	B310	球囊盘管（机器）	922285	YXN.069.001.1011	922287	YXN.069.001.1014	1.0	1	2026-05-15 19:20:59	2026-07-20 17:38:44
1229	922163	E2E-CAP-WS-20260720093819	922764	B320	球囊测漏及全检	922285	YXN.069.001.1011	922280	YXN.069.001.1003	1.0	1	2026-05-15 19:20:59	2026-07-20 17:38:44
1230	922163	E2E-CAP-WS-20260720093819	922765	PROC-XLSX-00001	外管拉伸2	922285	YXN.069.001.1011	922287	YXN.069.001.1014	1.0	1	2026-05-15 19:20:57	2026-07-20 17:38:44
1231	922163	E2E-CAP-WS-20260720093819	922766	PROC-XLSX-00002	内管拉伸2	922285	YXN.069.001.1011	922280	YXN.069.001.1003	1.0	1	2026-05-15 19:20:57	2026-07-20 17:38:44
1232	922163	E2E-CAP-WS-20260720093819	922774	PROC-XLSX-00010	棘突丝拉伸2	922285	YXN.069.001.1011	922283	YXN.069.001.1009	1.0	1	2026-05-15 19:20:57	2026-07-20 17:38:44
1233	922163	E2E-CAP-WS-20260720093819	922775	PROC-XLSX-00011	棘突丝切割	922285	YXN.069.001.1011	922282	YXN.069.001.1006	1.0	1	2026-05-15 19:20:57	2026-07-20 17:38:44
1234	922163	E2E-CAP-WS-20260720093819	922776	PROC-XLSX-00012	棘突远端焊接	922285	YXN.069.001.1011	922281	YXN.069.001.1013	1.0	1	2026-05-15 19:20:57	2026-07-20 17:38:44
1235	922163	E2E-CAP-WS-20260720093819	922777	PROC-XLSX-00013	棘突远端塑型	922285	YXN.069.001.1011	922287	YXN.069.001.1014	1.0	1	2026-05-15 19:20:58	2026-07-20 17:38:44
1236	922163	E2E-CAP-WS-20260720093819	922778	PROC-XLSX-00014	棘突近端焊接	922285	YXN.069.001.1011	922283	YXN.069.001.1009	1.0	1	2026-05-15 19:20:58	2026-07-20 17:38:44
1237	922163	E2E-CAP-WS-20260720093819	922779	Z2975	棘突TPU 套管粘接	922285	YXN.069.001.1011	922281	YXN.069.001.1013	1.0	1	2026-05-15 19:20:58	2026-07-20 17:38:44
1238	922163	E2E-CAP-WS-20260720093819	922780	Z2774	棘突远端锥度焊接	922285	YXN.069.001.1011	922280	YXN.069.001.1003	1.0	1	2026-05-15 19:20:58	2026-07-20 17:38:44
1239	922163	E2E-CAP-WS-20260720093819	922781	Z2773	棘突近端粘接	922285	YXN.069.001.1011	922283	YXN.069.001.1009	1.0	1	2026-05-15 19:20:58	2026-07-20 17:38:44
1240	922163	E2E-CAP-WS-20260720093819	922782	Z2776	棘突球囊涂层	922285	YXN.069.001.1011	922282	YXN.069.001.1006	1.0	1	2026-05-15 19:20:59	2026-07-20 17:38:44
1241	922163	E2E-CAP-WS-20260720093819	922744	B010	吹球囊成型	922285	YXN.069.001.1011	922282	YXN.069.001.1006	1.0	0	2026-07-20 17:38:45	2026-07-20 17:38:45
1242	922163	E2E-CAP-WS-20260720093819	922746	B030	球囊裁剪	922285	YXN.069.001.1011	922287	YXN.069.001.1014	1.0	0	2026-07-20 17:38:45	2026-07-20 17:38:45
1243	922163	E2E-CAP-WS-20260720093819	922750	B060	外管与球囊焊接	922285	YXN.069.001.1011	922280	YXN.069.001.1003	1.0	0	2026-07-20 17:38:45	2026-07-20 17:38:45
1244	922163	E2E-CAP-WS-20260720093819	922752	B290	焊接圆角	922285	YXN.069.001.1011	922287	YXN.069.001.1014	1.0	0	2026-07-20 17:38:45	2026-07-20 17:38:45
1245	922163	E2E-CAP-WS-20260720093819	922753	B210	焊接远端锥度	922285	YXN.069.001.1011	922280	YXN.069.001.1003	1.0	0	2026-07-20 17:38:45	2026-07-20 17:38:45
1246	922163	E2E-CAP-WS-20260720093819	922754	B070	外管切缝	922285	YXN.069.001.1011	922287	YXN.069.001.1014	1.0	0	2026-07-20 17:38:45	2026-07-20 17:38:45
1247	922163	E2E-CAP-WS-20260720093819	922755	B080	穿显影环	922285	YXN.069.001.1011	922282	YXN.069.001.1006	1.0	0	2026-07-20 17:38:45	2026-07-20 17:38:45
1248	922163	E2E-CAP-WS-20260720093819	922756	B090	压显影环	922285	YXN.069.001.1011	922281	YXN.069.001.1013	1.0	0	2026-07-20 17:38:45	2026-07-20 17:38:45
1249	922163	E2E-CAP-WS-20260720093819	922758	B220	快速交换口焊接	922285	YXN.069.001.1011	922280	YXN.069.001.1003	1.0	0	2026-07-20 17:38:45	2026-07-20 17:38:45
1250	922163	E2E-CAP-WS-20260720093819	922759	B230	RX口检测	922285	YXN.069.001.1011	922283	YXN.069.001.1009	1.0	0	2026-07-20 17:38:45	2026-07-20 17:38:45
1251	922163	E2E-CAP-WS-20260720093819	922760	B240	点胶海波管	922285	YXN.069.001.1011	922282	YXN.069.001.1006	1.0	0	2026-07-20 17:38:45	2026-07-20 17:38:45
1252	922163	E2E-CAP-WS-20260720093819	922761	B250	球囊压握	922285	YXN.069.001.1011	922282	YXN.069.001.1006	1.0	0	2026-07-20 17:38:45	2026-07-20 17:38:45
1253	922163	E2E-CAP-WS-20260720093819	922762	B280	裁剪圆角	922285	YXN.069.001.1011	922281	YXN.069.001.1013	1.0	0	2026-07-20 17:38:45	2026-07-20 17:38:45
1254	922163	E2E-CAP-WS-20260720093819	922763	B310	球囊盘管（机器）	922285	YXN.069.001.1011	922287	YXN.069.001.1014	1.0	0	2026-07-20 17:38:45	2026-07-20 17:38:45
1255	922163	E2E-CAP-WS-20260720093819	922764	B320	球囊测漏及全检	922285	YXN.069.001.1011	922280	YXN.069.001.1003	1.0	0	2026-07-20 17:38:45	2026-07-20 17:38:45
1256	922163	E2E-CAP-WS-20260720093819	922765	PROC-XLSX-00001	外管拉伸2	922285	YXN.069.001.1011	922287	YXN.069.001.1014	1.0	0	2026-07-20 17:38:45	2026-07-20 17:38:45
1257	922163	E2E-CAP-WS-20260720093819	922766	PROC-XLSX-00002	内管拉伸2	922285	YXN.069.001.1011	922280	YXN.069.001.1003	1.0	0	2026-07-20 17:38:45	2026-07-20 17:38:45
1258	922163	E2E-CAP-WS-20260720093819	922774	PROC-XLSX-00010	棘突丝拉伸2	922285	YXN.069.001.1011	922283	YXN.069.001.1009	1.0	0	2026-07-20 17:38:45	2026-07-20 17:38:45
1259	922163	E2E-CAP-WS-20260720093819	922775	PROC-XLSX-00011	棘突丝切割	922285	YXN.069.001.1011	922282	YXN.069.001.1006	1.0	0	2026-07-20 17:38:45	2026-07-20 17:38:45
1260	922163	E2E-CAP-WS-20260720093819	922776	PROC-XLSX-00012	棘突远端焊接	922285	YXN.069.001.1011	922281	YXN.069.001.1013	1.0	0	2026-07-20 17:38:45	2026-07-20 17:38:45
1261	922163	E2E-CAP-WS-20260720093819	922777	PROC-XLSX-00013	棘突远端塑型	922285	YXN.069.001.1011	922287	YXN.069.001.1014	1.0	0	2026-07-20 17:38:45	2026-07-20 17:38:45
1262	922163	E2E-CAP-WS-20260720093819	922778	PROC-XLSX-00014	棘突近端焊接	922285	YXN.069.001.1011	922283	YXN.069.001.1009	1.0	0	2026-07-20 17:38:45	2026-07-20 17:38:45
1263	922163	E2E-CAP-WS-20260720093819	922779	Z2975	棘突TPU 套管粘接	922285	YXN.069.001.1011	922281	YXN.069.001.1013	1.0	0	2026-07-20 17:38:45	2026-07-20 17:38:45
1264	922163	E2E-CAP-WS-20260720093819	922780	Z2774	棘突远端锥度焊接	922285	YXN.069.001.1011	922280	YXN.069.001.1003	1.0	0	2026-07-20 17:38:45	2026-07-20 17:38:45
1265	922163	E2E-CAP-WS-20260720093819	922781	Z2773	棘突近端粘接	922285	YXN.069.001.1011	922283	YXN.069.001.1009	1.0	0	2026-07-20 17:38:45	2026-07-20 17:38:45
1266	922163	E2E-CAP-WS-20260720093819	922782	Z2776	棘突球囊涂层	922285	YXN.069.001.1011	922282	YXN.069.001.1006	1.0	0	2026-07-20 17:38:45	2026-07-20 17:38:45
1267	922164	E2E-CAP-WS-20260720100542	922744	B010	吹球囊成型	922285	YXN.069.001.1011	922282	YXN.069.001.1006	1.0	1	2026-05-15 19:20:57	2026-07-20 18:06:09
1268	922164	E2E-CAP-WS-20260720100542	922746	B030	球囊裁剪	922285	YXN.069.001.1011	922287	YXN.069.001.1014	1.0	1	2026-05-15 19:20:57	2026-07-20 18:06:09
1269	922164	E2E-CAP-WS-20260720100542	922750	B060	外管与球囊焊接	922285	YXN.069.001.1011	922280	YXN.069.001.1003	1.0	1	2026-05-15 19:20:57	2026-07-20 18:06:09
1270	922164	E2E-CAP-WS-20260720100542	922752	B290	焊接圆角	922285	YXN.069.001.1011	922287	YXN.069.001.1014	1.0	1	2026-05-15 19:20:59	2026-07-20 18:06:09
1271	922164	E2E-CAP-WS-20260720100542	922753	B210	焊接远端锥度	922285	YXN.069.001.1011	922280	YXN.069.001.1003	1.0	1	2026-05-15 19:20:58	2026-07-20 18:06:09
1272	922164	E2E-CAP-WS-20260720100542	922754	B070	外管切缝	922285	YXN.069.001.1011	922287	YXN.069.001.1014	1.0	1	2026-05-15 19:20:57	2026-07-20 18:06:09
1273	922164	E2E-CAP-WS-20260720100542	922755	B080	穿显影环	922285	YXN.069.001.1011	922282	YXN.069.001.1006	1.0	1	2026-05-15 19:20:57	2026-07-20 18:06:09
1274	922164	E2E-CAP-WS-20260720100542	922756	B090	压显影环	922285	YXN.069.001.1011	922281	YXN.069.001.1013	1.0	1	2026-05-15 19:20:57	2026-07-20 18:06:09
1275	922164	E2E-CAP-WS-20260720100542	922758	B220	快速交换口焊接	922285	YXN.069.001.1011	922280	YXN.069.001.1003	1.0	1	2026-05-15 19:20:58	2026-07-20 18:06:09
1276	922164	E2E-CAP-WS-20260720100542	922759	B230	RX口检测	922285	YXN.069.001.1011	922283	YXN.069.001.1009	1.0	1	2026-05-15 19:20:58	2026-07-20 18:06:09
1277	922164	E2E-CAP-WS-20260720100542	922760	B240	点胶海波管	922285	YXN.069.001.1011	922282	YXN.069.001.1006	1.0	1	2026-05-15 19:20:58	2026-07-20 18:06:09
1278	922164	E2E-CAP-WS-20260720100542	922761	B250	球囊压握	922285	YXN.069.001.1011	922282	YXN.069.001.1006	1.0	1	2026-05-15 19:20:58	2026-07-20 18:06:09
1279	922164	E2E-CAP-WS-20260720100542	922762	B280	裁剪圆角	922285	YXN.069.001.1011	922281	YXN.069.001.1013	1.0	1	2026-05-15 19:20:59	2026-07-20 18:06:09
1280	922164	E2E-CAP-WS-20260720100542	922763	B310	球囊盘管（机器）	922285	YXN.069.001.1011	922287	YXN.069.001.1014	1.0	1	2026-05-15 19:20:59	2026-07-20 18:06:09
1281	922164	E2E-CAP-WS-20260720100542	922764	B320	球囊测漏及全检	922285	YXN.069.001.1011	922280	YXN.069.001.1003	1.0	1	2026-05-15 19:20:59	2026-07-20 18:06:09
1282	922164	E2E-CAP-WS-20260720100542	922765	PROC-XLSX-00001	外管拉伸2	922285	YXN.069.001.1011	922287	YXN.069.001.1014	1.0	1	2026-05-15 19:20:57	2026-07-20 18:06:09
1283	922164	E2E-CAP-WS-20260720100542	922766	PROC-XLSX-00002	内管拉伸2	922285	YXN.069.001.1011	922280	YXN.069.001.1003	1.0	1	2026-05-15 19:20:57	2026-07-20 18:06:09
1284	922164	E2E-CAP-WS-20260720100542	922774	PROC-XLSX-00010	棘突丝拉伸2	922285	YXN.069.001.1011	922283	YXN.069.001.1009	1.0	1	2026-05-15 19:20:57	2026-07-20 18:06:09
1285	922164	E2E-CAP-WS-20260720100542	922775	PROC-XLSX-00011	棘突丝切割	922285	YXN.069.001.1011	922282	YXN.069.001.1006	1.0	1	2026-05-15 19:20:57	2026-07-20 18:06:09
1286	922164	E2E-CAP-WS-20260720100542	922776	PROC-XLSX-00012	棘突远端焊接	922285	YXN.069.001.1011	922281	YXN.069.001.1013	1.0	1	2026-05-15 19:20:57	2026-07-20 18:06:09
1287	922164	E2E-CAP-WS-20260720100542	922777	PROC-XLSX-00013	棘突远端塑型	922285	YXN.069.001.1011	922287	YXN.069.001.1014	1.0	1	2026-05-15 19:20:58	2026-07-20 18:06:09
1288	922164	E2E-CAP-WS-20260720100542	922778	PROC-XLSX-00014	棘突近端焊接	922285	YXN.069.001.1011	922283	YXN.069.001.1009	1.0	1	2026-05-15 19:20:58	2026-07-20 18:06:09
1289	922164	E2E-CAP-WS-20260720100542	922779	Z2975	棘突TPU 套管粘接	922285	YXN.069.001.1011	922281	YXN.069.001.1013	1.0	1	2026-05-15 19:20:58	2026-07-20 18:06:09
1290	922164	E2E-CAP-WS-20260720100542	922780	Z2774	棘突远端锥度焊接	922285	YXN.069.001.1011	922280	YXN.069.001.1003	1.0	1	2026-05-15 19:20:58	2026-07-20 18:06:09
1291	922164	E2E-CAP-WS-20260720100542	922781	Z2773	棘突近端粘接	922285	YXN.069.001.1011	922283	YXN.069.001.1009	1.0	1	2026-05-15 19:20:58	2026-07-20 18:06:09
1292	922164	E2E-CAP-WS-20260720100542	922782	Z2776	棘突球囊涂层	922285	YXN.069.001.1011	922282	YXN.069.001.1006	1.0	1	2026-05-15 19:20:59	2026-07-20 18:06:09
1293	922164	E2E-CAP-WS-20260720100542	922744	B010	吹球囊成型	922285	YXN.069.001.1011	922282	YXN.069.001.1006	1.0	0	2026-07-20 18:06:11	2026-07-20 18:06:11
1294	922164	E2E-CAP-WS-20260720100542	922746	B030	球囊裁剪	922285	YXN.069.001.1011	922287	YXN.069.001.1014	1.0	0	2026-07-20 18:06:11	2026-07-20 18:06:11
1295	922164	E2E-CAP-WS-20260720100542	922750	B060	外管与球囊焊接	922285	YXN.069.001.1011	922280	YXN.069.001.1003	1.0	0	2026-07-20 18:06:11	2026-07-20 18:06:11
1296	922164	E2E-CAP-WS-20260720100542	922752	B290	焊接圆角	922285	YXN.069.001.1011	922287	YXN.069.001.1014	1.0	0	2026-07-20 18:06:11	2026-07-20 18:06:11
1297	922164	E2E-CAP-WS-20260720100542	922753	B210	焊接远端锥度	922285	YXN.069.001.1011	922280	YXN.069.001.1003	1.0	0	2026-07-20 18:06:11	2026-07-20 18:06:11
1298	922164	E2E-CAP-WS-20260720100542	922754	B070	外管切缝	922285	YXN.069.001.1011	922287	YXN.069.001.1014	1.0	0	2026-07-20 18:06:11	2026-07-20 18:06:11
1299	922164	E2E-CAP-WS-20260720100542	922755	B080	穿显影环	922285	YXN.069.001.1011	922282	YXN.069.001.1006	1.0	0	2026-07-20 18:06:11	2026-07-20 18:06:11
1300	922164	E2E-CAP-WS-20260720100542	922756	B090	压显影环	922285	YXN.069.001.1011	922281	YXN.069.001.1013	1.0	0	2026-07-20 18:06:11	2026-07-20 18:06:11
1301	922164	E2E-CAP-WS-20260720100542	922758	B220	快速交换口焊接	922285	YXN.069.001.1011	922280	YXN.069.001.1003	1.0	0	2026-07-20 18:06:11	2026-07-20 18:06:11
1302	922164	E2E-CAP-WS-20260720100542	922759	B230	RX口检测	922285	YXN.069.001.1011	922283	YXN.069.001.1009	1.0	0	2026-07-20 18:06:11	2026-07-20 18:06:11
1303	922164	E2E-CAP-WS-20260720100542	922760	B240	点胶海波管	922285	YXN.069.001.1011	922282	YXN.069.001.1006	1.0	0	2026-07-20 18:06:11	2026-07-20 18:06:11
1304	922164	E2E-CAP-WS-20260720100542	922761	B250	球囊压握	922285	YXN.069.001.1011	922282	YXN.069.001.1006	1.0	0	2026-07-20 18:06:11	2026-07-20 18:06:11
1305	922164	E2E-CAP-WS-20260720100542	922762	B280	裁剪圆角	922285	YXN.069.001.1011	922281	YXN.069.001.1013	1.0	0	2026-07-20 18:06:11	2026-07-20 18:06:11
1306	922164	E2E-CAP-WS-20260720100542	922763	B310	球囊盘管（机器）	922285	YXN.069.001.1011	922287	YXN.069.001.1014	1.0	0	2026-07-20 18:06:11	2026-07-20 18:06:11
1307	922164	E2E-CAP-WS-20260720100542	922764	B320	球囊测漏及全检	922285	YXN.069.001.1011	922280	YXN.069.001.1003	1.0	0	2026-07-20 18:06:11	2026-07-20 18:06:11
1308	922164	E2E-CAP-WS-20260720100542	922765	PROC-XLSX-00001	外管拉伸2	922285	YXN.069.001.1011	922287	YXN.069.001.1014	1.0	0	2026-07-20 18:06:11	2026-07-20 18:06:11
1309	922164	E2E-CAP-WS-20260720100542	922766	PROC-XLSX-00002	内管拉伸2	922285	YXN.069.001.1011	922280	YXN.069.001.1003	1.0	0	2026-07-20 18:06:11	2026-07-20 18:06:11
1310	922164	E2E-CAP-WS-20260720100542	922774	PROC-XLSX-00010	棘突丝拉伸2	922285	YXN.069.001.1011	922283	YXN.069.001.1009	1.0	0	2026-07-20 18:06:11	2026-07-20 18:06:11
1311	922164	E2E-CAP-WS-20260720100542	922775	PROC-XLSX-00011	棘突丝切割	922285	YXN.069.001.1011	922282	YXN.069.001.1006	1.0	0	2026-07-20 18:06:11	2026-07-20 18:06:11
1312	922164	E2E-CAP-WS-20260720100542	922776	PROC-XLSX-00012	棘突远端焊接	922285	YXN.069.001.1011	922281	YXN.069.001.1013	1.0	0	2026-07-20 18:06:11	2026-07-20 18:06:11
1313	922164	E2E-CAP-WS-20260720100542	922777	PROC-XLSX-00013	棘突远端塑型	922285	YXN.069.001.1011	922287	YXN.069.001.1014	1.0	0	2026-07-20 18:06:11	2026-07-20 18:06:11
1314	922164	E2E-CAP-WS-20260720100542	922778	PROC-XLSX-00014	棘突近端焊接	922285	YXN.069.001.1011	922283	YXN.069.001.1009	1.0	0	2026-07-20 18:06:11	2026-07-20 18:06:11
1315	922164	E2E-CAP-WS-20260720100542	922779	Z2975	棘突TPU 套管粘接	922285	YXN.069.001.1011	922281	YXN.069.001.1013	1.0	0	2026-07-20 18:06:11	2026-07-20 18:06:11
1316	922164	E2E-CAP-WS-20260720100542	922780	Z2774	棘突远端锥度焊接	922285	YXN.069.001.1011	922280	YXN.069.001.1003	1.0	0	2026-07-20 18:06:11	2026-07-20 18:06:11
1317	922164	E2E-CAP-WS-20260720100542	922781	Z2773	棘突近端粘接	922285	YXN.069.001.1011	922283	YXN.069.001.1009	1.0	0	2026-07-20 18:06:11	2026-07-20 18:06:11
1318	922164	E2E-CAP-WS-20260720100542	922782	Z2776	棘突球囊涂层	922285	YXN.069.001.1011	922282	YXN.069.001.1006	1.0	0	2026-07-20 18:06:11	2026-07-20 18:06:11
1319	922165	E2E-CAP-WS-20260720115125	922744	B010	吹球囊成型	922285	YXN.069.001.1011	922282	YXN.069.001.1006	1.0	1	2026-05-15 19:20:57	2026-07-20 19:52:07
1320	922165	E2E-CAP-WS-20260720115125	922746	B030	球囊裁剪	922285	YXN.069.001.1011	922287	YXN.069.001.1014	1.0	1	2026-05-15 19:20:57	2026-07-20 19:52:07
1321	922165	E2E-CAP-WS-20260720115125	922750	B060	外管与球囊焊接	922285	YXN.069.001.1011	922280	YXN.069.001.1003	1.0	1	2026-05-15 19:20:57	2026-07-20 19:52:07
1322	922165	E2E-CAP-WS-20260720115125	922752	B290	焊接圆角	922285	YXN.069.001.1011	922287	YXN.069.001.1014	1.0	1	2026-05-15 19:20:59	2026-07-20 19:52:07
1323	922165	E2E-CAP-WS-20260720115125	922753	B210	焊接远端锥度	922285	YXN.069.001.1011	922280	YXN.069.001.1003	1.0	1	2026-05-15 19:20:58	2026-07-20 19:52:07
1324	922165	E2E-CAP-WS-20260720115125	922754	B070	外管切缝	922285	YXN.069.001.1011	922287	YXN.069.001.1014	1.0	1	2026-05-15 19:20:57	2026-07-20 19:52:07
1325	922165	E2E-CAP-WS-20260720115125	922755	B080	穿显影环	922285	YXN.069.001.1011	922282	YXN.069.001.1006	1.0	1	2026-05-15 19:20:57	2026-07-20 19:52:07
1326	922165	E2E-CAP-WS-20260720115125	922756	B090	压显影环	922285	YXN.069.001.1011	922281	YXN.069.001.1013	1.0	1	2026-05-15 19:20:57	2026-07-20 19:52:07
1327	922165	E2E-CAP-WS-20260720115125	922758	B220	快速交换口焊接	922285	YXN.069.001.1011	922280	YXN.069.001.1003	1.0	1	2026-05-15 19:20:58	2026-07-20 19:52:07
1328	922165	E2E-CAP-WS-20260720115125	922759	B230	RX口检测	922285	YXN.069.001.1011	922283	YXN.069.001.1009	1.0	1	2026-05-15 19:20:58	2026-07-20 19:52:07
1329	922165	E2E-CAP-WS-20260720115125	922760	B240	点胶海波管	922285	YXN.069.001.1011	922282	YXN.069.001.1006	1.0	1	2026-05-15 19:20:58	2026-07-20 19:52:07
1330	922165	E2E-CAP-WS-20260720115125	922761	B250	球囊压握	922285	YXN.069.001.1011	922282	YXN.069.001.1006	1.0	1	2026-05-15 19:20:58	2026-07-20 19:52:07
1331	922165	E2E-CAP-WS-20260720115125	922762	B280	裁剪圆角	922285	YXN.069.001.1011	922281	YXN.069.001.1013	1.0	1	2026-05-15 19:20:59	2026-07-20 19:52:07
1332	922165	E2E-CAP-WS-20260720115125	922763	B310	球囊盘管（机器）	922285	YXN.069.001.1011	922287	YXN.069.001.1014	1.0	1	2026-05-15 19:20:59	2026-07-20 19:52:07
1333	922165	E2E-CAP-WS-20260720115125	922764	B320	球囊测漏及全检	922285	YXN.069.001.1011	922280	YXN.069.001.1003	1.0	1	2026-05-15 19:20:59	2026-07-20 19:52:07
1334	922165	E2E-CAP-WS-20260720115125	922765	PROC-XLSX-00001	外管拉伸2	922285	YXN.069.001.1011	922287	YXN.069.001.1014	1.0	1	2026-05-15 19:20:57	2026-07-20 19:52:07
1335	922165	E2E-CAP-WS-20260720115125	922766	PROC-XLSX-00002	内管拉伸2	922285	YXN.069.001.1011	922280	YXN.069.001.1003	1.0	1	2026-05-15 19:20:57	2026-07-20 19:52:07
1336	922165	E2E-CAP-WS-20260720115125	922774	PROC-XLSX-00010	棘突丝拉伸2	922285	YXN.069.001.1011	922283	YXN.069.001.1009	1.0	1	2026-05-15 19:20:57	2026-07-20 19:52:07
1337	922165	E2E-CAP-WS-20260720115125	922775	PROC-XLSX-00011	棘突丝切割	922285	YXN.069.001.1011	922282	YXN.069.001.1006	1.0	1	2026-05-15 19:20:57	2026-07-20 19:52:07
1338	922165	E2E-CAP-WS-20260720115125	922776	PROC-XLSX-00012	棘突远端焊接	922285	YXN.069.001.1011	922281	YXN.069.001.1013	1.0	1	2026-05-15 19:20:57	2026-07-20 19:52:07
1339	922165	E2E-CAP-WS-20260720115125	922777	PROC-XLSX-00013	棘突远端塑型	922285	YXN.069.001.1011	922287	YXN.069.001.1014	1.0	1	2026-05-15 19:20:58	2026-07-20 19:52:07
1340	922165	E2E-CAP-WS-20260720115125	922778	PROC-XLSX-00014	棘突近端焊接	922285	YXN.069.001.1011	922283	YXN.069.001.1009	1.0	1	2026-05-15 19:20:58	2026-07-20 19:52:07
1341	922165	E2E-CAP-WS-20260720115125	922779	Z2975	棘突TPU 套管粘接	922285	YXN.069.001.1011	922281	YXN.069.001.1013	1.0	1	2026-05-15 19:20:58	2026-07-20 19:52:07
1342	922165	E2E-CAP-WS-20260720115125	922780	Z2774	棘突远端锥度焊接	922285	YXN.069.001.1011	922280	YXN.069.001.1003	1.0	1	2026-05-15 19:20:58	2026-07-20 19:52:07
1343	922165	E2E-CAP-WS-20260720115125	922781	Z2773	棘突近端粘接	922285	YXN.069.001.1011	922283	YXN.069.001.1009	1.0	1	2026-05-15 19:20:58	2026-07-20 19:52:07
1344	922165	E2E-CAP-WS-20260720115125	922782	Z2776	棘突球囊涂层	922285	YXN.069.001.1011	922282	YXN.069.001.1006	1.0	1	2026-05-15 19:20:59	2026-07-20 19:52:07
1345	922165	E2E-CAP-WS-20260720115125	922744	B010	吹球囊成型	922285	YXN.069.001.1011	922282	YXN.069.001.1006	1.0	0	2026-07-20 19:52:09	2026-07-20 19:52:09
1346	922165	E2E-CAP-WS-20260720115125	922746	B030	球囊裁剪	922285	YXN.069.001.1011	922287	YXN.069.001.1014	1.0	0	2026-07-20 19:52:09	2026-07-20 19:52:09
1347	922165	E2E-CAP-WS-20260720115125	922750	B060	外管与球囊焊接	922285	YXN.069.001.1011	922280	YXN.069.001.1003	1.0	0	2026-07-20 19:52:09	2026-07-20 19:52:09
1348	922165	E2E-CAP-WS-20260720115125	922752	B290	焊接圆角	922285	YXN.069.001.1011	922287	YXN.069.001.1014	1.0	0	2026-07-20 19:52:09	2026-07-20 19:52:09
1349	922165	E2E-CAP-WS-20260720115125	922753	B210	焊接远端锥度	922285	YXN.069.001.1011	922280	YXN.069.001.1003	1.0	0	2026-07-20 19:52:09	2026-07-20 19:52:09
1350	922165	E2E-CAP-WS-20260720115125	922754	B070	外管切缝	922285	YXN.069.001.1011	922287	YXN.069.001.1014	1.0	0	2026-07-20 19:52:09	2026-07-20 19:52:09
1351	922165	E2E-CAP-WS-20260720115125	922755	B080	穿显影环	922285	YXN.069.001.1011	922282	YXN.069.001.1006	1.0	0	2026-07-20 19:52:09	2026-07-20 19:52:09
1352	922165	E2E-CAP-WS-20260720115125	922756	B090	压显影环	922285	YXN.069.001.1011	922281	YXN.069.001.1013	1.0	0	2026-07-20 19:52:09	2026-07-20 19:52:09
1353	922165	E2E-CAP-WS-20260720115125	922758	B220	快速交换口焊接	922285	YXN.069.001.1011	922280	YXN.069.001.1003	1.0	0	2026-07-20 19:52:09	2026-07-20 19:52:09
1354	922165	E2E-CAP-WS-20260720115125	922759	B230	RX口检测	922285	YXN.069.001.1011	922283	YXN.069.001.1009	1.0	0	2026-07-20 19:52:09	2026-07-20 19:52:09
1355	922165	E2E-CAP-WS-20260720115125	922760	B240	点胶海波管	922285	YXN.069.001.1011	922282	YXN.069.001.1006	1.0	0	2026-07-20 19:52:09	2026-07-20 19:52:09
1356	922165	E2E-CAP-WS-20260720115125	922761	B250	球囊压握	922285	YXN.069.001.1011	922282	YXN.069.001.1006	1.0	0	2026-07-20 19:52:09	2026-07-20 19:52:09
1357	922165	E2E-CAP-WS-20260720115125	922762	B280	裁剪圆角	922285	YXN.069.001.1011	922281	YXN.069.001.1013	1.0	0	2026-07-20 19:52:09	2026-07-20 19:52:09
1358	922165	E2E-CAP-WS-20260720115125	922763	B310	球囊盘管（机器）	922285	YXN.069.001.1011	922287	YXN.069.001.1014	1.0	0	2026-07-20 19:52:09	2026-07-20 19:52:09
1359	922165	E2E-CAP-WS-20260720115125	922764	B320	球囊测漏及全检	922285	YXN.069.001.1011	922280	YXN.069.001.1003	1.0	0	2026-07-20 19:52:09	2026-07-20 19:52:09
1360	922165	E2E-CAP-WS-20260720115125	922765	PROC-XLSX-00001	外管拉伸2	922285	YXN.069.001.1011	922287	YXN.069.001.1014	1.0	0	2026-07-20 19:52:09	2026-07-20 19:52:09
1361	922165	E2E-CAP-WS-20260720115125	922766	PROC-XLSX-00002	内管拉伸2	922285	YXN.069.001.1011	922280	YXN.069.001.1003	1.0	0	2026-07-20 19:52:09	2026-07-20 19:52:09
1362	922165	E2E-CAP-WS-20260720115125	922774	PROC-XLSX-00010	棘突丝拉伸2	922285	YXN.069.001.1011	922283	YXN.069.001.1009	1.0	0	2026-07-20 19:52:09	2026-07-20 19:52:09
1363	922165	E2E-CAP-WS-20260720115125	922775	PROC-XLSX-00011	棘突丝切割	922285	YXN.069.001.1011	922282	YXN.069.001.1006	1.0	0	2026-07-20 19:52:09	2026-07-20 19:52:09
1364	922165	E2E-CAP-WS-20260720115125	922776	PROC-XLSX-00012	棘突远端焊接	922285	YXN.069.001.1011	922281	YXN.069.001.1013	1.0	0	2026-07-20 19:52:09	2026-07-20 19:52:09
1365	922165	E2E-CAP-WS-20260720115125	922777	PROC-XLSX-00013	棘突远端塑型	922285	YXN.069.001.1011	922287	YXN.069.001.1014	1.0	0	2026-07-20 19:52:09	2026-07-20 19:52:09
1366	922165	E2E-CAP-WS-20260720115125	922778	PROC-XLSX-00014	棘突近端焊接	922285	YXN.069.001.1011	922283	YXN.069.001.1009	1.0	0	2026-07-20 19:52:09	2026-07-20 19:52:09
1367	922165	E2E-CAP-WS-20260720115125	922779	Z2975	棘突TPU 套管粘接	922285	YXN.069.001.1011	922281	YXN.069.001.1013	1.0	0	2026-07-20 19:52:09	2026-07-20 19:52:09
1368	922165	E2E-CAP-WS-20260720115125	922780	Z2774	棘突远端锥度焊接	922285	YXN.069.001.1011	922280	YXN.069.001.1003	1.0	0	2026-07-20 19:52:09	2026-07-20 19:52:09
1369	922165	E2E-CAP-WS-20260720115125	922781	Z2773	棘突近端粘接	922285	YXN.069.001.1011	922283	YXN.069.001.1009	1.0	0	2026-07-20 19:52:09	2026-07-20 19:52:09
1370	922165	E2E-CAP-WS-20260720115125	922782	Z2776	棘突球囊涂层	922285	YXN.069.001.1011	922282	YXN.069.001.1006	1.0	0	2026-07-20 19:52:09	2026-07-20 19:52:09
1371	922166	E2E-CAP-WS-20260720115848	922744	B010	吹球囊成型	922285	YXN.069.001.1011	922282	YXN.069.001.1006	1.0	1	2026-05-15 19:20:57	2026-07-20 19:59:21
1372	922166	E2E-CAP-WS-20260720115848	922746	B030	球囊裁剪	922285	YXN.069.001.1011	922287	YXN.069.001.1014	1.0	1	2026-05-15 19:20:57	2026-07-20 19:59:21
1373	922166	E2E-CAP-WS-20260720115848	922750	B060	外管与球囊焊接	922285	YXN.069.001.1011	922280	YXN.069.001.1003	1.0	1	2026-05-15 19:20:57	2026-07-20 19:59:21
1374	922166	E2E-CAP-WS-20260720115848	922752	B290	焊接圆角	922285	YXN.069.001.1011	922287	YXN.069.001.1014	1.0	1	2026-05-15 19:20:59	2026-07-20 19:59:21
1375	922166	E2E-CAP-WS-20260720115848	922753	B210	焊接远端锥度	922285	YXN.069.001.1011	922280	YXN.069.001.1003	1.0	1	2026-05-15 19:20:58	2026-07-20 19:59:21
1376	922166	E2E-CAP-WS-20260720115848	922754	B070	外管切缝	922285	YXN.069.001.1011	922287	YXN.069.001.1014	1.0	1	2026-05-15 19:20:57	2026-07-20 19:59:21
1377	922166	E2E-CAP-WS-20260720115848	922755	B080	穿显影环	922285	YXN.069.001.1011	922282	YXN.069.001.1006	1.0	1	2026-05-15 19:20:57	2026-07-20 19:59:21
1378	922166	E2E-CAP-WS-20260720115848	922756	B090	压显影环	922285	YXN.069.001.1011	922281	YXN.069.001.1013	1.0	1	2026-05-15 19:20:57	2026-07-20 19:59:21
1379	922166	E2E-CAP-WS-20260720115848	922758	B220	快速交换口焊接	922285	YXN.069.001.1011	922280	YXN.069.001.1003	1.0	1	2026-05-15 19:20:58	2026-07-20 19:59:21
1380	922166	E2E-CAP-WS-20260720115848	922759	B230	RX口检测	922285	YXN.069.001.1011	922283	YXN.069.001.1009	1.0	1	2026-05-15 19:20:58	2026-07-20 19:59:21
1381	922166	E2E-CAP-WS-20260720115848	922760	B240	点胶海波管	922285	YXN.069.001.1011	922282	YXN.069.001.1006	1.0	1	2026-05-15 19:20:58	2026-07-20 19:59:21
1382	922166	E2E-CAP-WS-20260720115848	922761	B250	球囊压握	922285	YXN.069.001.1011	922282	YXN.069.001.1006	1.0	1	2026-05-15 19:20:58	2026-07-20 19:59:21
1383	922166	E2E-CAP-WS-20260720115848	922762	B280	裁剪圆角	922285	YXN.069.001.1011	922281	YXN.069.001.1013	1.0	1	2026-05-15 19:20:59	2026-07-20 19:59:21
1384	922166	E2E-CAP-WS-20260720115848	922763	B310	球囊盘管（机器）	922285	YXN.069.001.1011	922287	YXN.069.001.1014	1.0	1	2026-05-15 19:20:59	2026-07-20 19:59:21
1385	922166	E2E-CAP-WS-20260720115848	922764	B320	球囊测漏及全检	922285	YXN.069.001.1011	922280	YXN.069.001.1003	1.0	1	2026-05-15 19:20:59	2026-07-20 19:59:21
1386	922166	E2E-CAP-WS-20260720115848	922765	PROC-XLSX-00001	外管拉伸2	922285	YXN.069.001.1011	922287	YXN.069.001.1014	1.0	1	2026-05-15 19:20:57	2026-07-20 19:59:21
1387	922166	E2E-CAP-WS-20260720115848	922766	PROC-XLSX-00002	内管拉伸2	922285	YXN.069.001.1011	922280	YXN.069.001.1003	1.0	1	2026-05-15 19:20:57	2026-07-20 19:59:21
1388	922166	E2E-CAP-WS-20260720115848	922774	PROC-XLSX-00010	棘突丝拉伸2	922285	YXN.069.001.1011	922283	YXN.069.001.1009	1.0	1	2026-05-15 19:20:57	2026-07-20 19:59:21
1389	922166	E2E-CAP-WS-20260720115848	922775	PROC-XLSX-00011	棘突丝切割	922285	YXN.069.001.1011	922282	YXN.069.001.1006	1.0	1	2026-05-15 19:20:57	2026-07-20 19:59:21
1390	922166	E2E-CAP-WS-20260720115848	922776	PROC-XLSX-00012	棘突远端焊接	922285	YXN.069.001.1011	922281	YXN.069.001.1013	1.0	1	2026-05-15 19:20:57	2026-07-20 19:59:21
1391	922166	E2E-CAP-WS-20260720115848	922777	PROC-XLSX-00013	棘突远端塑型	922285	YXN.069.001.1011	922287	YXN.069.001.1014	1.0	1	2026-05-15 19:20:58	2026-07-20 19:59:21
1392	922166	E2E-CAP-WS-20260720115848	922778	PROC-XLSX-00014	棘突近端焊接	922285	YXN.069.001.1011	922283	YXN.069.001.1009	1.0	1	2026-05-15 19:20:58	2026-07-20 19:59:21
1393	922166	E2E-CAP-WS-20260720115848	922779	Z2975	棘突TPU 套管粘接	922285	YXN.069.001.1011	922281	YXN.069.001.1013	1.0	1	2026-05-15 19:20:58	2026-07-20 19:59:21
1394	922166	E2E-CAP-WS-20260720115848	922780	Z2774	棘突远端锥度焊接	922285	YXN.069.001.1011	922280	YXN.069.001.1003	1.0	1	2026-05-15 19:20:58	2026-07-20 19:59:21
1395	922166	E2E-CAP-WS-20260720115848	922781	Z2773	棘突近端粘接	922285	YXN.069.001.1011	922283	YXN.069.001.1009	1.0	1	2026-05-15 19:20:58	2026-07-20 19:59:21
1396	922166	E2E-CAP-WS-20260720115848	922782	Z2776	棘突球囊涂层	922285	YXN.069.001.1011	922282	YXN.069.001.1006	1.0	1	2026-05-15 19:20:59	2026-07-20 19:59:21
1397	922166	E2E-CAP-WS-20260720115848	922744	B010	吹球囊成型	922285	YXN.069.001.1011	922282	YXN.069.001.1006	1.0	0	2026-07-20 19:59:23	2026-07-20 19:59:23
1398	922166	E2E-CAP-WS-20260720115848	922746	B030	球囊裁剪	922285	YXN.069.001.1011	922287	YXN.069.001.1014	1.0	0	2026-07-20 19:59:23	2026-07-20 19:59:23
1399	922166	E2E-CAP-WS-20260720115848	922750	B060	外管与球囊焊接	922285	YXN.069.001.1011	922280	YXN.069.001.1003	1.0	0	2026-07-20 19:59:23	2026-07-20 19:59:23
1400	922166	E2E-CAP-WS-20260720115848	922752	B290	焊接圆角	922285	YXN.069.001.1011	922287	YXN.069.001.1014	1.0	0	2026-07-20 19:59:23	2026-07-20 19:59:23
1401	922166	E2E-CAP-WS-20260720115848	922753	B210	焊接远端锥度	922285	YXN.069.001.1011	922280	YXN.069.001.1003	1.0	0	2026-07-20 19:59:23	2026-07-20 19:59:23
1402	922166	E2E-CAP-WS-20260720115848	922754	B070	外管切缝	922285	YXN.069.001.1011	922287	YXN.069.001.1014	1.0	0	2026-07-20 19:59:23	2026-07-20 19:59:23
1403	922166	E2E-CAP-WS-20260720115848	922755	B080	穿显影环	922285	YXN.069.001.1011	922282	YXN.069.001.1006	1.0	0	2026-07-20 19:59:23	2026-07-20 19:59:23
1404	922166	E2E-CAP-WS-20260720115848	922756	B090	压显影环	922285	YXN.069.001.1011	922281	YXN.069.001.1013	1.0	0	2026-07-20 19:59:23	2026-07-20 19:59:23
1405	922166	E2E-CAP-WS-20260720115848	922758	B220	快速交换口焊接	922285	YXN.069.001.1011	922280	YXN.069.001.1003	1.0	0	2026-07-20 19:59:23	2026-07-20 19:59:23
1406	922166	E2E-CAP-WS-20260720115848	922759	B230	RX口检测	922285	YXN.069.001.1011	922283	YXN.069.001.1009	1.0	0	2026-07-20 19:59:23	2026-07-20 19:59:23
1407	922166	E2E-CAP-WS-20260720115848	922760	B240	点胶海波管	922285	YXN.069.001.1011	922282	YXN.069.001.1006	1.0	0	2026-07-20 19:59:23	2026-07-20 19:59:23
1408	922166	E2E-CAP-WS-20260720115848	922761	B250	球囊压握	922285	YXN.069.001.1011	922282	YXN.069.001.1006	1.0	0	2026-07-20 19:59:23	2026-07-20 19:59:23
1409	922166	E2E-CAP-WS-20260720115848	922762	B280	裁剪圆角	922285	YXN.069.001.1011	922281	YXN.069.001.1013	1.0	0	2026-07-20 19:59:23	2026-07-20 19:59:23
1410	922166	E2E-CAP-WS-20260720115848	922763	B310	球囊盘管（机器）	922285	YXN.069.001.1011	922287	YXN.069.001.1014	1.0	0	2026-07-20 19:59:23	2026-07-20 19:59:23
1411	922166	E2E-CAP-WS-20260720115848	922764	B320	球囊测漏及全检	922285	YXN.069.001.1011	922280	YXN.069.001.1003	1.0	0	2026-07-20 19:59:23	2026-07-20 19:59:23
1412	922166	E2E-CAP-WS-20260720115848	922765	PROC-XLSX-00001	外管拉伸2	922285	YXN.069.001.1011	922287	YXN.069.001.1014	1.0	0	2026-07-20 19:59:23	2026-07-20 19:59:23
1413	922166	E2E-CAP-WS-20260720115848	922766	PROC-XLSX-00002	内管拉伸2	922285	YXN.069.001.1011	922280	YXN.069.001.1003	1.0	0	2026-07-20 19:59:23	2026-07-20 19:59:23
1414	922166	E2E-CAP-WS-20260720115848	922774	PROC-XLSX-00010	棘突丝拉伸2	922285	YXN.069.001.1011	922283	YXN.069.001.1009	1.0	0	2026-07-20 19:59:23	2026-07-20 19:59:23
1415	922166	E2E-CAP-WS-20260720115848	922775	PROC-XLSX-00011	棘突丝切割	922285	YXN.069.001.1011	922282	YXN.069.001.1006	1.0	0	2026-07-20 19:59:23	2026-07-20 19:59:23
1416	922166	E2E-CAP-WS-20260720115848	922776	PROC-XLSX-00012	棘突远端焊接	922285	YXN.069.001.1011	922281	YXN.069.001.1013	1.0	0	2026-07-20 19:59:23	2026-07-20 19:59:23
1417	922166	E2E-CAP-WS-20260720115848	922777	PROC-XLSX-00013	棘突远端塑型	922285	YXN.069.001.1011	922287	YXN.069.001.1014	1.0	0	2026-07-20 19:59:23	2026-07-20 19:59:23
1418	922166	E2E-CAP-WS-20260720115848	922778	PROC-XLSX-00014	棘突近端焊接	922285	YXN.069.001.1011	922283	YXN.069.001.1009	1.0	0	2026-07-20 19:59:23	2026-07-20 19:59:23
1419	922166	E2E-CAP-WS-20260720115848	922779	Z2975	棘突TPU 套管粘接	922285	YXN.069.001.1011	922281	YXN.069.001.1013	1.0	0	2026-07-20 19:59:23	2026-07-20 19:59:23
1420	922166	E2E-CAP-WS-20260720115848	922780	Z2774	棘突远端锥度焊接	922285	YXN.069.001.1011	922280	YXN.069.001.1003	1.0	0	2026-07-20 19:59:23	2026-07-20 19:59:23
1421	922166	E2E-CAP-WS-20260720115848	922781	Z2773	棘突近端粘接	922285	YXN.069.001.1011	922283	YXN.069.001.1009	1.0	0	2026-07-20 19:59:23	2026-07-20 19:59:23
1422	922166	E2E-CAP-WS-20260720115848	922782	Z2776	棘突球囊涂层	922285	YXN.069.001.1011	922282	YXN.069.001.1006	1.0	0	2026-07-20 19:59:23	2026-07-20 19:59:23
1423	922167	E2E-CAP-WS-20260720121631	922744	B010	吹球囊成型	922285	YXN.069.001.1011	922282	YXN.069.001.1006	1.0	1	2026-05-15 19:20:57	2026-07-20 20:17:14
1424	922167	E2E-CAP-WS-20260720121631	922746	B030	球囊裁剪	922285	YXN.069.001.1011	922287	YXN.069.001.1014	1.0	1	2026-05-15 19:20:57	2026-07-20 20:17:14
1425	922167	E2E-CAP-WS-20260720121631	922750	B060	外管与球囊焊接	922285	YXN.069.001.1011	922280	YXN.069.001.1003	1.0	1	2026-05-15 19:20:57	2026-07-20 20:17:14
1426	922167	E2E-CAP-WS-20260720121631	922752	B290	焊接圆角	922285	YXN.069.001.1011	922287	YXN.069.001.1014	1.0	1	2026-05-15 19:20:59	2026-07-20 20:17:14
1427	922167	E2E-CAP-WS-20260720121631	922753	B210	焊接远端锥度	922285	YXN.069.001.1011	922280	YXN.069.001.1003	1.0	1	2026-05-15 19:20:58	2026-07-20 20:17:14
1428	922167	E2E-CAP-WS-20260720121631	922754	B070	外管切缝	922285	YXN.069.001.1011	922287	YXN.069.001.1014	1.0	1	2026-05-15 19:20:57	2026-07-20 20:17:14
1429	922167	E2E-CAP-WS-20260720121631	922755	B080	穿显影环	922285	YXN.069.001.1011	922282	YXN.069.001.1006	1.0	1	2026-05-15 19:20:57	2026-07-20 20:17:14
1430	922167	E2E-CAP-WS-20260720121631	922756	B090	压显影环	922285	YXN.069.001.1011	922281	YXN.069.001.1013	1.0	1	2026-05-15 19:20:57	2026-07-20 20:17:14
1431	922167	E2E-CAP-WS-20260720121631	922758	B220	快速交换口焊接	922285	YXN.069.001.1011	922280	YXN.069.001.1003	1.0	1	2026-05-15 19:20:58	2026-07-20 20:17:14
1432	922167	E2E-CAP-WS-20260720121631	922759	B230	RX口检测	922285	YXN.069.001.1011	922283	YXN.069.001.1009	1.0	1	2026-05-15 19:20:58	2026-07-20 20:17:14
1433	922167	E2E-CAP-WS-20260720121631	922760	B240	点胶海波管	922285	YXN.069.001.1011	922282	YXN.069.001.1006	1.0	1	2026-05-15 19:20:58	2026-07-20 20:17:14
1434	922167	E2E-CAP-WS-20260720121631	922761	B250	球囊压握	922285	YXN.069.001.1011	922282	YXN.069.001.1006	1.0	1	2026-05-15 19:20:58	2026-07-20 20:17:14
1435	922167	E2E-CAP-WS-20260720121631	922762	B280	裁剪圆角	922285	YXN.069.001.1011	922281	YXN.069.001.1013	1.0	1	2026-05-15 19:20:59	2026-07-20 20:17:14
1436	922167	E2E-CAP-WS-20260720121631	922763	B310	球囊盘管（机器）	922285	YXN.069.001.1011	922287	YXN.069.001.1014	1.0	1	2026-05-15 19:20:59	2026-07-20 20:17:14
1437	922167	E2E-CAP-WS-20260720121631	922764	B320	球囊测漏及全检	922285	YXN.069.001.1011	922280	YXN.069.001.1003	1.0	1	2026-05-15 19:20:59	2026-07-20 20:17:14
1438	922167	E2E-CAP-WS-20260720121631	922765	PROC-XLSX-00001	外管拉伸2	922285	YXN.069.001.1011	922287	YXN.069.001.1014	1.0	1	2026-05-15 19:20:57	2026-07-20 20:17:14
1439	922167	E2E-CAP-WS-20260720121631	922766	PROC-XLSX-00002	内管拉伸2	922285	YXN.069.001.1011	922280	YXN.069.001.1003	1.0	1	2026-05-15 19:20:57	2026-07-20 20:17:14
1440	922167	E2E-CAP-WS-20260720121631	922774	PROC-XLSX-00010	棘突丝拉伸2	922285	YXN.069.001.1011	922283	YXN.069.001.1009	1.0	1	2026-05-15 19:20:57	2026-07-20 20:17:14
1441	922167	E2E-CAP-WS-20260720121631	922775	PROC-XLSX-00011	棘突丝切割	922285	YXN.069.001.1011	922282	YXN.069.001.1006	1.0	1	2026-05-15 19:20:57	2026-07-20 20:17:14
1442	922167	E2E-CAP-WS-20260720121631	922776	PROC-XLSX-00012	棘突远端焊接	922285	YXN.069.001.1011	922281	YXN.069.001.1013	1.0	1	2026-05-15 19:20:57	2026-07-20 20:17:14
1443	922167	E2E-CAP-WS-20260720121631	922777	PROC-XLSX-00013	棘突远端塑型	922285	YXN.069.001.1011	922287	YXN.069.001.1014	1.0	1	2026-05-15 19:20:58	2026-07-20 20:17:14
1444	922167	E2E-CAP-WS-20260720121631	922778	PROC-XLSX-00014	棘突近端焊接	922285	YXN.069.001.1011	922283	YXN.069.001.1009	1.0	1	2026-05-15 19:20:58	2026-07-20 20:17:14
1445	922167	E2E-CAP-WS-20260720121631	922779	Z2975	棘突TPU 套管粘接	922285	YXN.069.001.1011	922281	YXN.069.001.1013	1.0	1	2026-05-15 19:20:58	2026-07-20 20:17:14
1446	922167	E2E-CAP-WS-20260720121631	922780	Z2774	棘突远端锥度焊接	922285	YXN.069.001.1011	922280	YXN.069.001.1003	1.0	1	2026-05-15 19:20:58	2026-07-20 20:17:14
1447	922167	E2E-CAP-WS-20260720121631	922781	Z2773	棘突近端粘接	922285	YXN.069.001.1011	922283	YXN.069.001.1009	1.0	1	2026-05-15 19:20:58	2026-07-20 20:17:14
1448	922167	E2E-CAP-WS-20260720121631	922782	Z2776	棘突球囊涂层	922285	YXN.069.001.1011	922282	YXN.069.001.1006	1.0	1	2026-05-15 19:20:59	2026-07-20 20:17:14
1449	922167	E2E-CAP-WS-20260720121631	922744	B010	吹球囊成型	922285	YXN.069.001.1011	922282	YXN.069.001.1006	1.0	0	2026-07-20 20:17:16	2026-07-20 20:17:16
1450	922167	E2E-CAP-WS-20260720121631	922746	B030	球囊裁剪	922285	YXN.069.001.1011	922287	YXN.069.001.1014	1.0	0	2026-07-20 20:17:16	2026-07-20 20:17:16
1451	922167	E2E-CAP-WS-20260720121631	922750	B060	外管与球囊焊接	922285	YXN.069.001.1011	922280	YXN.069.001.1003	1.0	0	2026-07-20 20:17:16	2026-07-20 20:17:16
1452	922167	E2E-CAP-WS-20260720121631	922752	B290	焊接圆角	922285	YXN.069.001.1011	922287	YXN.069.001.1014	1.0	0	2026-07-20 20:17:16	2026-07-20 20:17:16
1453	922167	E2E-CAP-WS-20260720121631	922753	B210	焊接远端锥度	922285	YXN.069.001.1011	922280	YXN.069.001.1003	1.0	0	2026-07-20 20:17:16	2026-07-20 20:17:16
1454	922167	E2E-CAP-WS-20260720121631	922754	B070	外管切缝	922285	YXN.069.001.1011	922287	YXN.069.001.1014	1.0	0	2026-07-20 20:17:16	2026-07-20 20:17:16
1455	922167	E2E-CAP-WS-20260720121631	922755	B080	穿显影环	922285	YXN.069.001.1011	922282	YXN.069.001.1006	1.0	0	2026-07-20 20:17:16	2026-07-20 20:17:16
1456	922167	E2E-CAP-WS-20260720121631	922756	B090	压显影环	922285	YXN.069.001.1011	922281	YXN.069.001.1013	1.0	0	2026-07-20 20:17:16	2026-07-20 20:17:16
1457	922167	E2E-CAP-WS-20260720121631	922758	B220	快速交换口焊接	922285	YXN.069.001.1011	922280	YXN.069.001.1003	1.0	0	2026-07-20 20:17:16	2026-07-20 20:17:16
1458	922167	E2E-CAP-WS-20260720121631	922759	B230	RX口检测	922285	YXN.069.001.1011	922283	YXN.069.001.1009	1.0	0	2026-07-20 20:17:16	2026-07-20 20:17:16
1459	922167	E2E-CAP-WS-20260720121631	922760	B240	点胶海波管	922285	YXN.069.001.1011	922282	YXN.069.001.1006	1.0	0	2026-07-20 20:17:16	2026-07-20 20:17:16
1460	922167	E2E-CAP-WS-20260720121631	922761	B250	球囊压握	922285	YXN.069.001.1011	922282	YXN.069.001.1006	1.0	0	2026-07-20 20:17:16	2026-07-20 20:17:16
1461	922167	E2E-CAP-WS-20260720121631	922762	B280	裁剪圆角	922285	YXN.069.001.1011	922281	YXN.069.001.1013	1.0	0	2026-07-20 20:17:16	2026-07-20 20:17:16
1462	922167	E2E-CAP-WS-20260720121631	922763	B310	球囊盘管（机器）	922285	YXN.069.001.1011	922287	YXN.069.001.1014	1.0	0	2026-07-20 20:17:16	2026-07-20 20:17:16
1463	922167	E2E-CAP-WS-20260720121631	922764	B320	球囊测漏及全检	922285	YXN.069.001.1011	922280	YXN.069.001.1003	1.0	0	2026-07-20 20:17:16	2026-07-20 20:17:16
1464	922167	E2E-CAP-WS-20260720121631	922765	PROC-XLSX-00001	外管拉伸2	922285	YXN.069.001.1011	922287	YXN.069.001.1014	1.0	0	2026-07-20 20:17:16	2026-07-20 20:17:16
1465	922167	E2E-CAP-WS-20260720121631	922766	PROC-XLSX-00002	内管拉伸2	922285	YXN.069.001.1011	922280	YXN.069.001.1003	1.0	0	2026-07-20 20:17:16	2026-07-20 20:17:16
1466	922167	E2E-CAP-WS-20260720121631	922774	PROC-XLSX-00010	棘突丝拉伸2	922285	YXN.069.001.1011	922283	YXN.069.001.1009	1.0	0	2026-07-20 20:17:16	2026-07-20 20:17:16
1467	922167	E2E-CAP-WS-20260720121631	922775	PROC-XLSX-00011	棘突丝切割	922285	YXN.069.001.1011	922282	YXN.069.001.1006	1.0	0	2026-07-20 20:17:16	2026-07-20 20:17:16
1468	922167	E2E-CAP-WS-20260720121631	922776	PROC-XLSX-00012	棘突远端焊接	922285	YXN.069.001.1011	922281	YXN.069.001.1013	1.0	0	2026-07-20 20:17:16	2026-07-20 20:17:16
1469	922167	E2E-CAP-WS-20260720121631	922777	PROC-XLSX-00013	棘突远端塑型	922285	YXN.069.001.1011	922287	YXN.069.001.1014	1.0	0	2026-07-20 20:17:16	2026-07-20 20:17:16
1470	922167	E2E-CAP-WS-20260720121631	922778	PROC-XLSX-00014	棘突近端焊接	922285	YXN.069.001.1011	922283	YXN.069.001.1009	1.0	0	2026-07-20 20:17:16	2026-07-20 20:17:16
1471	922167	E2E-CAP-WS-20260720121631	922779	Z2975	棘突TPU 套管粘接	922285	YXN.069.001.1011	922281	YXN.069.001.1013	1.0	0	2026-07-20 20:17:16	2026-07-20 20:17:16
1472	922167	E2E-CAP-WS-20260720121631	922780	Z2774	棘突远端锥度焊接	922285	YXN.069.001.1011	922280	YXN.069.001.1003	1.0	0	2026-07-20 20:17:16	2026-07-20 20:17:16
1473	922167	E2E-CAP-WS-20260720121631	922781	Z2773	棘突近端粘接	922285	YXN.069.001.1011	922283	YXN.069.001.1009	1.0	0	2026-07-20 20:17:16	2026-07-20 20:17:16
1474	922167	E2E-CAP-WS-20260720121631	922782	Z2776	棘突球囊涂层	922285	YXN.069.001.1011	922282	YXN.069.001.1006	1.0	0	2026-07-20 20:17:16	2026-07-20 20:17:16
1475	922168	E2E-CAP-WS-20260720122438	922744	B010	吹球囊成型	922285	YXN.069.001.1011	922282	YXN.069.001.1006	1.0	1	2026-05-15 19:20:57	2026-07-20 20:25:14
1476	922168	E2E-CAP-WS-20260720122438	922746	B030	球囊裁剪	922285	YXN.069.001.1011	922287	YXN.069.001.1014	1.0	1	2026-05-15 19:20:57	2026-07-20 20:25:14
1477	922168	E2E-CAP-WS-20260720122438	922750	B060	外管与球囊焊接	922285	YXN.069.001.1011	922280	YXN.069.001.1003	1.0	1	2026-05-15 19:20:57	2026-07-20 20:25:14
1478	922168	E2E-CAP-WS-20260720122438	922752	B290	焊接圆角	922285	YXN.069.001.1011	922287	YXN.069.001.1014	1.0	1	2026-05-15 19:20:59	2026-07-20 20:25:14
1479	922168	E2E-CAP-WS-20260720122438	922753	B210	焊接远端锥度	922285	YXN.069.001.1011	922280	YXN.069.001.1003	1.0	1	2026-05-15 19:20:58	2026-07-20 20:25:14
1480	922168	E2E-CAP-WS-20260720122438	922754	B070	外管切缝	922285	YXN.069.001.1011	922287	YXN.069.001.1014	1.0	1	2026-05-15 19:20:57	2026-07-20 20:25:14
1481	922168	E2E-CAP-WS-20260720122438	922755	B080	穿显影环	922285	YXN.069.001.1011	922282	YXN.069.001.1006	1.0	1	2026-05-15 19:20:57	2026-07-20 20:25:14
1482	922168	E2E-CAP-WS-20260720122438	922756	B090	压显影环	922285	YXN.069.001.1011	922281	YXN.069.001.1013	1.0	1	2026-05-15 19:20:57	2026-07-20 20:25:14
1483	922168	E2E-CAP-WS-20260720122438	922758	B220	快速交换口焊接	922285	YXN.069.001.1011	922280	YXN.069.001.1003	1.0	1	2026-05-15 19:20:58	2026-07-20 20:25:14
1484	922168	E2E-CAP-WS-20260720122438	922759	B230	RX口检测	922285	YXN.069.001.1011	922283	YXN.069.001.1009	1.0	1	2026-05-15 19:20:58	2026-07-20 20:25:14
1485	922168	E2E-CAP-WS-20260720122438	922760	B240	点胶海波管	922285	YXN.069.001.1011	922282	YXN.069.001.1006	1.0	1	2026-05-15 19:20:58	2026-07-20 20:25:14
1486	922168	E2E-CAP-WS-20260720122438	922761	B250	球囊压握	922285	YXN.069.001.1011	922282	YXN.069.001.1006	1.0	1	2026-05-15 19:20:58	2026-07-20 20:25:14
1487	922168	E2E-CAP-WS-20260720122438	922762	B280	裁剪圆角	922285	YXN.069.001.1011	922281	YXN.069.001.1013	1.0	1	2026-05-15 19:20:59	2026-07-20 20:25:14
1488	922168	E2E-CAP-WS-20260720122438	922763	B310	球囊盘管（机器）	922285	YXN.069.001.1011	922287	YXN.069.001.1014	1.0	1	2026-05-15 19:20:59	2026-07-20 20:25:14
1489	922168	E2E-CAP-WS-20260720122438	922764	B320	球囊测漏及全检	922285	YXN.069.001.1011	922280	YXN.069.001.1003	1.0	1	2026-05-15 19:20:59	2026-07-20 20:25:14
1490	922168	E2E-CAP-WS-20260720122438	922765	PROC-XLSX-00001	外管拉伸2	922285	YXN.069.001.1011	922287	YXN.069.001.1014	1.0	1	2026-05-15 19:20:57	2026-07-20 20:25:14
1491	922168	E2E-CAP-WS-20260720122438	922766	PROC-XLSX-00002	内管拉伸2	922285	YXN.069.001.1011	922280	YXN.069.001.1003	1.0	1	2026-05-15 19:20:57	2026-07-20 20:25:14
1492	922168	E2E-CAP-WS-20260720122438	922774	PROC-XLSX-00010	棘突丝拉伸2	922285	YXN.069.001.1011	922283	YXN.069.001.1009	1.0	1	2026-05-15 19:20:57	2026-07-20 20:25:14
1493	922168	E2E-CAP-WS-20260720122438	922775	PROC-XLSX-00011	棘突丝切割	922285	YXN.069.001.1011	922282	YXN.069.001.1006	1.0	1	2026-05-15 19:20:57	2026-07-20 20:25:14
1494	922168	E2E-CAP-WS-20260720122438	922776	PROC-XLSX-00012	棘突远端焊接	922285	YXN.069.001.1011	922281	YXN.069.001.1013	1.0	1	2026-05-15 19:20:57	2026-07-20 20:25:14
1495	922168	E2E-CAP-WS-20260720122438	922777	PROC-XLSX-00013	棘突远端塑型	922285	YXN.069.001.1011	922287	YXN.069.001.1014	1.0	1	2026-05-15 19:20:58	2026-07-20 20:25:14
1496	922168	E2E-CAP-WS-20260720122438	922778	PROC-XLSX-00014	棘突近端焊接	922285	YXN.069.001.1011	922283	YXN.069.001.1009	1.0	1	2026-05-15 19:20:58	2026-07-20 20:25:14
1497	922168	E2E-CAP-WS-20260720122438	922779	Z2975	棘突TPU 套管粘接	922285	YXN.069.001.1011	922281	YXN.069.001.1013	1.0	1	2026-05-15 19:20:58	2026-07-20 20:25:14
1498	922168	E2E-CAP-WS-20260720122438	922780	Z2774	棘突远端锥度焊接	922285	YXN.069.001.1011	922280	YXN.069.001.1003	1.0	1	2026-05-15 19:20:58	2026-07-20 20:25:14
1499	922168	E2E-CAP-WS-20260720122438	922781	Z2773	棘突近端粘接	922285	YXN.069.001.1011	922283	YXN.069.001.1009	1.0	1	2026-05-15 19:20:58	2026-07-20 20:25:14
1500	922168	E2E-CAP-WS-20260720122438	922782	Z2776	棘突球囊涂层	922285	YXN.069.001.1011	922282	YXN.069.001.1006	1.0	1	2026-05-15 19:20:59	2026-07-20 20:25:14
1501	922168	E2E-CAP-WS-20260720122438	922744	B010	吹球囊成型	922285	YXN.069.001.1011	922282	YXN.069.001.1006	1.0	0	2026-07-20 20:25:16	2026-07-20 20:25:16
1502	922168	E2E-CAP-WS-20260720122438	922746	B030	球囊裁剪	922285	YXN.069.001.1011	922287	YXN.069.001.1014	1.0	0	2026-07-20 20:25:16	2026-07-20 20:25:16
1503	922168	E2E-CAP-WS-20260720122438	922750	B060	外管与球囊焊接	922285	YXN.069.001.1011	922280	YXN.069.001.1003	1.0	0	2026-07-20 20:25:16	2026-07-20 20:25:16
1504	922168	E2E-CAP-WS-20260720122438	922752	B290	焊接圆角	922285	YXN.069.001.1011	922287	YXN.069.001.1014	1.0	0	2026-07-20 20:25:16	2026-07-20 20:25:16
1505	922168	E2E-CAP-WS-20260720122438	922753	B210	焊接远端锥度	922285	YXN.069.001.1011	922280	YXN.069.001.1003	1.0	0	2026-07-20 20:25:16	2026-07-20 20:25:16
1506	922168	E2E-CAP-WS-20260720122438	922754	B070	外管切缝	922285	YXN.069.001.1011	922287	YXN.069.001.1014	1.0	0	2026-07-20 20:25:16	2026-07-20 20:25:16
1507	922168	E2E-CAP-WS-20260720122438	922755	B080	穿显影环	922285	YXN.069.001.1011	922282	YXN.069.001.1006	1.0	0	2026-07-20 20:25:16	2026-07-20 20:25:16
1508	922168	E2E-CAP-WS-20260720122438	922756	B090	压显影环	922285	YXN.069.001.1011	922281	YXN.069.001.1013	1.0	0	2026-07-20 20:25:16	2026-07-20 20:25:16
1509	922168	E2E-CAP-WS-20260720122438	922758	B220	快速交换口焊接	922285	YXN.069.001.1011	922280	YXN.069.001.1003	1.0	0	2026-07-20 20:25:16	2026-07-20 20:25:16
1510	922168	E2E-CAP-WS-20260720122438	922759	B230	RX口检测	922285	YXN.069.001.1011	922283	YXN.069.001.1009	1.0	0	2026-07-20 20:25:16	2026-07-20 20:25:16
1511	922168	E2E-CAP-WS-20260720122438	922760	B240	点胶海波管	922285	YXN.069.001.1011	922282	YXN.069.001.1006	1.0	0	2026-07-20 20:25:16	2026-07-20 20:25:16
1512	922168	E2E-CAP-WS-20260720122438	922761	B250	球囊压握	922285	YXN.069.001.1011	922282	YXN.069.001.1006	1.0	0	2026-07-20 20:25:16	2026-07-20 20:25:16
1513	922168	E2E-CAP-WS-20260720122438	922762	B280	裁剪圆角	922285	YXN.069.001.1011	922281	YXN.069.001.1013	1.0	0	2026-07-20 20:25:16	2026-07-20 20:25:16
1514	922168	E2E-CAP-WS-20260720122438	922763	B310	球囊盘管（机器）	922285	YXN.069.001.1011	922287	YXN.069.001.1014	1.0	0	2026-07-20 20:25:16	2026-07-20 20:25:16
1515	922168	E2E-CAP-WS-20260720122438	922764	B320	球囊测漏及全检	922285	YXN.069.001.1011	922280	YXN.069.001.1003	1.0	0	2026-07-20 20:25:16	2026-07-20 20:25:16
1516	922168	E2E-CAP-WS-20260720122438	922765	PROC-XLSX-00001	外管拉伸2	922285	YXN.069.001.1011	922287	YXN.069.001.1014	1.0	0	2026-07-20 20:25:16	2026-07-20 20:25:16
1517	922168	E2E-CAP-WS-20260720122438	922766	PROC-XLSX-00002	内管拉伸2	922285	YXN.069.001.1011	922280	YXN.069.001.1003	1.0	0	2026-07-20 20:25:16	2026-07-20 20:25:16
1518	922168	E2E-CAP-WS-20260720122438	922774	PROC-XLSX-00010	棘突丝拉伸2	922285	YXN.069.001.1011	922283	YXN.069.001.1009	1.0	0	2026-07-20 20:25:16	2026-07-20 20:25:16
1519	922168	E2E-CAP-WS-20260720122438	922775	PROC-XLSX-00011	棘突丝切割	922285	YXN.069.001.1011	922282	YXN.069.001.1006	1.0	0	2026-07-20 20:25:16	2026-07-20 20:25:16
1520	922168	E2E-CAP-WS-20260720122438	922776	PROC-XLSX-00012	棘突远端焊接	922285	YXN.069.001.1011	922281	YXN.069.001.1013	1.0	0	2026-07-20 20:25:16	2026-07-20 20:25:16
1521	922168	E2E-CAP-WS-20260720122438	922777	PROC-XLSX-00013	棘突远端塑型	922285	YXN.069.001.1011	922287	YXN.069.001.1014	1.0	0	2026-07-20 20:25:16	2026-07-20 20:25:16
1522	922168	E2E-CAP-WS-20260720122438	922778	PROC-XLSX-00014	棘突近端焊接	922285	YXN.069.001.1011	922283	YXN.069.001.1009	1.0	0	2026-07-20 20:25:16	2026-07-20 20:25:16
1523	922168	E2E-CAP-WS-20260720122438	922779	Z2975	棘突TPU 套管粘接	922285	YXN.069.001.1011	922281	YXN.069.001.1013	1.0	0	2026-07-20 20:25:16	2026-07-20 20:25:16
1524	922168	E2E-CAP-WS-20260720122438	922780	Z2774	棘突远端锥度焊接	922285	YXN.069.001.1011	922280	YXN.069.001.1003	1.0	0	2026-07-20 20:25:16	2026-07-20 20:25:16
1525	922168	E2E-CAP-WS-20260720122438	922781	Z2773	棘突近端粘接	922285	YXN.069.001.1011	922283	YXN.069.001.1009	1.0	0	2026-07-20 20:25:16	2026-07-20 20:25:16
1526	922168	E2E-CAP-WS-20260720122438	922782	Z2776	棘突球囊涂层	922285	YXN.069.001.1011	922282	YXN.069.001.1006	1.0	0	2026-07-20 20:25:16	2026-07-20 20:25:16
1527	922169	E2E-CAP-WS-20260720122935	922744	B010	吹球囊成型	922285	YXN.069.001.1011	922282	YXN.069.001.1006	1.0	1	2026-05-15 19:20:57	2026-07-20 20:30:08
1528	922169	E2E-CAP-WS-20260720122935	922746	B030	球囊裁剪	922285	YXN.069.001.1011	922287	YXN.069.001.1014	1.0	1	2026-05-15 19:20:57	2026-07-20 20:30:08
1529	922169	E2E-CAP-WS-20260720122935	922750	B060	外管与球囊焊接	922285	YXN.069.001.1011	922280	YXN.069.001.1003	1.0	1	2026-05-15 19:20:57	2026-07-20 20:30:08
1530	922169	E2E-CAP-WS-20260720122935	922752	B290	焊接圆角	922285	YXN.069.001.1011	922287	YXN.069.001.1014	1.0	1	2026-05-15 19:20:59	2026-07-20 20:30:08
1531	922169	E2E-CAP-WS-20260720122935	922753	B210	焊接远端锥度	922285	YXN.069.001.1011	922280	YXN.069.001.1003	1.0	1	2026-05-15 19:20:58	2026-07-20 20:30:08
1532	922169	E2E-CAP-WS-20260720122935	922754	B070	外管切缝	922285	YXN.069.001.1011	922287	YXN.069.001.1014	1.0	1	2026-05-15 19:20:57	2026-07-20 20:30:08
1533	922169	E2E-CAP-WS-20260720122935	922755	B080	穿显影环	922285	YXN.069.001.1011	922282	YXN.069.001.1006	1.0	1	2026-05-15 19:20:57	2026-07-20 20:30:08
1534	922169	E2E-CAP-WS-20260720122935	922756	B090	压显影环	922285	YXN.069.001.1011	922281	YXN.069.001.1013	1.0	1	2026-05-15 19:20:57	2026-07-20 20:30:08
1535	922169	E2E-CAP-WS-20260720122935	922758	B220	快速交换口焊接	922285	YXN.069.001.1011	922280	YXN.069.001.1003	1.0	1	2026-05-15 19:20:58	2026-07-20 20:30:08
1536	922169	E2E-CAP-WS-20260720122935	922759	B230	RX口检测	922285	YXN.069.001.1011	922283	YXN.069.001.1009	1.0	1	2026-05-15 19:20:58	2026-07-20 20:30:08
1537	922169	E2E-CAP-WS-20260720122935	922760	B240	点胶海波管	922285	YXN.069.001.1011	922282	YXN.069.001.1006	1.0	1	2026-05-15 19:20:58	2026-07-20 20:30:08
1538	922169	E2E-CAP-WS-20260720122935	922761	B250	球囊压握	922285	YXN.069.001.1011	922282	YXN.069.001.1006	1.0	1	2026-05-15 19:20:58	2026-07-20 20:30:08
1539	922169	E2E-CAP-WS-20260720122935	922762	B280	裁剪圆角	922285	YXN.069.001.1011	922281	YXN.069.001.1013	1.0	1	2026-05-15 19:20:59	2026-07-20 20:30:08
1540	922169	E2E-CAP-WS-20260720122935	922763	B310	球囊盘管（机器）	922285	YXN.069.001.1011	922287	YXN.069.001.1014	1.0	1	2026-05-15 19:20:59	2026-07-20 20:30:08
1541	922169	E2E-CAP-WS-20260720122935	922764	B320	球囊测漏及全检	922285	YXN.069.001.1011	922280	YXN.069.001.1003	1.0	1	2026-05-15 19:20:59	2026-07-20 20:30:08
1542	922169	E2E-CAP-WS-20260720122935	922765	PROC-XLSX-00001	外管拉伸2	922285	YXN.069.001.1011	922287	YXN.069.001.1014	1.0	1	2026-05-15 19:20:57	2026-07-20 20:30:08
1543	922169	E2E-CAP-WS-20260720122935	922766	PROC-XLSX-00002	内管拉伸2	922285	YXN.069.001.1011	922280	YXN.069.001.1003	1.0	1	2026-05-15 19:20:57	2026-07-20 20:30:08
1544	922169	E2E-CAP-WS-20260720122935	922774	PROC-XLSX-00010	棘突丝拉伸2	922285	YXN.069.001.1011	922283	YXN.069.001.1009	1.0	1	2026-05-15 19:20:57	2026-07-20 20:30:08
1545	922169	E2E-CAP-WS-20260720122935	922775	PROC-XLSX-00011	棘突丝切割	922285	YXN.069.001.1011	922282	YXN.069.001.1006	1.0	1	2026-05-15 19:20:57	2026-07-20 20:30:08
1546	922169	E2E-CAP-WS-20260720122935	922776	PROC-XLSX-00012	棘突远端焊接	922285	YXN.069.001.1011	922281	YXN.069.001.1013	1.0	1	2026-05-15 19:20:57	2026-07-20 20:30:08
1547	922169	E2E-CAP-WS-20260720122935	922777	PROC-XLSX-00013	棘突远端塑型	922285	YXN.069.001.1011	922287	YXN.069.001.1014	1.0	1	2026-05-15 19:20:58	2026-07-20 20:30:08
1548	922169	E2E-CAP-WS-20260720122935	922778	PROC-XLSX-00014	棘突近端焊接	922285	YXN.069.001.1011	922283	YXN.069.001.1009	1.0	1	2026-05-15 19:20:58	2026-07-20 20:30:08
1549	922169	E2E-CAP-WS-20260720122935	922779	Z2975	棘突TPU 套管粘接	922285	YXN.069.001.1011	922281	YXN.069.001.1013	1.0	1	2026-05-15 19:20:58	2026-07-20 20:30:08
1550	922169	E2E-CAP-WS-20260720122935	922780	Z2774	棘突远端锥度焊接	922285	YXN.069.001.1011	922280	YXN.069.001.1003	1.0	1	2026-05-15 19:20:58	2026-07-20 20:30:08
1551	922169	E2E-CAP-WS-20260720122935	922781	Z2773	棘突近端粘接	922285	YXN.069.001.1011	922283	YXN.069.001.1009	1.0	1	2026-05-15 19:20:58	2026-07-20 20:30:08
1552	922169	E2E-CAP-WS-20260720122935	922782	Z2776	棘突球囊涂层	922285	YXN.069.001.1011	922282	YXN.069.001.1006	1.0	1	2026-05-15 19:20:59	2026-07-20 20:30:08
1553	922169	E2E-CAP-WS-20260720122935	922744	B010	吹球囊成型	922285	YXN.069.001.1011	922282	YXN.069.001.1006	1.0	0	2026-07-20 20:30:10	2026-07-20 20:30:10
1554	922169	E2E-CAP-WS-20260720122935	922746	B030	球囊裁剪	922285	YXN.069.001.1011	922287	YXN.069.001.1014	1.0	0	2026-07-20 20:30:10	2026-07-20 20:30:10
1555	922169	E2E-CAP-WS-20260720122935	922750	B060	外管与球囊焊接	922285	YXN.069.001.1011	922280	YXN.069.001.1003	1.0	0	2026-07-20 20:30:10	2026-07-20 20:30:10
1556	922169	E2E-CAP-WS-20260720122935	922752	B290	焊接圆角	922285	YXN.069.001.1011	922287	YXN.069.001.1014	1.0	0	2026-07-20 20:30:10	2026-07-20 20:30:10
1557	922169	E2E-CAP-WS-20260720122935	922753	B210	焊接远端锥度	922285	YXN.069.001.1011	922280	YXN.069.001.1003	1.0	0	2026-07-20 20:30:10	2026-07-20 20:30:10
1558	922169	E2E-CAP-WS-20260720122935	922754	B070	外管切缝	922285	YXN.069.001.1011	922287	YXN.069.001.1014	1.0	0	2026-07-20 20:30:10	2026-07-20 20:30:10
1559	922169	E2E-CAP-WS-20260720122935	922755	B080	穿显影环	922285	YXN.069.001.1011	922282	YXN.069.001.1006	1.0	0	2026-07-20 20:30:10	2026-07-20 20:30:10
1560	922169	E2E-CAP-WS-20260720122935	922756	B090	压显影环	922285	YXN.069.001.1011	922281	YXN.069.001.1013	1.0	0	2026-07-20 20:30:10	2026-07-20 20:30:10
1561	922169	E2E-CAP-WS-20260720122935	922758	B220	快速交换口焊接	922285	YXN.069.001.1011	922280	YXN.069.001.1003	1.0	0	2026-07-20 20:30:10	2026-07-20 20:30:10
1562	922169	E2E-CAP-WS-20260720122935	922759	B230	RX口检测	922285	YXN.069.001.1011	922283	YXN.069.001.1009	1.0	0	2026-07-20 20:30:10	2026-07-20 20:30:10
1563	922169	E2E-CAP-WS-20260720122935	922760	B240	点胶海波管	922285	YXN.069.001.1011	922282	YXN.069.001.1006	1.0	0	2026-07-20 20:30:10	2026-07-20 20:30:10
1564	922169	E2E-CAP-WS-20260720122935	922761	B250	球囊压握	922285	YXN.069.001.1011	922282	YXN.069.001.1006	1.0	0	2026-07-20 20:30:10	2026-07-20 20:30:10
1565	922169	E2E-CAP-WS-20260720122935	922762	B280	裁剪圆角	922285	YXN.069.001.1011	922281	YXN.069.001.1013	1.0	0	2026-07-20 20:30:10	2026-07-20 20:30:10
1566	922169	E2E-CAP-WS-20260720122935	922763	B310	球囊盘管（机器）	922285	YXN.069.001.1011	922287	YXN.069.001.1014	1.0	0	2026-07-20 20:30:10	2026-07-20 20:30:10
1567	922169	E2E-CAP-WS-20260720122935	922764	B320	球囊测漏及全检	922285	YXN.069.001.1011	922280	YXN.069.001.1003	1.0	0	2026-07-20 20:30:10	2026-07-20 20:30:10
1568	922169	E2E-CAP-WS-20260720122935	922765	PROC-XLSX-00001	外管拉伸2	922285	YXN.069.001.1011	922287	YXN.069.001.1014	1.0	0	2026-07-20 20:30:10	2026-07-20 20:30:10
1569	922169	E2E-CAP-WS-20260720122935	922766	PROC-XLSX-00002	内管拉伸2	922285	YXN.069.001.1011	922280	YXN.069.001.1003	1.0	0	2026-07-20 20:30:10	2026-07-20 20:30:10
1570	922169	E2E-CAP-WS-20260720122935	922774	PROC-XLSX-00010	棘突丝拉伸2	922285	YXN.069.001.1011	922283	YXN.069.001.1009	1.0	0	2026-07-20 20:30:10	2026-07-20 20:30:10
1571	922169	E2E-CAP-WS-20260720122935	922775	PROC-XLSX-00011	棘突丝切割	922285	YXN.069.001.1011	922282	YXN.069.001.1006	1.0	0	2026-07-20 20:30:10	2026-07-20 20:30:10
1572	922169	E2E-CAP-WS-20260720122935	922776	PROC-XLSX-00012	棘突远端焊接	922285	YXN.069.001.1011	922281	YXN.069.001.1013	1.0	0	2026-07-20 20:30:10	2026-07-20 20:30:10
1573	922169	E2E-CAP-WS-20260720122935	922777	PROC-XLSX-00013	棘突远端塑型	922285	YXN.069.001.1011	922287	YXN.069.001.1014	1.0	0	2026-07-20 20:30:10	2026-07-20 20:30:10
1574	922169	E2E-CAP-WS-20260720122935	922778	PROC-XLSX-00014	棘突近端焊接	922285	YXN.069.001.1011	922283	YXN.069.001.1009	1.0	0	2026-07-20 20:30:10	2026-07-20 20:30:10
1575	922169	E2E-CAP-WS-20260720122935	922779	Z2975	棘突TPU 套管粘接	922285	YXN.069.001.1011	922281	YXN.069.001.1013	1.0	0	2026-07-20 20:30:10	2026-07-20 20:30:10
1576	922169	E2E-CAP-WS-20260720122935	922780	Z2774	棘突远端锥度焊接	922285	YXN.069.001.1011	922280	YXN.069.001.1003	1.0	0	2026-07-20 20:30:10	2026-07-20 20:30:10
1577	922169	E2E-CAP-WS-20260720122935	922781	Z2773	棘突近端粘接	922285	YXN.069.001.1011	922283	YXN.069.001.1009	1.0	0	2026-07-20 20:30:10	2026-07-20 20:30:10
1578	922169	E2E-CAP-WS-20260720122935	922782	Z2776	棘突球囊涂层	922285	YXN.069.001.1011	922282	YXN.069.001.1006	1.0	0	2026-07-20 20:30:10	2026-07-20 20:30:10
1579	922170	E2E-CAP-WS-20260720123532	922744	B010	吹球囊成型	922285	YXN.069.001.1011	922282	YXN.069.001.1006	1.0	1	2026-05-15 19:20:57	2026-07-20 20:36:11
1580	922170	E2E-CAP-WS-20260720123532	922746	B030	球囊裁剪	922285	YXN.069.001.1011	922287	YXN.069.001.1014	1.0	1	2026-05-15 19:20:57	2026-07-20 20:36:11
1581	922170	E2E-CAP-WS-20260720123532	922750	B060	外管与球囊焊接	922285	YXN.069.001.1011	922280	YXN.069.001.1003	1.0	1	2026-05-15 19:20:57	2026-07-20 20:36:11
1582	922170	E2E-CAP-WS-20260720123532	922752	B290	焊接圆角	922285	YXN.069.001.1011	922287	YXN.069.001.1014	1.0	1	2026-05-15 19:20:59	2026-07-20 20:36:11
1583	922170	E2E-CAP-WS-20260720123532	922753	B210	焊接远端锥度	922285	YXN.069.001.1011	922280	YXN.069.001.1003	1.0	1	2026-05-15 19:20:58	2026-07-20 20:36:11
1584	922170	E2E-CAP-WS-20260720123532	922754	B070	外管切缝	922285	YXN.069.001.1011	922287	YXN.069.001.1014	1.0	1	2026-05-15 19:20:57	2026-07-20 20:36:11
1585	922170	E2E-CAP-WS-20260720123532	922755	B080	穿显影环	922285	YXN.069.001.1011	922282	YXN.069.001.1006	1.0	1	2026-05-15 19:20:57	2026-07-20 20:36:11
1586	922170	E2E-CAP-WS-20260720123532	922756	B090	压显影环	922285	YXN.069.001.1011	922281	YXN.069.001.1013	1.0	1	2026-05-15 19:20:57	2026-07-20 20:36:11
1587	922170	E2E-CAP-WS-20260720123532	922758	B220	快速交换口焊接	922285	YXN.069.001.1011	922280	YXN.069.001.1003	1.0	1	2026-05-15 19:20:58	2026-07-20 20:36:11
1588	922170	E2E-CAP-WS-20260720123532	922759	B230	RX口检测	922285	YXN.069.001.1011	922283	YXN.069.001.1009	1.0	1	2026-05-15 19:20:58	2026-07-20 20:36:11
1589	922170	E2E-CAP-WS-20260720123532	922760	B240	点胶海波管	922285	YXN.069.001.1011	922282	YXN.069.001.1006	1.0	1	2026-05-15 19:20:58	2026-07-20 20:36:11
1590	922170	E2E-CAP-WS-20260720123532	922761	B250	球囊压握	922285	YXN.069.001.1011	922282	YXN.069.001.1006	1.0	1	2026-05-15 19:20:58	2026-07-20 20:36:11
1591	922170	E2E-CAP-WS-20260720123532	922762	B280	裁剪圆角	922285	YXN.069.001.1011	922281	YXN.069.001.1013	1.0	1	2026-05-15 19:20:59	2026-07-20 20:36:11
1592	922170	E2E-CAP-WS-20260720123532	922763	B310	球囊盘管（机器）	922285	YXN.069.001.1011	922287	YXN.069.001.1014	1.0	1	2026-05-15 19:20:59	2026-07-20 20:36:11
1593	922170	E2E-CAP-WS-20260720123532	922764	B320	球囊测漏及全检	922285	YXN.069.001.1011	922280	YXN.069.001.1003	1.0	1	2026-05-15 19:20:59	2026-07-20 20:36:11
1594	922170	E2E-CAP-WS-20260720123532	922765	PROC-XLSX-00001	外管拉伸2	922285	YXN.069.001.1011	922287	YXN.069.001.1014	1.0	1	2026-05-15 19:20:57	2026-07-20 20:36:11
1595	922170	E2E-CAP-WS-20260720123532	922766	PROC-XLSX-00002	内管拉伸2	922285	YXN.069.001.1011	922280	YXN.069.001.1003	1.0	1	2026-05-15 19:20:57	2026-07-20 20:36:11
1596	922170	E2E-CAP-WS-20260720123532	922774	PROC-XLSX-00010	棘突丝拉伸2	922285	YXN.069.001.1011	922283	YXN.069.001.1009	1.0	1	2026-05-15 19:20:57	2026-07-20 20:36:11
1597	922170	E2E-CAP-WS-20260720123532	922775	PROC-XLSX-00011	棘突丝切割	922285	YXN.069.001.1011	922282	YXN.069.001.1006	1.0	1	2026-05-15 19:20:57	2026-07-20 20:36:11
1598	922170	E2E-CAP-WS-20260720123532	922776	PROC-XLSX-00012	棘突远端焊接	922285	YXN.069.001.1011	922281	YXN.069.001.1013	1.0	1	2026-05-15 19:20:57	2026-07-20 20:36:11
1599	922170	E2E-CAP-WS-20260720123532	922777	PROC-XLSX-00013	棘突远端塑型	922285	YXN.069.001.1011	922287	YXN.069.001.1014	1.0	1	2026-05-15 19:20:58	2026-07-20 20:36:11
1600	922170	E2E-CAP-WS-20260720123532	922778	PROC-XLSX-00014	棘突近端焊接	922285	YXN.069.001.1011	922283	YXN.069.001.1009	1.0	1	2026-05-15 19:20:58	2026-07-20 20:36:11
1601	922170	E2E-CAP-WS-20260720123532	922779	Z2975	棘突TPU 套管粘接	922285	YXN.069.001.1011	922281	YXN.069.001.1013	1.0	1	2026-05-15 19:20:58	2026-07-20 20:36:11
1602	922170	E2E-CAP-WS-20260720123532	922780	Z2774	棘突远端锥度焊接	922285	YXN.069.001.1011	922280	YXN.069.001.1003	1.0	1	2026-05-15 19:20:58	2026-07-20 20:36:11
1603	922170	E2E-CAP-WS-20260720123532	922781	Z2773	棘突近端粘接	922285	YXN.069.001.1011	922283	YXN.069.001.1009	1.0	1	2026-05-15 19:20:58	2026-07-20 20:36:11
1604	922170	E2E-CAP-WS-20260720123532	922782	Z2776	棘突球囊涂层	922285	YXN.069.001.1011	922282	YXN.069.001.1006	1.0	1	2026-05-15 19:20:59	2026-07-20 20:36:11
1605	922170	E2E-CAP-WS-20260720123532	922744	B010	吹球囊成型	922285	YXN.069.001.1011	922282	YXN.069.001.1006	1.0	0	2026-07-20 20:36:11	2026-07-20 20:36:11
1606	922170	E2E-CAP-WS-20260720123532	922746	B030	球囊裁剪	922285	YXN.069.001.1011	922287	YXN.069.001.1014	1.0	0	2026-07-20 20:36:11	2026-07-20 20:36:11
1607	922170	E2E-CAP-WS-20260720123532	922750	B060	外管与球囊焊接	922285	YXN.069.001.1011	922280	YXN.069.001.1003	1.0	0	2026-07-20 20:36:11	2026-07-20 20:36:11
1608	922170	E2E-CAP-WS-20260720123532	922752	B290	焊接圆角	922285	YXN.069.001.1011	922287	YXN.069.001.1014	1.0	0	2026-07-20 20:36:11	2026-07-20 20:36:11
1609	922170	E2E-CAP-WS-20260720123532	922753	B210	焊接远端锥度	922285	YXN.069.001.1011	922280	YXN.069.001.1003	1.0	0	2026-07-20 20:36:11	2026-07-20 20:36:11
1610	922170	E2E-CAP-WS-20260720123532	922754	B070	外管切缝	922285	YXN.069.001.1011	922287	YXN.069.001.1014	1.0	0	2026-07-20 20:36:11	2026-07-20 20:36:11
1611	922170	E2E-CAP-WS-20260720123532	922755	B080	穿显影环	922285	YXN.069.001.1011	922282	YXN.069.001.1006	1.0	0	2026-07-20 20:36:11	2026-07-20 20:36:11
1612	922170	E2E-CAP-WS-20260720123532	922756	B090	压显影环	922285	YXN.069.001.1011	922281	YXN.069.001.1013	1.0	0	2026-07-20 20:36:11	2026-07-20 20:36:11
1613	922170	E2E-CAP-WS-20260720123532	922758	B220	快速交换口焊接	922285	YXN.069.001.1011	922280	YXN.069.001.1003	1.0	0	2026-07-20 20:36:11	2026-07-20 20:36:11
1614	922170	E2E-CAP-WS-20260720123532	922759	B230	RX口检测	922285	YXN.069.001.1011	922283	YXN.069.001.1009	1.0	0	2026-07-20 20:36:11	2026-07-20 20:36:11
1615	922170	E2E-CAP-WS-20260720123532	922760	B240	点胶海波管	922285	YXN.069.001.1011	922282	YXN.069.001.1006	1.0	0	2026-07-20 20:36:11	2026-07-20 20:36:11
1616	922170	E2E-CAP-WS-20260720123532	922761	B250	球囊压握	922285	YXN.069.001.1011	922282	YXN.069.001.1006	1.0	0	2026-07-20 20:36:11	2026-07-20 20:36:11
1617	922170	E2E-CAP-WS-20260720123532	922762	B280	裁剪圆角	922285	YXN.069.001.1011	922281	YXN.069.001.1013	1.0	0	2026-07-20 20:36:11	2026-07-20 20:36:11
1618	922170	E2E-CAP-WS-20260720123532	922763	B310	球囊盘管（机器）	922285	YXN.069.001.1011	922287	YXN.069.001.1014	1.0	0	2026-07-20 20:36:12	2026-07-20 20:36:12
1619	922170	E2E-CAP-WS-20260720123532	922764	B320	球囊测漏及全检	922285	YXN.069.001.1011	922280	YXN.069.001.1003	1.0	0	2026-07-20 20:36:12	2026-07-20 20:36:12
1620	922170	E2E-CAP-WS-20260720123532	922765	PROC-XLSX-00001	外管拉伸2	922285	YXN.069.001.1011	922287	YXN.069.001.1014	1.0	0	2026-07-20 20:36:12	2026-07-20 20:36:12
1621	922170	E2E-CAP-WS-20260720123532	922766	PROC-XLSX-00002	内管拉伸2	922285	YXN.069.001.1011	922280	YXN.069.001.1003	1.0	0	2026-07-20 20:36:12	2026-07-20 20:36:12
1622	922170	E2E-CAP-WS-20260720123532	922774	PROC-XLSX-00010	棘突丝拉伸2	922285	YXN.069.001.1011	922283	YXN.069.001.1009	1.0	0	2026-07-20 20:36:12	2026-07-20 20:36:12
1623	922170	E2E-CAP-WS-20260720123532	922775	PROC-XLSX-00011	棘突丝切割	922285	YXN.069.001.1011	922282	YXN.069.001.1006	1.0	0	2026-07-20 20:36:12	2026-07-20 20:36:12
1624	922170	E2E-CAP-WS-20260720123532	922776	PROC-XLSX-00012	棘突远端焊接	922285	YXN.069.001.1011	922281	YXN.069.001.1013	1.0	0	2026-07-20 20:36:12	2026-07-20 20:36:12
1625	922170	E2E-CAP-WS-20260720123532	922777	PROC-XLSX-00013	棘突远端塑型	922285	YXN.069.001.1011	922287	YXN.069.001.1014	1.0	0	2026-07-20 20:36:12	2026-07-20 20:36:12
1626	922170	E2E-CAP-WS-20260720123532	922778	PROC-XLSX-00014	棘突近端焊接	922285	YXN.069.001.1011	922283	YXN.069.001.1009	1.0	0	2026-07-20 20:36:12	2026-07-20 20:36:12
1627	922170	E2E-CAP-WS-20260720123532	922779	Z2975	棘突TPU 套管粘接	922285	YXN.069.001.1011	922281	YXN.069.001.1013	1.0	0	2026-07-20 20:36:12	2026-07-20 20:36:12
1628	922170	E2E-CAP-WS-20260720123532	922780	Z2774	棘突远端锥度焊接	922285	YXN.069.001.1011	922280	YXN.069.001.1003	1.0	0	2026-07-20 20:36:12	2026-07-20 20:36:12
1629	922170	E2E-CAP-WS-20260720123532	922781	Z2773	棘突近端粘接	922285	YXN.069.001.1011	922283	YXN.069.001.1009	1.0	0	2026-07-20 20:36:12	2026-07-20 20:36:12
1630	922170	E2E-CAP-WS-20260720123532	922782	Z2776	棘突球囊涂层	922285	YXN.069.001.1011	922282	YXN.069.001.1006	1.0	0	2026-07-20 20:36:12	2026-07-20 20:36:12
1631	922171	E2E-CAP-WS-20260720135354	922744	B010	吹球囊成型	922285	YXN.069.001.1011	922282	YXN.069.001.1006	1.0	1	2026-05-15 19:20:57	2026-07-20 21:54:27
1632	922171	E2E-CAP-WS-20260720135354	922746	B030	球囊裁剪	922285	YXN.069.001.1011	922287	YXN.069.001.1014	1.0	1	2026-05-15 19:20:57	2026-07-20 21:54:27
1633	922171	E2E-CAP-WS-20260720135354	922750	B060	外管与球囊焊接	922285	YXN.069.001.1011	922280	YXN.069.001.1003	1.0	1	2026-05-15 19:20:57	2026-07-20 21:54:27
1634	922171	E2E-CAP-WS-20260720135354	922752	B290	焊接圆角	922285	YXN.069.001.1011	922287	YXN.069.001.1014	1.0	1	2026-05-15 19:20:59	2026-07-20 21:54:27
1635	922171	E2E-CAP-WS-20260720135354	922753	B210	焊接远端锥度	922285	YXN.069.001.1011	922280	YXN.069.001.1003	1.0	1	2026-05-15 19:20:58	2026-07-20 21:54:27
1636	922171	E2E-CAP-WS-20260720135354	922754	B070	外管切缝	922285	YXN.069.001.1011	922287	YXN.069.001.1014	1.0	1	2026-05-15 19:20:57	2026-07-20 21:54:27
1637	922171	E2E-CAP-WS-20260720135354	922755	B080	穿显影环	922285	YXN.069.001.1011	922282	YXN.069.001.1006	1.0	1	2026-05-15 19:20:57	2026-07-20 21:54:27
1638	922171	E2E-CAP-WS-20260720135354	922756	B090	压显影环	922285	YXN.069.001.1011	922281	YXN.069.001.1013	1.0	1	2026-05-15 19:20:57	2026-07-20 21:54:27
1639	922171	E2E-CAP-WS-20260720135354	922758	B220	快速交换口焊接	922285	YXN.069.001.1011	922280	YXN.069.001.1003	1.0	1	2026-05-15 19:20:58	2026-07-20 21:54:27
1640	922171	E2E-CAP-WS-20260720135354	922759	B230	RX口检测	922285	YXN.069.001.1011	922283	YXN.069.001.1009	1.0	1	2026-05-15 19:20:58	2026-07-20 21:54:27
1641	922171	E2E-CAP-WS-20260720135354	922760	B240	点胶海波管	922285	YXN.069.001.1011	922282	YXN.069.001.1006	1.0	1	2026-05-15 19:20:58	2026-07-20 21:54:27
1642	922171	E2E-CAP-WS-20260720135354	922761	B250	球囊压握	922285	YXN.069.001.1011	922282	YXN.069.001.1006	1.0	1	2026-05-15 19:20:58	2026-07-20 21:54:27
1643	922171	E2E-CAP-WS-20260720135354	922762	B280	裁剪圆角	922285	YXN.069.001.1011	922281	YXN.069.001.1013	1.0	1	2026-05-15 19:20:59	2026-07-20 21:54:27
1644	922171	E2E-CAP-WS-20260720135354	922763	B310	球囊盘管（机器）	922285	YXN.069.001.1011	922287	YXN.069.001.1014	1.0	1	2026-05-15 19:20:59	2026-07-20 21:54:27
1645	922171	E2E-CAP-WS-20260720135354	922764	B320	球囊测漏及全检	922285	YXN.069.001.1011	922280	YXN.069.001.1003	1.0	1	2026-05-15 19:20:59	2026-07-20 21:54:27
1646	922171	E2E-CAP-WS-20260720135354	922765	PROC-XLSX-00001	外管拉伸2	922285	YXN.069.001.1011	922287	YXN.069.001.1014	1.0	1	2026-05-15 19:20:57	2026-07-20 21:54:27
1647	922171	E2E-CAP-WS-20260720135354	922766	PROC-XLSX-00002	内管拉伸2	922285	YXN.069.001.1011	922280	YXN.069.001.1003	1.0	1	2026-05-15 19:20:57	2026-07-20 21:54:27
1648	922171	E2E-CAP-WS-20260720135354	922774	PROC-XLSX-00010	棘突丝拉伸2	922285	YXN.069.001.1011	922283	YXN.069.001.1009	1.0	1	2026-05-15 19:20:57	2026-07-20 21:54:27
1649	922171	E2E-CAP-WS-20260720135354	922775	PROC-XLSX-00011	棘突丝切割	922285	YXN.069.001.1011	922282	YXN.069.001.1006	1.0	1	2026-05-15 19:20:57	2026-07-20 21:54:27
1650	922171	E2E-CAP-WS-20260720135354	922776	PROC-XLSX-00012	棘突远端焊接	922285	YXN.069.001.1011	922281	YXN.069.001.1013	1.0	1	2026-05-15 19:20:57	2026-07-20 21:54:27
1651	922171	E2E-CAP-WS-20260720135354	922777	PROC-XLSX-00013	棘突远端塑型	922285	YXN.069.001.1011	922287	YXN.069.001.1014	1.0	1	2026-05-15 19:20:58	2026-07-20 21:54:27
1652	922171	E2E-CAP-WS-20260720135354	922778	PROC-XLSX-00014	棘突近端焊接	922285	YXN.069.001.1011	922283	YXN.069.001.1009	1.0	1	2026-05-15 19:20:58	2026-07-20 21:54:27
1653	922171	E2E-CAP-WS-20260720135354	922779	Z2975	棘突TPU 套管粘接	922285	YXN.069.001.1011	922281	YXN.069.001.1013	1.0	1	2026-05-15 19:20:58	2026-07-20 21:54:27
1654	922171	E2E-CAP-WS-20260720135354	922780	Z2774	棘突远端锥度焊接	922285	YXN.069.001.1011	922280	YXN.069.001.1003	1.0	1	2026-05-15 19:20:58	2026-07-20 21:54:27
1655	922171	E2E-CAP-WS-20260720135354	922781	Z2773	棘突近端粘接	922285	YXN.069.001.1011	922283	YXN.069.001.1009	1.0	1	2026-05-15 19:20:58	2026-07-20 21:54:27
1656	922171	E2E-CAP-WS-20260720135354	922782	Z2776	棘突球囊涂层	922285	YXN.069.001.1011	922282	YXN.069.001.1006	1.0	1	2026-05-15 19:20:59	2026-07-20 21:54:27
1657	922171	E2E-CAP-WS-20260720135354	922744	B010	吹球囊成型	922285	YXN.069.001.1011	922282	YXN.069.001.1006	1.0	0	2026-07-20 21:54:30	2026-07-20 21:54:30
1658	922171	E2E-CAP-WS-20260720135354	922746	B030	球囊裁剪	922285	YXN.069.001.1011	922287	YXN.069.001.1014	1.0	0	2026-07-20 21:54:30	2026-07-20 21:54:30
1659	922171	E2E-CAP-WS-20260720135354	922750	B060	外管与球囊焊接	922285	YXN.069.001.1011	922280	YXN.069.001.1003	1.0	0	2026-07-20 21:54:30	2026-07-20 21:54:30
1660	922171	E2E-CAP-WS-20260720135354	922752	B290	焊接圆角	922285	YXN.069.001.1011	922287	YXN.069.001.1014	1.0	0	2026-07-20 21:54:30	2026-07-20 21:54:30
1661	922171	E2E-CAP-WS-20260720135354	922753	B210	焊接远端锥度	922285	YXN.069.001.1011	922280	YXN.069.001.1003	1.0	0	2026-07-20 21:54:30	2026-07-20 21:54:30
1662	922171	E2E-CAP-WS-20260720135354	922754	B070	外管切缝	922285	YXN.069.001.1011	922287	YXN.069.001.1014	1.0	0	2026-07-20 21:54:30	2026-07-20 21:54:30
1663	922171	E2E-CAP-WS-20260720135354	922755	B080	穿显影环	922285	YXN.069.001.1011	922282	YXN.069.001.1006	1.0	0	2026-07-20 21:54:30	2026-07-20 21:54:30
1664	922171	E2E-CAP-WS-20260720135354	922756	B090	压显影环	922285	YXN.069.001.1011	922281	YXN.069.001.1013	1.0	0	2026-07-20 21:54:30	2026-07-20 21:54:30
1665	922171	E2E-CAP-WS-20260720135354	922758	B220	快速交换口焊接	922285	YXN.069.001.1011	922280	YXN.069.001.1003	1.0	0	2026-07-20 21:54:30	2026-07-20 21:54:30
1666	922171	E2E-CAP-WS-20260720135354	922759	B230	RX口检测	922285	YXN.069.001.1011	922283	YXN.069.001.1009	1.0	0	2026-07-20 21:54:30	2026-07-20 21:54:30
1667	922171	E2E-CAP-WS-20260720135354	922760	B240	点胶海波管	922285	YXN.069.001.1011	922282	YXN.069.001.1006	1.0	0	2026-07-20 21:54:30	2026-07-20 21:54:30
1668	922171	E2E-CAP-WS-20260720135354	922761	B250	球囊压握	922285	YXN.069.001.1011	922282	YXN.069.001.1006	1.0	0	2026-07-20 21:54:30	2026-07-20 21:54:30
1669	922171	E2E-CAP-WS-20260720135354	922762	B280	裁剪圆角	922285	YXN.069.001.1011	922281	YXN.069.001.1013	1.0	0	2026-07-20 21:54:30	2026-07-20 21:54:30
1670	922171	E2E-CAP-WS-20260720135354	922763	B310	球囊盘管（机器）	922285	YXN.069.001.1011	922287	YXN.069.001.1014	1.0	0	2026-07-20 21:54:30	2026-07-20 21:54:30
1671	922171	E2E-CAP-WS-20260720135354	922764	B320	球囊测漏及全检	922285	YXN.069.001.1011	922280	YXN.069.001.1003	1.0	0	2026-07-20 21:54:30	2026-07-20 21:54:30
1672	922171	E2E-CAP-WS-20260720135354	922765	PROC-XLSX-00001	外管拉伸2	922285	YXN.069.001.1011	922287	YXN.069.001.1014	1.0	0	2026-07-20 21:54:30	2026-07-20 21:54:30
1673	922171	E2E-CAP-WS-20260720135354	922766	PROC-XLSX-00002	内管拉伸2	922285	YXN.069.001.1011	922280	YXN.069.001.1003	1.0	0	2026-07-20 21:54:30	2026-07-20 21:54:30
1674	922171	E2E-CAP-WS-20260720135354	922774	PROC-XLSX-00010	棘突丝拉伸2	922285	YXN.069.001.1011	922283	YXN.069.001.1009	1.0	0	2026-07-20 21:54:30	2026-07-20 21:54:30
1675	922171	E2E-CAP-WS-20260720135354	922775	PROC-XLSX-00011	棘突丝切割	922285	YXN.069.001.1011	922282	YXN.069.001.1006	1.0	0	2026-07-20 21:54:30	2026-07-20 21:54:30
1676	922171	E2E-CAP-WS-20260720135354	922776	PROC-XLSX-00012	棘突远端焊接	922285	YXN.069.001.1011	922281	YXN.069.001.1013	1.0	0	2026-07-20 21:54:30	2026-07-20 21:54:30
1677	922171	E2E-CAP-WS-20260720135354	922777	PROC-XLSX-00013	棘突远端塑型	922285	YXN.069.001.1011	922287	YXN.069.001.1014	1.0	0	2026-07-20 21:54:30	2026-07-20 21:54:30
1678	922171	E2E-CAP-WS-20260720135354	922778	PROC-XLSX-00014	棘突近端焊接	922285	YXN.069.001.1011	922283	YXN.069.001.1009	1.0	0	2026-07-20 21:54:30	2026-07-20 21:54:30
1679	922171	E2E-CAP-WS-20260720135354	922779	Z2975	棘突TPU 套管粘接	922285	YXN.069.001.1011	922281	YXN.069.001.1013	1.0	0	2026-07-20 21:54:30	2026-07-20 21:54:30
1680	922171	E2E-CAP-WS-20260720135354	922780	Z2774	棘突远端锥度焊接	922285	YXN.069.001.1011	922280	YXN.069.001.1003	1.0	0	2026-07-20 21:54:30	2026-07-20 21:54:30
1681	922171	E2E-CAP-WS-20260720135354	922781	Z2773	棘突近端粘接	922285	YXN.069.001.1011	922283	YXN.069.001.1009	1.0	0	2026-07-20 21:54:30	2026-07-20 21:54:30
1682	922171	E2E-CAP-WS-20260720135354	922782	Z2776	棘突球囊涂层	922285	YXN.069.001.1011	922282	YXN.069.001.1006	1.0	0	2026-07-20 21:54:30	2026-07-20 21:54:30
1683	922172	E2E-CAP-WS-20260720145354	922744	B010	吹球囊成型	922285	YXN.069.001.1011	922282	YXN.069.001.1006	1.0	1	2026-05-15 19:20:57	2026-07-20 22:54:29
1684	922172	E2E-CAP-WS-20260720145354	922746	B030	球囊裁剪	922285	YXN.069.001.1011	922287	YXN.069.001.1014	1.0	1	2026-05-15 19:20:57	2026-07-20 22:54:29
1685	922172	E2E-CAP-WS-20260720145354	922750	B060	外管与球囊焊接	922285	YXN.069.001.1011	922280	YXN.069.001.1003	1.0	1	2026-05-15 19:20:57	2026-07-20 22:54:29
1686	922172	E2E-CAP-WS-20260720145354	922752	B290	焊接圆角	922285	YXN.069.001.1011	922287	YXN.069.001.1014	1.0	1	2026-05-15 19:20:59	2026-07-20 22:54:29
1687	922172	E2E-CAP-WS-20260720145354	922753	B210	焊接远端锥度	922285	YXN.069.001.1011	922280	YXN.069.001.1003	1.0	1	2026-05-15 19:20:58	2026-07-20 22:54:29
1688	922172	E2E-CAP-WS-20260720145354	922754	B070	外管切缝	922285	YXN.069.001.1011	922287	YXN.069.001.1014	1.0	1	2026-05-15 19:20:57	2026-07-20 22:54:29
1689	922172	E2E-CAP-WS-20260720145354	922755	B080	穿显影环	922285	YXN.069.001.1011	922282	YXN.069.001.1006	1.0	1	2026-05-15 19:20:57	2026-07-20 22:54:29
1690	922172	E2E-CAP-WS-20260720145354	922756	B090	压显影环	922285	YXN.069.001.1011	922281	YXN.069.001.1013	1.0	1	2026-05-15 19:20:57	2026-07-20 22:54:29
1691	922172	E2E-CAP-WS-20260720145354	922758	B220	快速交换口焊接	922285	YXN.069.001.1011	922280	YXN.069.001.1003	1.0	1	2026-05-15 19:20:58	2026-07-20 22:54:29
1692	922172	E2E-CAP-WS-20260720145354	922759	B230	RX口检测	922285	YXN.069.001.1011	922283	YXN.069.001.1009	1.0	1	2026-05-15 19:20:58	2026-07-20 22:54:29
1693	922172	E2E-CAP-WS-20260720145354	922760	B240	点胶海波管	922285	YXN.069.001.1011	922282	YXN.069.001.1006	1.0	1	2026-05-15 19:20:58	2026-07-20 22:54:29
1694	922172	E2E-CAP-WS-20260720145354	922761	B250	球囊压握	922285	YXN.069.001.1011	922282	YXN.069.001.1006	1.0	1	2026-05-15 19:20:58	2026-07-20 22:54:29
1695	922172	E2E-CAP-WS-20260720145354	922762	B280	裁剪圆角	922285	YXN.069.001.1011	922281	YXN.069.001.1013	1.0	1	2026-05-15 19:20:59	2026-07-20 22:54:29
1696	922172	E2E-CAP-WS-20260720145354	922763	B310	球囊盘管（机器）	922285	YXN.069.001.1011	922287	YXN.069.001.1014	1.0	1	2026-05-15 19:20:59	2026-07-20 22:54:29
1697	922172	E2E-CAP-WS-20260720145354	922764	B320	球囊测漏及全检	922285	YXN.069.001.1011	922280	YXN.069.001.1003	1.0	1	2026-05-15 19:20:59	2026-07-20 22:54:29
1698	922172	E2E-CAP-WS-20260720145354	922765	PROC-XLSX-00001	外管拉伸2	922285	YXN.069.001.1011	922287	YXN.069.001.1014	1.0	1	2026-05-15 19:20:57	2026-07-20 22:54:29
1699	922172	E2E-CAP-WS-20260720145354	922766	PROC-XLSX-00002	内管拉伸2	922285	YXN.069.001.1011	922280	YXN.069.001.1003	1.0	1	2026-05-15 19:20:57	2026-07-20 22:54:29
1700	922172	E2E-CAP-WS-20260720145354	922774	PROC-XLSX-00010	棘突丝拉伸2	922285	YXN.069.001.1011	922283	YXN.069.001.1009	1.0	1	2026-05-15 19:20:57	2026-07-20 22:54:29
1701	922172	E2E-CAP-WS-20260720145354	922775	PROC-XLSX-00011	棘突丝切割	922285	YXN.069.001.1011	922282	YXN.069.001.1006	1.0	1	2026-05-15 19:20:57	2026-07-20 22:54:29
1702	922172	E2E-CAP-WS-20260720145354	922776	PROC-XLSX-00012	棘突远端焊接	922285	YXN.069.001.1011	922281	YXN.069.001.1013	1.0	1	2026-05-15 19:20:57	2026-07-20 22:54:29
1703	922172	E2E-CAP-WS-20260720145354	922777	PROC-XLSX-00013	棘突远端塑型	922285	YXN.069.001.1011	922287	YXN.069.001.1014	1.0	1	2026-05-15 19:20:58	2026-07-20 22:54:29
1704	922172	E2E-CAP-WS-20260720145354	922778	PROC-XLSX-00014	棘突近端焊接	922285	YXN.069.001.1011	922283	YXN.069.001.1009	1.0	1	2026-05-15 19:20:58	2026-07-20 22:54:29
1705	922172	E2E-CAP-WS-20260720145354	922779	Z2975	棘突TPU 套管粘接	922285	YXN.069.001.1011	922281	YXN.069.001.1013	1.0	1	2026-05-15 19:20:58	2026-07-20 22:54:29
1706	922172	E2E-CAP-WS-20260720145354	922780	Z2774	棘突远端锥度焊接	922285	YXN.069.001.1011	922280	YXN.069.001.1003	1.0	1	2026-05-15 19:20:58	2026-07-20 22:54:29
1707	922172	E2E-CAP-WS-20260720145354	922781	Z2773	棘突近端粘接	922285	YXN.069.001.1011	922283	YXN.069.001.1009	1.0	1	2026-05-15 19:20:58	2026-07-20 22:54:29
1708	922172	E2E-CAP-WS-20260720145354	922782	Z2776	棘突球囊涂层	922285	YXN.069.001.1011	922282	YXN.069.001.1006	1.0	1	2026-05-15 19:20:59	2026-07-20 22:54:29
1709	922172	E2E-CAP-WS-20260720145354	922744	B010	吹球囊成型	922285	YXN.069.001.1011	922282	YXN.069.001.1006	1.0	0	2026-07-20 22:54:30	2026-07-20 22:54:30
1710	922172	E2E-CAP-WS-20260720145354	922746	B030	球囊裁剪	922285	YXN.069.001.1011	922287	YXN.069.001.1014	1.0	0	2026-07-20 22:54:30	2026-07-20 22:54:30
1711	922172	E2E-CAP-WS-20260720145354	922750	B060	外管与球囊焊接	922285	YXN.069.001.1011	922280	YXN.069.001.1003	1.0	0	2026-07-20 22:54:30	2026-07-20 22:54:30
1712	922172	E2E-CAP-WS-20260720145354	922752	B290	焊接圆角	922285	YXN.069.001.1011	922287	YXN.069.001.1014	1.0	0	2026-07-20 22:54:30	2026-07-20 22:54:30
1713	922172	E2E-CAP-WS-20260720145354	922753	B210	焊接远端锥度	922285	YXN.069.001.1011	922280	YXN.069.001.1003	1.0	0	2026-07-20 22:54:30	2026-07-20 22:54:30
1714	922172	E2E-CAP-WS-20260720145354	922754	B070	外管切缝	922285	YXN.069.001.1011	922287	YXN.069.001.1014	1.0	0	2026-07-20 22:54:30	2026-07-20 22:54:30
1715	922172	E2E-CAP-WS-20260720145354	922755	B080	穿显影环	922285	YXN.069.001.1011	922282	YXN.069.001.1006	1.0	0	2026-07-20 22:54:30	2026-07-20 22:54:30
1716	922172	E2E-CAP-WS-20260720145354	922756	B090	压显影环	922285	YXN.069.001.1011	922281	YXN.069.001.1013	1.0	0	2026-07-20 22:54:30	2026-07-20 22:54:30
1717	922172	E2E-CAP-WS-20260720145354	922758	B220	快速交换口焊接	922285	YXN.069.001.1011	922280	YXN.069.001.1003	1.0	0	2026-07-20 22:54:30	2026-07-20 22:54:30
1718	922172	E2E-CAP-WS-20260720145354	922759	B230	RX口检测	922285	YXN.069.001.1011	922283	YXN.069.001.1009	1.0	0	2026-07-20 22:54:30	2026-07-20 22:54:30
1719	922172	E2E-CAP-WS-20260720145354	922760	B240	点胶海波管	922285	YXN.069.001.1011	922282	YXN.069.001.1006	1.0	0	2026-07-20 22:54:30	2026-07-20 22:54:30
1720	922172	E2E-CAP-WS-20260720145354	922761	B250	球囊压握	922285	YXN.069.001.1011	922282	YXN.069.001.1006	1.0	0	2026-07-20 22:54:30	2026-07-20 22:54:30
1721	922172	E2E-CAP-WS-20260720145354	922762	B280	裁剪圆角	922285	YXN.069.001.1011	922281	YXN.069.001.1013	1.0	0	2026-07-20 22:54:30	2026-07-20 22:54:30
1722	922172	E2E-CAP-WS-20260720145354	922763	B310	球囊盘管（机器）	922285	YXN.069.001.1011	922287	YXN.069.001.1014	1.0	0	2026-07-20 22:54:30	2026-07-20 22:54:30
1723	922172	E2E-CAP-WS-20260720145354	922764	B320	球囊测漏及全检	922285	YXN.069.001.1011	922280	YXN.069.001.1003	1.0	0	2026-07-20 22:54:30	2026-07-20 22:54:30
1724	922172	E2E-CAP-WS-20260720145354	922765	PROC-XLSX-00001	外管拉伸2	922285	YXN.069.001.1011	922287	YXN.069.001.1014	1.0	0	2026-07-20 22:54:30	2026-07-20 22:54:30
1725	922172	E2E-CAP-WS-20260720145354	922766	PROC-XLSX-00002	内管拉伸2	922285	YXN.069.001.1011	922280	YXN.069.001.1003	1.0	0	2026-07-20 22:54:30	2026-07-20 22:54:30
1726	922172	E2E-CAP-WS-20260720145354	922774	PROC-XLSX-00010	棘突丝拉伸2	922285	YXN.069.001.1011	922283	YXN.069.001.1009	1.0	0	2026-07-20 22:54:30	2026-07-20 22:54:30
1727	922172	E2E-CAP-WS-20260720145354	922775	PROC-XLSX-00011	棘突丝切割	922285	YXN.069.001.1011	922282	YXN.069.001.1006	1.0	0	2026-07-20 22:54:30	2026-07-20 22:54:30
1728	922172	E2E-CAP-WS-20260720145354	922776	PROC-XLSX-00012	棘突远端焊接	922285	YXN.069.001.1011	922281	YXN.069.001.1013	1.0	0	2026-07-20 22:54:30	2026-07-20 22:54:30
1729	922172	E2E-CAP-WS-20260720145354	922777	PROC-XLSX-00013	棘突远端塑型	922285	YXN.069.001.1011	922287	YXN.069.001.1014	1.0	0	2026-07-20 22:54:30	2026-07-20 22:54:30
1730	922172	E2E-CAP-WS-20260720145354	922778	PROC-XLSX-00014	棘突近端焊接	922285	YXN.069.001.1011	922283	YXN.069.001.1009	1.0	0	2026-07-20 22:54:30	2026-07-20 22:54:30
1731	922172	E2E-CAP-WS-20260720145354	922779	Z2975	棘突TPU 套管粘接	922285	YXN.069.001.1011	922281	YXN.069.001.1013	1.0	0	2026-07-20 22:54:30	2026-07-20 22:54:30
1732	922172	E2E-CAP-WS-20260720145354	922780	Z2774	棘突远端锥度焊接	922285	YXN.069.001.1011	922280	YXN.069.001.1003	1.0	0	2026-07-20 22:54:30	2026-07-20 22:54:30
1733	922172	E2E-CAP-WS-20260720145354	922781	Z2773	棘突近端粘接	922285	YXN.069.001.1011	922283	YXN.069.001.1009	1.0	0	2026-07-20 22:54:30	2026-07-20 22:54:30
1734	922172	E2E-CAP-WS-20260720145354	922782	Z2776	棘突球囊涂层	922285	YXN.069.001.1011	922282	YXN.069.001.1006	1.0	0	2026-07-20 22:54:30	2026-07-20 22:54:30
1735	922173	E2E-OSF-20260720165647	922789	Z2630	吹球囊成型	922277	YXN.037.011.1002	922284	YXN.037.011.1011	1.0	0	2026-05-15 19:20:53	2026-07-06 19:06:02
1736	922173	E2E-OSF-20260720165647	922795	Z3710	球囊裁剪	922277	YXN.037.011.1002	922278	YXN.041.011.1003	1.0	0	2026-05-15 19:20:53	2026-07-06 19:06:02
1737	922173	E2E-OSF-20260720165647	922796	Z2510	外管与球囊焊接	922277	YXN.037.011.1002	922276	YXN.037.011.1007	1.0	0	2026-05-15 19:20:53	2026-07-06 19:06:02
1738	922173	E2E-OSF-20260720165647	922794	Z2560	焊接圆角	922277	YXN.037.011.1002	922278	YXN.041.011.1003	1.0	0	2026-05-15 19:20:54	2026-07-06 19:06:02
1739	922173	E2E-OSF-20260720165647	922798	Z2550	焊接远端锥度	922277	YXN.037.011.1002	922276	YXN.037.011.1007	1.0	0	2026-05-15 19:20:54	2026-07-06 19:06:02
1740	922173	E2E-OSF-20260720165647	922797	Z3810	外管切缝	922277	YXN.037.011.1002	922278	YXN.041.011.1003	1.0	0	2026-05-15 19:20:53	2026-07-06 19:06:02
1741	922173	E2E-OSF-20260720165647	922841	Z5200	穿显影环	922277	YXN.037.011.1002	922284	YXN.037.011.1011	1.0	0	2026-05-15 19:20:53	2026-07-06 19:06:02
1742	922173	E2E-OSF-20260720165647	922843	Z2530	压显影环	922277	YXN.037.011.1002	922286	YXN.037.011.1009	1.0	0	2026-05-15 19:20:54	2026-07-06 19:06:02
1743	922173	E2E-OSF-20260720165647	922793	Z2570	快速交换口焊接	922277	YXN.037.011.1002	922279	YXN.041.011.1008	1.0	0	2026-05-15 19:20:54	2026-07-06 19:06:02
1744	922173	E2E-OSF-20260720165647	922788	Z2600	RX口检测	922277	YXN.037.011.1002	922286	YXN.037.011.1009	1.0	0	2026-05-15 19:20:54	2026-07-06 19:06:02
1745	922173	E2E-OSF-20260720165647	922845	Z2580	点胶海波管	922277	YXN.037.011.1002	922276	YXN.037.011.1007	1.0	0	2026-05-15 19:20:54	2026-07-06 19:06:02
1746	922173	E2E-OSF-20260720165647	922848	Z2490	球囊压握	922277	YXN.037.011.1002	922284	YXN.037.011.1011	1.0	0	2026-05-15 19:20:54	2026-07-06 19:06:02
1747	922173	E2E-OSF-20260720165647	922844	Z3850	裁剪圆角	922277	YXN.037.011.1002	922286	YXN.037.011.1009	1.0	0	2026-05-15 19:20:54	2026-07-06 19:06:02
1748	922173	E2E-OSF-20260720165647	922787	Z5600	球囊盘管（机器）	922277	YXN.037.011.1002	922278	YXN.041.011.1003	1.0	0	2026-05-15 19:20:54	2026-07-06 19:06:02
1749	922173	E2E-OSF-20260720165647	922849	Z2620	球囊测漏及全检	922277	YXN.037.011.1002	922276	YXN.037.011.1007	1.0	0	2026-05-15 19:20:54	2026-07-06 19:06:02
1750	922173	E2E-OSF-20260720165647	922838	Z2775	外管拉伸2	922277	YXN.037.011.1002	922279	YXN.041.011.1008	1.0	0	2026-05-15 19:20:53	2026-07-06 19:06:02
1751	922173	E2E-OSF-20260720165647	922839	Z2772	内管拉伸2	922277	YXN.037.011.1002	922278	YXN.041.011.1003	1.0	0	2026-05-15 19:20:53	2026-07-06 19:06:02
1752	922173	E2E-OSF-20260720165647	922840	Z3720	裁剪管材	922277	YXN.037.011.1002	922276	YXN.037.011.1007	1.0	0	2026-05-15 19:20:53	2026-07-06 19:06:02
1753	922173	E2E-OSF-20260720165647	922842	Z2520	尖端管与内管焊接	922277	YXN.037.011.1002	922286	YXN.037.011.1009	1.0	0	2026-05-15 19:20:53	2026-07-06 19:06:02
1754	922173	E2E-OSF-20260720165647	922846	Z2480	球囊涂层	922277	YXN.037.011.1002	922284	YXN.037.011.1011	1.0	0	2026-05-15 19:20:54	2026-07-06 19:06:02
1755	922173	E2E-OSF-20260720165647	922847	Z2590	球囊组件与海波管焊接	922277	YXN.037.011.1002	922279	YXN.041.011.1008	1.0	0	2026-05-15 19:20:54	2026-07-06 19:06:02
1756	922173	E2E-OSF-20260720165647	922786	Z760	包套装管	922277	YXN.037.011.1002	922278	YXN.041.011.1003	1.0	0	2026-05-15 19:20:54	2026-07-06 19:06:02
1757	922173	E2E-OSF-20260720165647	922850	Z830	纸塑袋封口（包装）	922277	YXN.037.011.1002	922276	YXN.037.011.1007	1.0	0	2026-05-15 19:20:54	2026-07-06 19:06:02
1758	922174	E2E-OSF-20260721005448	922789	Z2630	吹球囊成型	922277	YXN.037.011.1002	922284	YXN.037.011.1011	1.0	0	2026-05-15 19:20:53	2026-07-06 19:06:02
1759	922174	E2E-OSF-20260721005448	922795	Z3710	球囊裁剪	922277	YXN.037.011.1002	922278	YXN.041.011.1003	1.0	0	2026-05-15 19:20:53	2026-07-06 19:06:02
1760	922174	E2E-OSF-20260721005448	922796	Z2510	外管与球囊焊接	922277	YXN.037.011.1002	922276	YXN.037.011.1007	1.0	0	2026-05-15 19:20:53	2026-07-06 19:06:02
1761	922174	E2E-OSF-20260721005448	922794	Z2560	焊接圆角	922277	YXN.037.011.1002	922278	YXN.041.011.1003	1.0	0	2026-05-15 19:20:54	2026-07-06 19:06:02
1762	922174	E2E-OSF-20260721005448	922798	Z2550	焊接远端锥度	922277	YXN.037.011.1002	922276	YXN.037.011.1007	1.0	0	2026-05-15 19:20:54	2026-07-06 19:06:02
1763	922174	E2E-OSF-20260721005448	922797	Z3810	外管切缝	922277	YXN.037.011.1002	922278	YXN.041.011.1003	1.0	0	2026-05-15 19:20:53	2026-07-06 19:06:02
1764	922174	E2E-OSF-20260721005448	922841	Z5200	穿显影环	922277	YXN.037.011.1002	922284	YXN.037.011.1011	1.0	0	2026-05-15 19:20:53	2026-07-06 19:06:02
1765	922174	E2E-OSF-20260721005448	922843	Z2530	压显影环	922277	YXN.037.011.1002	922286	YXN.037.011.1009	1.0	0	2026-05-15 19:20:54	2026-07-06 19:06:02
1766	922174	E2E-OSF-20260721005448	922793	Z2570	快速交换口焊接	922277	YXN.037.011.1002	922279	YXN.041.011.1008	1.0	0	2026-05-15 19:20:54	2026-07-06 19:06:02
1767	922174	E2E-OSF-20260721005448	922788	Z2600	RX口检测	922277	YXN.037.011.1002	922286	YXN.037.011.1009	1.0	0	2026-05-15 19:20:54	2026-07-06 19:06:02
1768	922174	E2E-OSF-20260721005448	922845	Z2580	点胶海波管	922277	YXN.037.011.1002	922276	YXN.037.011.1007	1.0	0	2026-05-15 19:20:54	2026-07-06 19:06:02
1769	922174	E2E-OSF-20260721005448	922848	Z2490	球囊压握	922277	YXN.037.011.1002	922284	YXN.037.011.1011	1.0	0	2026-05-15 19:20:54	2026-07-06 19:06:02
1770	922174	E2E-OSF-20260721005448	922844	Z3850	裁剪圆角	922277	YXN.037.011.1002	922286	YXN.037.011.1009	1.0	0	2026-05-15 19:20:54	2026-07-06 19:06:02
1771	922174	E2E-OSF-20260721005448	922787	Z5600	球囊盘管（机器）	922277	YXN.037.011.1002	922278	YXN.041.011.1003	1.0	0	2026-05-15 19:20:54	2026-07-06 19:06:02
1772	922174	E2E-OSF-20260721005448	922849	Z2620	球囊测漏及全检	922277	YXN.037.011.1002	922276	YXN.037.011.1007	1.0	0	2026-05-15 19:20:54	2026-07-06 19:06:02
1773	922174	E2E-OSF-20260721005448	922838	Z2775	外管拉伸2	922277	YXN.037.011.1002	922279	YXN.041.011.1008	1.0	0	2026-05-15 19:20:53	2026-07-06 19:06:02
1774	922174	E2E-OSF-20260721005448	922839	Z2772	内管拉伸2	922277	YXN.037.011.1002	922278	YXN.041.011.1003	1.0	0	2026-05-15 19:20:53	2026-07-06 19:06:02
1775	922174	E2E-OSF-20260721005448	922840	Z3720	裁剪管材	922277	YXN.037.011.1002	922276	YXN.037.011.1007	1.0	0	2026-05-15 19:20:53	2026-07-06 19:06:02
1776	922174	E2E-OSF-20260721005448	922842	Z2520	尖端管与内管焊接	922277	YXN.037.011.1002	922286	YXN.037.011.1009	1.0	0	2026-05-15 19:20:53	2026-07-06 19:06:02
1777	922174	E2E-OSF-20260721005448	922846	Z2480	球囊涂层	922277	YXN.037.011.1002	922284	YXN.037.011.1011	1.0	0	2026-05-15 19:20:54	2026-07-06 19:06:02
1778	922174	E2E-OSF-20260721005448	922847	Z2590	球囊组件与海波管焊接	922277	YXN.037.011.1002	922279	YXN.041.011.1008	1.0	0	2026-05-15 19:20:54	2026-07-06 19:06:02
1779	922174	E2E-OSF-20260721005448	922786	Z760	包套装管	922277	YXN.037.011.1002	922278	YXN.041.011.1003	1.0	0	2026-05-15 19:20:54	2026-07-06 19:06:02
1780	922174	E2E-OSF-20260721005448	922850	Z830	纸塑袋封口（包装）	922277	YXN.037.011.1002	922276	YXN.037.011.1007	1.0	0	2026-05-15 19:20:54	2026-07-06 19:06:02
1781	922175	E2E-OSF-20260721005649	922789	Z2630	吹球囊成型	922277	YXN.037.011.1002	922284	YXN.037.011.1011	1.0	0	2026-05-15 19:20:53	2026-07-06 19:06:02
1782	922175	E2E-OSF-20260721005649	922795	Z3710	球囊裁剪	922277	YXN.037.011.1002	922278	YXN.041.011.1003	1.0	0	2026-05-15 19:20:53	2026-07-06 19:06:02
1783	922175	E2E-OSF-20260721005649	922796	Z2510	外管与球囊焊接	922277	YXN.037.011.1002	922276	YXN.037.011.1007	1.0	0	2026-05-15 19:20:53	2026-07-06 19:06:02
1784	922175	E2E-OSF-20260721005649	922794	Z2560	焊接圆角	922277	YXN.037.011.1002	922278	YXN.041.011.1003	1.0	0	2026-05-15 19:20:54	2026-07-06 19:06:02
1785	922175	E2E-OSF-20260721005649	922798	Z2550	焊接远端锥度	922277	YXN.037.011.1002	922276	YXN.037.011.1007	1.0	0	2026-05-15 19:20:54	2026-07-06 19:06:02
1786	922175	E2E-OSF-20260721005649	922797	Z3810	外管切缝	922277	YXN.037.011.1002	922278	YXN.041.011.1003	1.0	0	2026-05-15 19:20:53	2026-07-06 19:06:02
1787	922175	E2E-OSF-20260721005649	922841	Z5200	穿显影环	922277	YXN.037.011.1002	922284	YXN.037.011.1011	1.0	0	2026-05-15 19:20:53	2026-07-06 19:06:02
1788	922175	E2E-OSF-20260721005649	922843	Z2530	压显影环	922277	YXN.037.011.1002	922286	YXN.037.011.1009	1.0	0	2026-05-15 19:20:54	2026-07-06 19:06:02
1789	922175	E2E-OSF-20260721005649	922793	Z2570	快速交换口焊接	922277	YXN.037.011.1002	922279	YXN.041.011.1008	1.0	0	2026-05-15 19:20:54	2026-07-06 19:06:02
1790	922175	E2E-OSF-20260721005649	922788	Z2600	RX口检测	922277	YXN.037.011.1002	922286	YXN.037.011.1009	1.0	0	2026-05-15 19:20:54	2026-07-06 19:06:02
1791	922175	E2E-OSF-20260721005649	922845	Z2580	点胶海波管	922277	YXN.037.011.1002	922276	YXN.037.011.1007	1.0	0	2026-05-15 19:20:54	2026-07-06 19:06:02
1792	922175	E2E-OSF-20260721005649	922848	Z2490	球囊压握	922277	YXN.037.011.1002	922284	YXN.037.011.1011	1.0	0	2026-05-15 19:20:54	2026-07-06 19:06:02
1793	922175	E2E-OSF-20260721005649	922844	Z3850	裁剪圆角	922277	YXN.037.011.1002	922286	YXN.037.011.1009	1.0	0	2026-05-15 19:20:54	2026-07-06 19:06:02
1794	922175	E2E-OSF-20260721005649	922787	Z5600	球囊盘管（机器）	922277	YXN.037.011.1002	922278	YXN.041.011.1003	1.0	0	2026-05-15 19:20:54	2026-07-06 19:06:02
1795	922175	E2E-OSF-20260721005649	922849	Z2620	球囊测漏及全检	922277	YXN.037.011.1002	922276	YXN.037.011.1007	1.0	0	2026-05-15 19:20:54	2026-07-06 19:06:02
1796	922175	E2E-OSF-20260721005649	922838	Z2775	外管拉伸2	922277	YXN.037.011.1002	922279	YXN.041.011.1008	1.0	0	2026-05-15 19:20:53	2026-07-06 19:06:02
1797	922175	E2E-OSF-20260721005649	922839	Z2772	内管拉伸2	922277	YXN.037.011.1002	922278	YXN.041.011.1003	1.0	0	2026-05-15 19:20:53	2026-07-06 19:06:02
1798	922175	E2E-OSF-20260721005649	922840	Z3720	裁剪管材	922277	YXN.037.011.1002	922276	YXN.037.011.1007	1.0	0	2026-05-15 19:20:53	2026-07-06 19:06:02
1799	922175	E2E-OSF-20260721005649	922842	Z2520	尖端管与内管焊接	922277	YXN.037.011.1002	922286	YXN.037.011.1009	1.0	0	2026-05-15 19:20:53	2026-07-06 19:06:02
1800	922175	E2E-OSF-20260721005649	922846	Z2480	球囊涂层	922277	YXN.037.011.1002	922284	YXN.037.011.1011	1.0	0	2026-05-15 19:20:54	2026-07-06 19:06:02
1801	922175	E2E-OSF-20260721005649	922847	Z2590	球囊组件与海波管焊接	922277	YXN.037.011.1002	922279	YXN.041.011.1008	1.0	0	2026-05-15 19:20:54	2026-07-06 19:06:02
1802	922175	E2E-OSF-20260721005649	922786	Z760	包套装管	922277	YXN.037.011.1002	922278	YXN.041.011.1003	1.0	0	2026-05-15 19:20:54	2026-07-06 19:06:02
1803	922175	E2E-OSF-20260721005649	922850	Z830	纸塑袋封口（包装）	922277	YXN.037.011.1002	922276	YXN.037.011.1007	1.0	0	2026-05-15 19:20:54	2026-07-06 19:06:02
1827	922176	E2E-OSF-20260721015144	922789	Z2630	吹球囊成型	922277	YXN.037.011.1002	922284	YXN.037.011.1011	1.0	1	2026-05-15 19:20:53	2026-07-21 09:52:38
1828	922176	E2E-OSF-20260721015144	922795	Z3710	球囊裁剪	922277	YXN.037.011.1002	922278	YXN.041.011.1003	1.0	1	2026-05-15 19:20:53	2026-07-21 09:52:38
1829	922176	E2E-OSF-20260721015144	922796	Z2510	外管与球囊焊接	922277	YXN.037.011.1002	922276	YXN.037.011.1007	1.0	1	2026-05-15 19:20:53	2026-07-21 09:52:38
1830	922176	E2E-OSF-20260721015144	922794	Z2560	焊接圆角	922277	YXN.037.011.1002	922278	YXN.041.011.1003	1.0	1	2026-05-15 19:20:54	2026-07-21 09:52:38
1831	922176	E2E-OSF-20260721015144	922798	Z2550	焊接远端锥度	922277	YXN.037.011.1002	922276	YXN.037.011.1007	1.0	1	2026-05-15 19:20:54	2026-07-21 09:52:38
1832	922176	E2E-OSF-20260721015144	922797	Z3810	外管切缝	922277	YXN.037.011.1002	922278	YXN.041.011.1003	1.0	1	2026-05-15 19:20:53	2026-07-21 09:52:38
1833	922176	E2E-OSF-20260721015144	922841	Z5200	穿显影环	922277	YXN.037.011.1002	922284	YXN.037.011.1011	1.0	1	2026-05-15 19:20:53	2026-07-21 09:52:38
1834	922176	E2E-OSF-20260721015144	922843	Z2530	压显影环	922277	YXN.037.011.1002	922286	YXN.037.011.1009	1.0	1	2026-05-15 19:20:54	2026-07-21 09:52:38
1835	922176	E2E-OSF-20260721015144	922793	Z2570	快速交换口焊接	922277	YXN.037.011.1002	922279	YXN.041.011.1008	1.0	1	2026-05-15 19:20:54	2026-07-21 09:52:38
1836	922176	E2E-OSF-20260721015144	922788	Z2600	RX口检测	922277	YXN.037.011.1002	922286	YXN.037.011.1009	1.0	1	2026-05-15 19:20:54	2026-07-21 09:52:38
1837	922176	E2E-OSF-20260721015144	922845	Z2580	点胶海波管	922277	YXN.037.011.1002	922276	YXN.037.011.1007	1.0	1	2026-05-15 19:20:54	2026-07-21 09:52:38
1838	922176	E2E-OSF-20260721015144	922848	Z2490	球囊压握	922277	YXN.037.011.1002	922284	YXN.037.011.1011	1.0	1	2026-05-15 19:20:54	2026-07-21 09:52:38
1839	922176	E2E-OSF-20260721015144	922844	Z3850	裁剪圆角	922277	YXN.037.011.1002	922286	YXN.037.011.1009	1.0	1	2026-05-15 19:20:54	2026-07-21 09:52:38
1840	922176	E2E-OSF-20260721015144	922787	Z5600	球囊盘管（机器）	922277	YXN.037.011.1002	922278	YXN.041.011.1003	1.0	1	2026-05-15 19:20:54	2026-07-21 09:52:38
1841	922176	E2E-OSF-20260721015144	922849	Z2620	球囊测漏及全检	922277	YXN.037.011.1002	922276	YXN.037.011.1007	1.0	1	2026-05-15 19:20:54	2026-07-21 09:52:38
1842	922176	E2E-OSF-20260721015144	922838	Z2775	外管拉伸2	922277	YXN.037.011.1002	922279	YXN.041.011.1008	1.0	1	2026-05-15 19:20:53	2026-07-21 09:52:38
1843	922176	E2E-OSF-20260721015144	922839	Z2772	内管拉伸2	922277	YXN.037.011.1002	922278	YXN.041.011.1003	1.0	1	2026-05-15 19:20:53	2026-07-21 09:52:38
1844	922176	E2E-OSF-20260721015144	922840	Z3720	裁剪管材	922277	YXN.037.011.1002	922276	YXN.037.011.1007	1.0	1	2026-05-15 19:20:53	2026-07-21 09:52:38
1845	922176	E2E-OSF-20260721015144	922842	Z2520	尖端管与内管焊接	922277	YXN.037.011.1002	922286	YXN.037.011.1009	1.0	1	2026-05-15 19:20:53	2026-07-21 09:52:38
1846	922176	E2E-OSF-20260721015144	922846	Z2480	球囊涂层	922277	YXN.037.011.1002	922284	YXN.037.011.1011	1.0	1	2026-05-15 19:20:54	2026-07-21 09:52:38
1847	922176	E2E-OSF-20260721015144	922847	Z2590	球囊组件与海波管焊接	922277	YXN.037.011.1002	922279	YXN.041.011.1008	1.0	1	2026-05-15 19:20:54	2026-07-21 09:52:38
1848	922176	E2E-OSF-20260721015144	922786	Z760	包套装管	922277	YXN.037.011.1002	922278	YXN.041.011.1003	1.0	1	2026-05-15 19:20:54	2026-07-21 09:52:38
1849	922176	E2E-OSF-20260721015144	922850	Z830	纸塑袋封口（包装）	922277	YXN.037.011.1002	922276	YXN.037.011.1007	1.0	1	2026-05-15 19:20:54	2026-07-21 09:52:38
1850	922176	E2E-OSF-20260721015144	922789	Z2630	吹球囊成型	922277	YXN.037.011.1002	922284	YXN.037.011.1011	1.0	0	2026-07-21 09:52:39	2026-07-21 09:52:39
1851	922176	E2E-OSF-20260721015144	922795	Z3710	球囊裁剪	922277	YXN.037.011.1002	922278	YXN.041.011.1003	1.0	0	2026-07-21 09:52:39	2026-07-21 09:52:39
1852	922176	E2E-OSF-20260721015144	922796	Z2510	外管与球囊焊接	922277	YXN.037.011.1002	922276	YXN.037.011.1007	1.0	0	2026-07-21 09:52:39	2026-07-21 09:52:39
1853	922176	E2E-OSF-20260721015144	922794	Z2560	焊接圆角	922277	YXN.037.011.1002	922278	YXN.041.011.1003	1.0	0	2026-07-21 09:52:39	2026-07-21 09:52:39
1854	922176	E2E-OSF-20260721015144	922798	Z2550	焊接远端锥度	922277	YXN.037.011.1002	922276	YXN.037.011.1007	1.0	0	2026-07-21 09:52:39	2026-07-21 09:52:39
1855	922176	E2E-OSF-20260721015144	922797	Z3810	外管切缝	922277	YXN.037.011.1002	922278	YXN.041.011.1003	1.0	0	2026-07-21 09:52:39	2026-07-21 09:52:39
1856	922176	E2E-OSF-20260721015144	922841	Z5200	穿显影环	922277	YXN.037.011.1002	922284	YXN.037.011.1011	1.0	0	2026-07-21 09:52:39	2026-07-21 09:52:39
1857	922176	E2E-OSF-20260721015144	922843	Z2530	压显影环	922277	YXN.037.011.1002	922286	YXN.037.011.1009	1.0	0	2026-07-21 09:52:39	2026-07-21 09:52:39
1858	922176	E2E-OSF-20260721015144	922793	Z2570	快速交换口焊接	922277	YXN.037.011.1002	922279	YXN.041.011.1008	1.0	0	2026-07-21 09:52:39	2026-07-21 09:52:39
1859	922176	E2E-OSF-20260721015144	922788	Z2600	RX口检测	922277	YXN.037.011.1002	922286	YXN.037.011.1009	1.0	0	2026-07-21 09:52:39	2026-07-21 09:52:39
1860	922176	E2E-OSF-20260721015144	922845	Z2580	点胶海波管	922277	YXN.037.011.1002	922276	YXN.037.011.1007	1.0	0	2026-07-21 09:52:39	2026-07-21 09:52:39
1861	922176	E2E-OSF-20260721015144	922848	Z2490	球囊压握	922277	YXN.037.011.1002	922284	YXN.037.011.1011	1.0	0	2026-07-21 09:52:39	2026-07-21 09:52:39
1862	922176	E2E-OSF-20260721015144	922844	Z3850	裁剪圆角	922277	YXN.037.011.1002	922286	YXN.037.011.1009	1.0	0	2026-07-21 09:52:39	2026-07-21 09:52:39
1863	922176	E2E-OSF-20260721015144	922787	Z5600	球囊盘管（机器）	922277	YXN.037.011.1002	922278	YXN.041.011.1003	1.0	0	2026-07-21 09:52:39	2026-07-21 09:52:39
1864	922176	E2E-OSF-20260721015144	922849	Z2620	球囊测漏及全检	922277	YXN.037.011.1002	922276	YXN.037.011.1007	1.0	0	2026-07-21 09:52:39	2026-07-21 09:52:39
1865	922176	E2E-OSF-20260721015144	922838	Z2775	外管拉伸2	922277	YXN.037.011.1002	922279	YXN.041.011.1008	1.0	0	2026-07-21 09:52:39	2026-07-21 09:52:39
1866	922176	E2E-OSF-20260721015144	922839	Z2772	内管拉伸2	922277	YXN.037.011.1002	922278	YXN.041.011.1003	1.0	0	2026-07-21 09:52:39	2026-07-21 09:52:39
1867	922176	E2E-OSF-20260721015144	922840	Z3720	裁剪管材	922277	YXN.037.011.1002	922276	YXN.037.011.1007	1.0	0	2026-07-21 09:52:39	2026-07-21 09:52:39
1868	922176	E2E-OSF-20260721015144	922842	Z2520	尖端管与内管焊接	922277	YXN.037.011.1002	922286	YXN.037.011.1009	1.0	0	2026-07-21 09:52:39	2026-07-21 09:52:39
1869	922176	E2E-OSF-20260721015144	922846	Z2480	球囊涂层	922277	YXN.037.011.1002	922284	YXN.037.011.1011	1.0	0	2026-07-21 09:52:39	2026-07-21 09:52:39
1870	922176	E2E-OSF-20260721015144	922847	Z2590	球囊组件与海波管焊接	922277	YXN.037.011.1002	922279	YXN.041.011.1008	1.0	0	2026-07-21 09:52:39	2026-07-21 09:52:39
1871	922176	E2E-OSF-20260721015144	922786	Z760	包套装管	922277	YXN.037.011.1002	922278	YXN.041.011.1003	1.0	0	2026-07-21 09:52:39	2026-07-21 09:52:39
1872	922176	E2E-OSF-20260721015144	922850	Z830	纸塑袋封口（包装）	922277	YXN.037.011.1002	922276	YXN.037.011.1007	1.0	0	2026-07-21 09:52:39	2026-07-21 09:52:39
1873	922177	E2E-OSF-20260721020132	922789	Z2630	吹球囊成型	922277	YXN.037.011.1002	922284	YXN.037.011.1011	1.0	1	2026-05-15 19:20:53	2026-07-21 10:02:22
1874	922177	E2E-OSF-20260721020132	922795	Z3710	球囊裁剪	922277	YXN.037.011.1002	922278	YXN.041.011.1003	1.0	1	2026-05-15 19:20:53	2026-07-21 10:02:22
1875	922177	E2E-OSF-20260721020132	922796	Z2510	外管与球囊焊接	922277	YXN.037.011.1002	922276	YXN.037.011.1007	1.0	1	2026-05-15 19:20:53	2026-07-21 10:02:22
1876	922177	E2E-OSF-20260721020132	922794	Z2560	焊接圆角	922277	YXN.037.011.1002	922278	YXN.041.011.1003	1.0	1	2026-05-15 19:20:54	2026-07-21 10:02:22
1877	922177	E2E-OSF-20260721020132	922798	Z2550	焊接远端锥度	922277	YXN.037.011.1002	922276	YXN.037.011.1007	1.0	1	2026-05-15 19:20:54	2026-07-21 10:02:22
1878	922177	E2E-OSF-20260721020132	922797	Z3810	外管切缝	922277	YXN.037.011.1002	922278	YXN.041.011.1003	1.0	1	2026-05-15 19:20:53	2026-07-21 10:02:22
1879	922177	E2E-OSF-20260721020132	922841	Z5200	穿显影环	922277	YXN.037.011.1002	922284	YXN.037.011.1011	1.0	1	2026-05-15 19:20:53	2026-07-21 10:02:22
1880	922177	E2E-OSF-20260721020132	922843	Z2530	压显影环	922277	YXN.037.011.1002	922286	YXN.037.011.1009	1.0	1	2026-05-15 19:20:54	2026-07-21 10:02:22
1881	922177	E2E-OSF-20260721020132	922793	Z2570	快速交换口焊接	922277	YXN.037.011.1002	922279	YXN.041.011.1008	1.0	1	2026-05-15 19:20:54	2026-07-21 10:02:22
1882	922177	E2E-OSF-20260721020132	922788	Z2600	RX口检测	922277	YXN.037.011.1002	922286	YXN.037.011.1009	1.0	1	2026-05-15 19:20:54	2026-07-21 10:02:22
1883	922177	E2E-OSF-20260721020132	922845	Z2580	点胶海波管	922277	YXN.037.011.1002	922276	YXN.037.011.1007	1.0	1	2026-05-15 19:20:54	2026-07-21 10:02:22
1884	922177	E2E-OSF-20260721020132	922848	Z2490	球囊压握	922277	YXN.037.011.1002	922284	YXN.037.011.1011	1.0	1	2026-05-15 19:20:54	2026-07-21 10:02:22
1885	922177	E2E-OSF-20260721020132	922844	Z3850	裁剪圆角	922277	YXN.037.011.1002	922286	YXN.037.011.1009	1.0	1	2026-05-15 19:20:54	2026-07-21 10:02:22
1886	922177	E2E-OSF-20260721020132	922787	Z5600	球囊盘管（机器）	922277	YXN.037.011.1002	922278	YXN.041.011.1003	1.0	1	2026-05-15 19:20:54	2026-07-21 10:02:22
1887	922177	E2E-OSF-20260721020132	922849	Z2620	球囊测漏及全检	922277	YXN.037.011.1002	922276	YXN.037.011.1007	1.0	1	2026-05-15 19:20:54	2026-07-21 10:02:22
1888	922177	E2E-OSF-20260721020132	922838	Z2775	外管拉伸2	922277	YXN.037.011.1002	922279	YXN.041.011.1008	1.0	1	2026-05-15 19:20:53	2026-07-21 10:02:22
1889	922177	E2E-OSF-20260721020132	922839	Z2772	内管拉伸2	922277	YXN.037.011.1002	922278	YXN.041.011.1003	1.0	1	2026-05-15 19:20:53	2026-07-21 10:02:22
1890	922177	E2E-OSF-20260721020132	922840	Z3720	裁剪管材	922277	YXN.037.011.1002	922276	YXN.037.011.1007	1.0	1	2026-05-15 19:20:53	2026-07-21 10:02:22
1891	922177	E2E-OSF-20260721020132	922842	Z2520	尖端管与内管焊接	922277	YXN.037.011.1002	922286	YXN.037.011.1009	1.0	1	2026-05-15 19:20:53	2026-07-21 10:02:22
1892	922177	E2E-OSF-20260721020132	922846	Z2480	球囊涂层	922277	YXN.037.011.1002	922284	YXN.037.011.1011	1.0	1	2026-05-15 19:20:54	2026-07-21 10:02:22
1893	922177	E2E-OSF-20260721020132	922847	Z2590	球囊组件与海波管焊接	922277	YXN.037.011.1002	922279	YXN.041.011.1008	1.0	1	2026-05-15 19:20:54	2026-07-21 10:02:22
1894	922177	E2E-OSF-20260721020132	922786	Z760	包套装管	922277	YXN.037.011.1002	922278	YXN.041.011.1003	1.0	1	2026-05-15 19:20:54	2026-07-21 10:02:22
1895	922177	E2E-OSF-20260721020132	922850	Z830	纸塑袋封口（包装）	922277	YXN.037.011.1002	922276	YXN.037.011.1007	1.0	1	2026-05-15 19:20:54	2026-07-21 10:02:22
1896	922177	E2E-OSF-20260721020132	922789	Z2630	吹球囊成型	922277	YXN.037.011.1002	922284	YXN.037.011.1011	1.0	0	2026-07-21 10:02:23	2026-07-21 10:02:23
1897	922177	E2E-OSF-20260721020132	922795	Z3710	球囊裁剪	922277	YXN.037.011.1002	922278	YXN.041.011.1003	1.0	0	2026-07-21 10:02:23	2026-07-21 10:02:23
1898	922177	E2E-OSF-20260721020132	922796	Z2510	外管与球囊焊接	922277	YXN.037.011.1002	922276	YXN.037.011.1007	1.0	0	2026-07-21 10:02:23	2026-07-21 10:02:23
1899	922177	E2E-OSF-20260721020132	922794	Z2560	焊接圆角	922277	YXN.037.011.1002	922278	YXN.041.011.1003	1.0	0	2026-07-21 10:02:23	2026-07-21 10:02:23
1900	922177	E2E-OSF-20260721020132	922798	Z2550	焊接远端锥度	922277	YXN.037.011.1002	922276	YXN.037.011.1007	1.0	0	2026-07-21 10:02:23	2026-07-21 10:02:23
1901	922177	E2E-OSF-20260721020132	922797	Z3810	外管切缝	922277	YXN.037.011.1002	922278	YXN.041.011.1003	1.0	0	2026-07-21 10:02:23	2026-07-21 10:02:23
1902	922177	E2E-OSF-20260721020132	922841	Z5200	穿显影环	922277	YXN.037.011.1002	922284	YXN.037.011.1011	1.0	0	2026-07-21 10:02:23	2026-07-21 10:02:23
1903	922177	E2E-OSF-20260721020132	922843	Z2530	压显影环	922277	YXN.037.011.1002	922286	YXN.037.011.1009	1.0	0	2026-07-21 10:02:23	2026-07-21 10:02:23
1904	922177	E2E-OSF-20260721020132	922793	Z2570	快速交换口焊接	922277	YXN.037.011.1002	922279	YXN.041.011.1008	1.0	0	2026-07-21 10:02:23	2026-07-21 10:02:23
1905	922177	E2E-OSF-20260721020132	922788	Z2600	RX口检测	922277	YXN.037.011.1002	922286	YXN.037.011.1009	1.0	0	2026-07-21 10:02:23	2026-07-21 10:02:23
1906	922177	E2E-OSF-20260721020132	922845	Z2580	点胶海波管	922277	YXN.037.011.1002	922276	YXN.037.011.1007	1.0	0	2026-07-21 10:02:23	2026-07-21 10:02:23
1907	922177	E2E-OSF-20260721020132	922848	Z2490	球囊压握	922277	YXN.037.011.1002	922284	YXN.037.011.1011	1.0	0	2026-07-21 10:02:23	2026-07-21 10:02:23
1908	922177	E2E-OSF-20260721020132	922844	Z3850	裁剪圆角	922277	YXN.037.011.1002	922286	YXN.037.011.1009	1.0	0	2026-07-21 10:02:23	2026-07-21 10:02:23
1909	922177	E2E-OSF-20260721020132	922787	Z5600	球囊盘管（机器）	922277	YXN.037.011.1002	922278	YXN.041.011.1003	1.0	0	2026-07-21 10:02:23	2026-07-21 10:02:23
1910	922177	E2E-OSF-20260721020132	922849	Z2620	球囊测漏及全检	922277	YXN.037.011.1002	922276	YXN.037.011.1007	1.0	0	2026-07-21 10:02:23	2026-07-21 10:02:23
1911	922177	E2E-OSF-20260721020132	922838	Z2775	外管拉伸2	922277	YXN.037.011.1002	922279	YXN.041.011.1008	1.0	0	2026-07-21 10:02:23	2026-07-21 10:02:23
1912	922177	E2E-OSF-20260721020132	922839	Z2772	内管拉伸2	922277	YXN.037.011.1002	922278	YXN.041.011.1003	1.0	0	2026-07-21 10:02:23	2026-07-21 10:02:23
1913	922177	E2E-OSF-20260721020132	922840	Z3720	裁剪管材	922277	YXN.037.011.1002	922276	YXN.037.011.1007	1.0	0	2026-07-21 10:02:23	2026-07-21 10:02:23
1914	922177	E2E-OSF-20260721020132	922842	Z2520	尖端管与内管焊接	922277	YXN.037.011.1002	922286	YXN.037.011.1009	1.0	0	2026-07-21 10:02:23	2026-07-21 10:02:23
1915	922177	E2E-OSF-20260721020132	922846	Z2480	球囊涂层	922277	YXN.037.011.1002	922284	YXN.037.011.1011	1.0	0	2026-07-21 10:02:23	2026-07-21 10:02:23
1916	922177	E2E-OSF-20260721020132	922847	Z2590	球囊组件与海波管焊接	922277	YXN.037.011.1002	922279	YXN.041.011.1008	1.0	0	2026-07-21 10:02:23	2026-07-21 10:02:23
1917	922177	E2E-OSF-20260721020132	922786	Z760	包套装管	922277	YXN.037.011.1002	922278	YXN.041.011.1003	1.0	0	2026-07-21 10:02:23	2026-07-21 10:02:23
1918	922177	E2E-OSF-20260721020132	922850	Z830	纸塑袋封口（包装）	922277	YXN.037.011.1002	922276	YXN.037.011.1007	1.0	0	2026-07-21 10:02:23	2026-07-21 10:02:23
1919	922178	E2E-OSF-20260721020446	922789	Z2630	吹球囊成型	922277	YXN.037.011.1002	922284	YXN.037.011.1011	1.0	1	2026-05-15 19:20:53	2026-07-21 10:05:35
1920	922178	E2E-OSF-20260721020446	922795	Z3710	球囊裁剪	922277	YXN.037.011.1002	922278	YXN.041.011.1003	1.0	1	2026-05-15 19:20:53	2026-07-21 10:05:35
1921	922178	E2E-OSF-20260721020446	922796	Z2510	外管与球囊焊接	922277	YXN.037.011.1002	922276	YXN.037.011.1007	1.0	1	2026-05-15 19:20:53	2026-07-21 10:05:35
1922	922178	E2E-OSF-20260721020446	922794	Z2560	焊接圆角	922277	YXN.037.011.1002	922278	YXN.041.011.1003	1.0	1	2026-05-15 19:20:54	2026-07-21 10:05:35
1923	922178	E2E-OSF-20260721020446	922798	Z2550	焊接远端锥度	922277	YXN.037.011.1002	922276	YXN.037.011.1007	1.0	1	2026-05-15 19:20:54	2026-07-21 10:05:35
1924	922178	E2E-OSF-20260721020446	922797	Z3810	外管切缝	922277	YXN.037.011.1002	922278	YXN.041.011.1003	1.0	1	2026-05-15 19:20:53	2026-07-21 10:05:35
1925	922178	E2E-OSF-20260721020446	922841	Z5200	穿显影环	922277	YXN.037.011.1002	922284	YXN.037.011.1011	1.0	1	2026-05-15 19:20:53	2026-07-21 10:05:35
1926	922178	E2E-OSF-20260721020446	922843	Z2530	压显影环	922277	YXN.037.011.1002	922286	YXN.037.011.1009	1.0	1	2026-05-15 19:20:54	2026-07-21 10:05:35
1927	922178	E2E-OSF-20260721020446	922793	Z2570	快速交换口焊接	922277	YXN.037.011.1002	922279	YXN.041.011.1008	1.0	1	2026-05-15 19:20:54	2026-07-21 10:05:35
1928	922178	E2E-OSF-20260721020446	922788	Z2600	RX口检测	922277	YXN.037.011.1002	922286	YXN.037.011.1009	1.0	1	2026-05-15 19:20:54	2026-07-21 10:05:35
1929	922178	E2E-OSF-20260721020446	922845	Z2580	点胶海波管	922277	YXN.037.011.1002	922276	YXN.037.011.1007	1.0	1	2026-05-15 19:20:54	2026-07-21 10:05:35
1930	922178	E2E-OSF-20260721020446	922848	Z2490	球囊压握	922277	YXN.037.011.1002	922284	YXN.037.011.1011	1.0	1	2026-05-15 19:20:54	2026-07-21 10:05:35
1931	922178	E2E-OSF-20260721020446	922844	Z3850	裁剪圆角	922277	YXN.037.011.1002	922286	YXN.037.011.1009	1.0	1	2026-05-15 19:20:54	2026-07-21 10:05:35
1932	922178	E2E-OSF-20260721020446	922787	Z5600	球囊盘管（机器）	922277	YXN.037.011.1002	922278	YXN.041.011.1003	1.0	1	2026-05-15 19:20:54	2026-07-21 10:05:35
1933	922178	E2E-OSF-20260721020446	922849	Z2620	球囊测漏及全检	922277	YXN.037.011.1002	922276	YXN.037.011.1007	1.0	1	2026-05-15 19:20:54	2026-07-21 10:05:35
1934	922178	E2E-OSF-20260721020446	922838	Z2775	外管拉伸2	922277	YXN.037.011.1002	922279	YXN.041.011.1008	1.0	1	2026-05-15 19:20:53	2026-07-21 10:05:35
1935	922178	E2E-OSF-20260721020446	922839	Z2772	内管拉伸2	922277	YXN.037.011.1002	922278	YXN.041.011.1003	1.0	1	2026-05-15 19:20:53	2026-07-21 10:05:35
1936	922178	E2E-OSF-20260721020446	922840	Z3720	裁剪管材	922277	YXN.037.011.1002	922276	YXN.037.011.1007	1.0	1	2026-05-15 19:20:53	2026-07-21 10:05:35
1937	922178	E2E-OSF-20260721020446	922842	Z2520	尖端管与内管焊接	922277	YXN.037.011.1002	922286	YXN.037.011.1009	1.0	1	2026-05-15 19:20:53	2026-07-21 10:05:35
1938	922178	E2E-OSF-20260721020446	922846	Z2480	球囊涂层	922277	YXN.037.011.1002	922284	YXN.037.011.1011	1.0	1	2026-05-15 19:20:54	2026-07-21 10:05:35
1939	922178	E2E-OSF-20260721020446	922847	Z2590	球囊组件与海波管焊接	922277	YXN.037.011.1002	922279	YXN.041.011.1008	1.0	1	2026-05-15 19:20:54	2026-07-21 10:05:35
1940	922178	E2E-OSF-20260721020446	922786	Z760	包套装管	922277	YXN.037.011.1002	922278	YXN.041.011.1003	1.0	1	2026-05-15 19:20:54	2026-07-21 10:05:35
1941	922178	E2E-OSF-20260721020446	922850	Z830	纸塑袋封口（包装）	922277	YXN.037.011.1002	922276	YXN.037.011.1007	1.0	1	2026-05-15 19:20:54	2026-07-21 10:05:35
1942	922178	E2E-OSF-20260721020446	922789	Z2630	吹球囊成型	922277	YXN.037.011.1002	922284	YXN.037.011.1011	1.0	0	2026-07-21 10:05:36	2026-07-21 10:05:36
1943	922178	E2E-OSF-20260721020446	922795	Z3710	球囊裁剪	922277	YXN.037.011.1002	922278	YXN.041.011.1003	1.0	0	2026-07-21 10:05:36	2026-07-21 10:05:36
1944	922178	E2E-OSF-20260721020446	922796	Z2510	外管与球囊焊接	922277	YXN.037.011.1002	922276	YXN.037.011.1007	1.0	0	2026-07-21 10:05:36	2026-07-21 10:05:36
1945	922178	E2E-OSF-20260721020446	922794	Z2560	焊接圆角	922277	YXN.037.011.1002	922278	YXN.041.011.1003	1.0	0	2026-07-21 10:05:36	2026-07-21 10:05:36
1946	922178	E2E-OSF-20260721020446	922798	Z2550	焊接远端锥度	922277	YXN.037.011.1002	922276	YXN.037.011.1007	1.0	0	2026-07-21 10:05:36	2026-07-21 10:05:36
1947	922178	E2E-OSF-20260721020446	922797	Z3810	外管切缝	922277	YXN.037.011.1002	922278	YXN.041.011.1003	1.0	0	2026-07-21 10:05:36	2026-07-21 10:05:36
1948	922178	E2E-OSF-20260721020446	922841	Z5200	穿显影环	922277	YXN.037.011.1002	922284	YXN.037.011.1011	1.0	0	2026-07-21 10:05:36	2026-07-21 10:05:36
1949	922178	E2E-OSF-20260721020446	922843	Z2530	压显影环	922277	YXN.037.011.1002	922286	YXN.037.011.1009	1.0	0	2026-07-21 10:05:36	2026-07-21 10:05:36
1950	922178	E2E-OSF-20260721020446	922793	Z2570	快速交换口焊接	922277	YXN.037.011.1002	922279	YXN.041.011.1008	1.0	0	2026-07-21 10:05:36	2026-07-21 10:05:36
1951	922178	E2E-OSF-20260721020446	922788	Z2600	RX口检测	922277	YXN.037.011.1002	922286	YXN.037.011.1009	1.0	0	2026-07-21 10:05:36	2026-07-21 10:05:36
1952	922178	E2E-OSF-20260721020446	922845	Z2580	点胶海波管	922277	YXN.037.011.1002	922276	YXN.037.011.1007	1.0	0	2026-07-21 10:05:36	2026-07-21 10:05:36
1953	922178	E2E-OSF-20260721020446	922848	Z2490	球囊压握	922277	YXN.037.011.1002	922284	YXN.037.011.1011	1.0	0	2026-07-21 10:05:36	2026-07-21 10:05:36
1954	922178	E2E-OSF-20260721020446	922844	Z3850	裁剪圆角	922277	YXN.037.011.1002	922286	YXN.037.011.1009	1.0	0	2026-07-21 10:05:36	2026-07-21 10:05:36
1955	922178	E2E-OSF-20260721020446	922787	Z5600	球囊盘管（机器）	922277	YXN.037.011.1002	922278	YXN.041.011.1003	1.0	0	2026-07-21 10:05:36	2026-07-21 10:05:36
1956	922178	E2E-OSF-20260721020446	922849	Z2620	球囊测漏及全检	922277	YXN.037.011.1002	922276	YXN.037.011.1007	1.0	0	2026-07-21 10:05:36	2026-07-21 10:05:36
1957	922178	E2E-OSF-20260721020446	922838	Z2775	外管拉伸2	922277	YXN.037.011.1002	922279	YXN.041.011.1008	1.0	0	2026-07-21 10:05:36	2026-07-21 10:05:36
1958	922178	E2E-OSF-20260721020446	922839	Z2772	内管拉伸2	922277	YXN.037.011.1002	922278	YXN.041.011.1003	1.0	0	2026-07-21 10:05:36	2026-07-21 10:05:36
1959	922178	E2E-OSF-20260721020446	922840	Z3720	裁剪管材	922277	YXN.037.011.1002	922276	YXN.037.011.1007	1.0	0	2026-07-21 10:05:36	2026-07-21 10:05:36
1960	922178	E2E-OSF-20260721020446	922842	Z2520	尖端管与内管焊接	922277	YXN.037.011.1002	922286	YXN.037.011.1009	1.0	0	2026-07-21 10:05:36	2026-07-21 10:05:36
1961	922178	E2E-OSF-20260721020446	922846	Z2480	球囊涂层	922277	YXN.037.011.1002	922284	YXN.037.011.1011	1.0	0	2026-07-21 10:05:36	2026-07-21 10:05:36
1962	922178	E2E-OSF-20260721020446	922847	Z2590	球囊组件与海波管焊接	922277	YXN.037.011.1002	922279	YXN.041.011.1008	1.0	0	2026-07-21 10:05:36	2026-07-21 10:05:36
1963	922178	E2E-OSF-20260721020446	922786	Z760	包套装管	922277	YXN.037.011.1002	922278	YXN.041.011.1003	1.0	0	2026-07-21 10:05:36	2026-07-21 10:05:36
1964	922178	E2E-OSF-20260721020446	922850	Z830	纸塑袋封口（包装）	922277	YXN.037.011.1002	922276	YXN.037.011.1007	1.0	0	2026-07-21 10:05:36	2026-07-21 10:05:36
1965	922179	E2E-OSF-20260721021908	922789	Z2630	吹球囊成型	922277	YXN.037.011.1002	922284	YXN.037.011.1011	1.0	1	2026-05-15 19:20:53	2026-07-21 10:20:01
1966	922179	E2E-OSF-20260721021908	922795	Z3710	球囊裁剪	922277	YXN.037.011.1002	922278	YXN.041.011.1003	1.0	1	2026-05-15 19:20:53	2026-07-21 10:20:01
1967	922179	E2E-OSF-20260721021908	922796	Z2510	外管与球囊焊接	922277	YXN.037.011.1002	922276	YXN.037.011.1007	1.0	1	2026-05-15 19:20:53	2026-07-21 10:20:01
1968	922179	E2E-OSF-20260721021908	922794	Z2560	焊接圆角	922277	YXN.037.011.1002	922278	YXN.041.011.1003	1.0	1	2026-05-15 19:20:54	2026-07-21 10:20:01
1969	922179	E2E-OSF-20260721021908	922798	Z2550	焊接远端锥度	922277	YXN.037.011.1002	922276	YXN.037.011.1007	1.0	1	2026-05-15 19:20:54	2026-07-21 10:20:01
1970	922179	E2E-OSF-20260721021908	922797	Z3810	外管切缝	922277	YXN.037.011.1002	922278	YXN.041.011.1003	1.0	1	2026-05-15 19:20:53	2026-07-21 10:20:01
1971	922179	E2E-OSF-20260721021908	922841	Z5200	穿显影环	922277	YXN.037.011.1002	922284	YXN.037.011.1011	1.0	1	2026-05-15 19:20:53	2026-07-21 10:20:01
1972	922179	E2E-OSF-20260721021908	922843	Z2530	压显影环	922277	YXN.037.011.1002	922286	YXN.037.011.1009	1.0	1	2026-05-15 19:20:54	2026-07-21 10:20:01
1973	922179	E2E-OSF-20260721021908	922793	Z2570	快速交换口焊接	922277	YXN.037.011.1002	922279	YXN.041.011.1008	1.0	1	2026-05-15 19:20:54	2026-07-21 10:20:01
1974	922179	E2E-OSF-20260721021908	922788	Z2600	RX口检测	922277	YXN.037.011.1002	922286	YXN.037.011.1009	1.0	1	2026-05-15 19:20:54	2026-07-21 10:20:01
1975	922179	E2E-OSF-20260721021908	922845	Z2580	点胶海波管	922277	YXN.037.011.1002	922276	YXN.037.011.1007	1.0	1	2026-05-15 19:20:54	2026-07-21 10:20:01
1976	922179	E2E-OSF-20260721021908	922848	Z2490	球囊压握	922277	YXN.037.011.1002	922284	YXN.037.011.1011	1.0	1	2026-05-15 19:20:54	2026-07-21 10:20:01
1977	922179	E2E-OSF-20260721021908	922844	Z3850	裁剪圆角	922277	YXN.037.011.1002	922286	YXN.037.011.1009	1.0	1	2026-05-15 19:20:54	2026-07-21 10:20:01
1978	922179	E2E-OSF-20260721021908	922787	Z5600	球囊盘管（机器）	922277	YXN.037.011.1002	922278	YXN.041.011.1003	1.0	1	2026-05-15 19:20:54	2026-07-21 10:20:01
1979	922179	E2E-OSF-20260721021908	922849	Z2620	球囊测漏及全检	922277	YXN.037.011.1002	922276	YXN.037.011.1007	1.0	1	2026-05-15 19:20:54	2026-07-21 10:20:01
1980	922179	E2E-OSF-20260721021908	922838	Z2775	外管拉伸2	922277	YXN.037.011.1002	922279	YXN.041.011.1008	1.0	1	2026-05-15 19:20:53	2026-07-21 10:20:01
1981	922179	E2E-OSF-20260721021908	922839	Z2772	内管拉伸2	922277	YXN.037.011.1002	922278	YXN.041.011.1003	1.0	1	2026-05-15 19:20:53	2026-07-21 10:20:01
1982	922179	E2E-OSF-20260721021908	922840	Z3720	裁剪管材	922277	YXN.037.011.1002	922276	YXN.037.011.1007	1.0	1	2026-05-15 19:20:53	2026-07-21 10:20:01
1983	922179	E2E-OSF-20260721021908	922842	Z2520	尖端管与内管焊接	922277	YXN.037.011.1002	922286	YXN.037.011.1009	1.0	1	2026-05-15 19:20:53	2026-07-21 10:20:01
1984	922179	E2E-OSF-20260721021908	922846	Z2480	球囊涂层	922277	YXN.037.011.1002	922284	YXN.037.011.1011	1.0	1	2026-05-15 19:20:54	2026-07-21 10:20:01
1985	922179	E2E-OSF-20260721021908	922847	Z2590	球囊组件与海波管焊接	922277	YXN.037.011.1002	922279	YXN.041.011.1008	1.0	1	2026-05-15 19:20:54	2026-07-21 10:20:01
1986	922179	E2E-OSF-20260721021908	922786	Z760	包套装管	922277	YXN.037.011.1002	922278	YXN.041.011.1003	1.0	1	2026-05-15 19:20:54	2026-07-21 10:20:01
1987	922179	E2E-OSF-20260721021908	922850	Z830	纸塑袋封口（包装）	922277	YXN.037.011.1002	922276	YXN.037.011.1007	1.0	1	2026-05-15 19:20:54	2026-07-21 10:20:01
1988	922179	E2E-OSF-20260721021908	922789	Z2630	吹球囊成型	922277	YXN.037.011.1002	922284	YXN.037.011.1011	1.0	0	2026-07-21 10:20:02	2026-07-21 10:20:02
1989	922179	E2E-OSF-20260721021908	922795	Z3710	球囊裁剪	922277	YXN.037.011.1002	922278	YXN.041.011.1003	1.0	0	2026-07-21 10:20:02	2026-07-21 10:20:02
1990	922179	E2E-OSF-20260721021908	922796	Z2510	外管与球囊焊接	922277	YXN.037.011.1002	922276	YXN.037.011.1007	1.0	0	2026-07-21 10:20:02	2026-07-21 10:20:02
1991	922179	E2E-OSF-20260721021908	922794	Z2560	焊接圆角	922277	YXN.037.011.1002	922278	YXN.041.011.1003	1.0	0	2026-07-21 10:20:02	2026-07-21 10:20:02
1992	922179	E2E-OSF-20260721021908	922798	Z2550	焊接远端锥度	922277	YXN.037.011.1002	922276	YXN.037.011.1007	1.0	0	2026-07-21 10:20:02	2026-07-21 10:20:02
1993	922179	E2E-OSF-20260721021908	922797	Z3810	外管切缝	922277	YXN.037.011.1002	922278	YXN.041.011.1003	1.0	0	2026-07-21 10:20:02	2026-07-21 10:20:02
1994	922179	E2E-OSF-20260721021908	922841	Z5200	穿显影环	922277	YXN.037.011.1002	922284	YXN.037.011.1011	1.0	0	2026-07-21 10:20:02	2026-07-21 10:20:02
1995	922179	E2E-OSF-20260721021908	922843	Z2530	压显影环	922277	YXN.037.011.1002	922286	YXN.037.011.1009	1.0	0	2026-07-21 10:20:02	2026-07-21 10:20:02
1996	922179	E2E-OSF-20260721021908	922793	Z2570	快速交换口焊接	922277	YXN.037.011.1002	922279	YXN.041.011.1008	1.0	0	2026-07-21 10:20:02	2026-07-21 10:20:02
1997	922179	E2E-OSF-20260721021908	922788	Z2600	RX口检测	922277	YXN.037.011.1002	922286	YXN.037.011.1009	1.0	0	2026-07-21 10:20:02	2026-07-21 10:20:02
1998	922179	E2E-OSF-20260721021908	922845	Z2580	点胶海波管	922277	YXN.037.011.1002	922276	YXN.037.011.1007	1.0	0	2026-07-21 10:20:02	2026-07-21 10:20:02
1999	922179	E2E-OSF-20260721021908	922848	Z2490	球囊压握	922277	YXN.037.011.1002	922284	YXN.037.011.1011	1.0	0	2026-07-21 10:20:02	2026-07-21 10:20:02
2000	922179	E2E-OSF-20260721021908	922844	Z3850	裁剪圆角	922277	YXN.037.011.1002	922286	YXN.037.011.1009	1.0	0	2026-07-21 10:20:02	2026-07-21 10:20:02
2001	922179	E2E-OSF-20260721021908	922787	Z5600	球囊盘管（机器）	922277	YXN.037.011.1002	922278	YXN.041.011.1003	1.0	0	2026-07-21 10:20:02	2026-07-21 10:20:02
2002	922179	E2E-OSF-20260721021908	922849	Z2620	球囊测漏及全检	922277	YXN.037.011.1002	922276	YXN.037.011.1007	1.0	0	2026-07-21 10:20:02	2026-07-21 10:20:02
2003	922179	E2E-OSF-20260721021908	922838	Z2775	外管拉伸2	922277	YXN.037.011.1002	922279	YXN.041.011.1008	1.0	0	2026-07-21 10:20:02	2026-07-21 10:20:02
2004	922179	E2E-OSF-20260721021908	922839	Z2772	内管拉伸2	922277	YXN.037.011.1002	922278	YXN.041.011.1003	1.0	0	2026-07-21 10:20:02	2026-07-21 10:20:02
2005	922179	E2E-OSF-20260721021908	922840	Z3720	裁剪管材	922277	YXN.037.011.1002	922276	YXN.037.011.1007	1.0	0	2026-07-21 10:20:02	2026-07-21 10:20:02
2006	922179	E2E-OSF-20260721021908	922842	Z2520	尖端管与内管焊接	922277	YXN.037.011.1002	922286	YXN.037.011.1009	1.0	0	2026-07-21 10:20:02	2026-07-21 10:20:02
2007	922179	E2E-OSF-20260721021908	922846	Z2480	球囊涂层	922277	YXN.037.011.1002	922284	YXN.037.011.1011	1.0	0	2026-07-21 10:20:02	2026-07-21 10:20:02
2008	922179	E2E-OSF-20260721021908	922847	Z2590	球囊组件与海波管焊接	922277	YXN.037.011.1002	922279	YXN.041.011.1008	1.0	0	2026-07-21 10:20:02	2026-07-21 10:20:02
2009	922179	E2E-OSF-20260721021908	922786	Z760	包套装管	922277	YXN.037.011.1002	922278	YXN.041.011.1003	1.0	0	2026-07-21 10:20:02	2026-07-21 10:20:02
2010	922179	E2E-OSF-20260721021908	922850	Z830	纸塑袋封口（包装）	922277	YXN.037.011.1002	922276	YXN.037.011.1007	1.0	0	2026-07-21 10:20:02	2026-07-21 10:20:02
2011	922180	E2E-OSF-20260721023700	922789	Z2630	吹球囊成型	922277	YXN.037.011.1002	922284	YXN.037.011.1011	1.0	1	2026-05-15 19:20:53	2026-07-21 10:38:13
2012	922180	E2E-OSF-20260721023700	922795	Z3710	球囊裁剪	922277	YXN.037.011.1002	922278	YXN.041.011.1003	1.0	1	2026-05-15 19:20:53	2026-07-21 10:38:13
2013	922180	E2E-OSF-20260721023700	922796	Z2510	外管与球囊焊接	922277	YXN.037.011.1002	922276	YXN.037.011.1007	1.0	1	2026-05-15 19:20:53	2026-07-21 10:38:13
2014	922180	E2E-OSF-20260721023700	922794	Z2560	焊接圆角	922277	YXN.037.011.1002	922278	YXN.041.011.1003	1.0	1	2026-05-15 19:20:54	2026-07-21 10:38:13
2015	922180	E2E-OSF-20260721023700	922798	Z2550	焊接远端锥度	922277	YXN.037.011.1002	922276	YXN.037.011.1007	1.0	1	2026-05-15 19:20:54	2026-07-21 10:38:13
2016	922180	E2E-OSF-20260721023700	922797	Z3810	外管切缝	922277	YXN.037.011.1002	922278	YXN.041.011.1003	1.0	1	2026-05-15 19:20:53	2026-07-21 10:38:13
2017	922180	E2E-OSF-20260721023700	922841	Z5200	穿显影环	922277	YXN.037.011.1002	922284	YXN.037.011.1011	1.0	1	2026-05-15 19:20:53	2026-07-21 10:38:13
2018	922180	E2E-OSF-20260721023700	922843	Z2530	压显影环	922277	YXN.037.011.1002	922286	YXN.037.011.1009	1.0	1	2026-05-15 19:20:54	2026-07-21 10:38:13
2019	922180	E2E-OSF-20260721023700	922793	Z2570	快速交换口焊接	922277	YXN.037.011.1002	922279	YXN.041.011.1008	1.0	1	2026-05-15 19:20:54	2026-07-21 10:38:13
2020	922180	E2E-OSF-20260721023700	922788	Z2600	RX口检测	922277	YXN.037.011.1002	922286	YXN.037.011.1009	1.0	1	2026-05-15 19:20:54	2026-07-21 10:38:13
2021	922180	E2E-OSF-20260721023700	922845	Z2580	点胶海波管	922277	YXN.037.011.1002	922276	YXN.037.011.1007	1.0	1	2026-05-15 19:20:54	2026-07-21 10:38:13
2022	922180	E2E-OSF-20260721023700	922848	Z2490	球囊压握	922277	YXN.037.011.1002	922284	YXN.037.011.1011	1.0	1	2026-05-15 19:20:54	2026-07-21 10:38:13
2023	922180	E2E-OSF-20260721023700	922844	Z3850	裁剪圆角	922277	YXN.037.011.1002	922286	YXN.037.011.1009	1.0	1	2026-05-15 19:20:54	2026-07-21 10:38:13
2024	922180	E2E-OSF-20260721023700	922787	Z5600	球囊盘管（机器）	922277	YXN.037.011.1002	922278	YXN.041.011.1003	1.0	1	2026-05-15 19:20:54	2026-07-21 10:38:13
2025	922180	E2E-OSF-20260721023700	922849	Z2620	球囊测漏及全检	922277	YXN.037.011.1002	922276	YXN.037.011.1007	1.0	1	2026-05-15 19:20:54	2026-07-21 10:38:13
2026	922180	E2E-OSF-20260721023700	922838	Z2775	外管拉伸2	922277	YXN.037.011.1002	922279	YXN.041.011.1008	1.0	1	2026-05-15 19:20:53	2026-07-21 10:38:13
2027	922180	E2E-OSF-20260721023700	922839	Z2772	内管拉伸2	922277	YXN.037.011.1002	922278	YXN.041.011.1003	1.0	1	2026-05-15 19:20:53	2026-07-21 10:38:13
2028	922180	E2E-OSF-20260721023700	922840	Z3720	裁剪管材	922277	YXN.037.011.1002	922276	YXN.037.011.1007	1.0	1	2026-05-15 19:20:53	2026-07-21 10:38:13
2029	922180	E2E-OSF-20260721023700	922842	Z2520	尖端管与内管焊接	922277	YXN.037.011.1002	922286	YXN.037.011.1009	1.0	1	2026-05-15 19:20:53	2026-07-21 10:38:13
2030	922180	E2E-OSF-20260721023700	922846	Z2480	球囊涂层	922277	YXN.037.011.1002	922284	YXN.037.011.1011	1.0	1	2026-05-15 19:20:54	2026-07-21 10:38:13
2031	922180	E2E-OSF-20260721023700	922847	Z2590	球囊组件与海波管焊接	922277	YXN.037.011.1002	922279	YXN.041.011.1008	1.0	1	2026-05-15 19:20:54	2026-07-21 10:38:13
2032	922180	E2E-OSF-20260721023700	922786	Z760	包套装管	922277	YXN.037.011.1002	922278	YXN.041.011.1003	1.0	1	2026-05-15 19:20:54	2026-07-21 10:38:13
2033	922180	E2E-OSF-20260721023700	922850	Z830	纸塑袋封口（包装）	922277	YXN.037.011.1002	922276	YXN.037.011.1007	1.0	1	2026-05-15 19:20:54	2026-07-21 10:38:13
2034	922180	E2E-OSF-20260721023700	922789	Z2630	吹球囊成型	922277	YXN.037.011.1002	922284	YXN.037.011.1011	1.0	0	2026-07-21 10:38:14	2026-07-21 10:38:14
2035	922180	E2E-OSF-20260721023700	922795	Z3710	球囊裁剪	922277	YXN.037.011.1002	922278	YXN.041.011.1003	1.0	0	2026-07-21 10:38:14	2026-07-21 10:38:14
2036	922180	E2E-OSF-20260721023700	922796	Z2510	外管与球囊焊接	922277	YXN.037.011.1002	922276	YXN.037.011.1007	1.0	0	2026-07-21 10:38:14	2026-07-21 10:38:14
2037	922180	E2E-OSF-20260721023700	922794	Z2560	焊接圆角	922277	YXN.037.011.1002	922278	YXN.041.011.1003	1.0	0	2026-07-21 10:38:14	2026-07-21 10:38:14
2038	922180	E2E-OSF-20260721023700	922798	Z2550	焊接远端锥度	922277	YXN.037.011.1002	922276	YXN.037.011.1007	1.0	0	2026-07-21 10:38:14	2026-07-21 10:38:14
2039	922180	E2E-OSF-20260721023700	922797	Z3810	外管切缝	922277	YXN.037.011.1002	922278	YXN.041.011.1003	1.0	0	2026-07-21 10:38:14	2026-07-21 10:38:14
2040	922180	E2E-OSF-20260721023700	922841	Z5200	穿显影环	922277	YXN.037.011.1002	922284	YXN.037.011.1011	1.0	0	2026-07-21 10:38:14	2026-07-21 10:38:14
2041	922180	E2E-OSF-20260721023700	922843	Z2530	压显影环	922277	YXN.037.011.1002	922286	YXN.037.011.1009	1.0	0	2026-07-21 10:38:14	2026-07-21 10:38:14
2042	922180	E2E-OSF-20260721023700	922793	Z2570	快速交换口焊接	922277	YXN.037.011.1002	922279	YXN.041.011.1008	1.0	0	2026-07-21 10:38:14	2026-07-21 10:38:14
2043	922180	E2E-OSF-20260721023700	922788	Z2600	RX口检测	922277	YXN.037.011.1002	922286	YXN.037.011.1009	1.0	0	2026-07-21 10:38:14	2026-07-21 10:38:14
2044	922180	E2E-OSF-20260721023700	922845	Z2580	点胶海波管	922277	YXN.037.011.1002	922276	YXN.037.011.1007	1.0	0	2026-07-21 10:38:14	2026-07-21 10:38:14
2045	922180	E2E-OSF-20260721023700	922848	Z2490	球囊压握	922277	YXN.037.011.1002	922284	YXN.037.011.1011	1.0	0	2026-07-21 10:38:14	2026-07-21 10:38:14
2046	922180	E2E-OSF-20260721023700	922844	Z3850	裁剪圆角	922277	YXN.037.011.1002	922286	YXN.037.011.1009	1.0	0	2026-07-21 10:38:14	2026-07-21 10:38:14
2047	922180	E2E-OSF-20260721023700	922787	Z5600	球囊盘管（机器）	922277	YXN.037.011.1002	922278	YXN.041.011.1003	1.0	0	2026-07-21 10:38:14	2026-07-21 10:38:14
2048	922180	E2E-OSF-20260721023700	922849	Z2620	球囊测漏及全检	922277	YXN.037.011.1002	922276	YXN.037.011.1007	1.0	0	2026-07-21 10:38:14	2026-07-21 10:38:14
2049	922180	E2E-OSF-20260721023700	922838	Z2775	外管拉伸2	922277	YXN.037.011.1002	922279	YXN.041.011.1008	1.0	0	2026-07-21 10:38:14	2026-07-21 10:38:14
2050	922180	E2E-OSF-20260721023700	922839	Z2772	内管拉伸2	922277	YXN.037.011.1002	922278	YXN.041.011.1003	1.0	0	2026-07-21 10:38:14	2026-07-21 10:38:14
2051	922180	E2E-OSF-20260721023700	922840	Z3720	裁剪管材	922277	YXN.037.011.1002	922276	YXN.037.011.1007	1.0	0	2026-07-21 10:38:14	2026-07-21 10:38:14
2052	922180	E2E-OSF-20260721023700	922842	Z2520	尖端管与内管焊接	922277	YXN.037.011.1002	922286	YXN.037.011.1009	1.0	0	2026-07-21 10:38:14	2026-07-21 10:38:14
2053	922180	E2E-OSF-20260721023700	922846	Z2480	球囊涂层	922277	YXN.037.011.1002	922284	YXN.037.011.1011	1.0	0	2026-07-21 10:38:14	2026-07-21 10:38:14
2054	922180	E2E-OSF-20260721023700	922847	Z2590	球囊组件与海波管焊接	922277	YXN.037.011.1002	922279	YXN.041.011.1008	1.0	0	2026-07-21 10:38:14	2026-07-21 10:38:14
2055	922180	E2E-OSF-20260721023700	922786	Z760	包套装管	922277	YXN.037.011.1002	922278	YXN.041.011.1003	1.0	0	2026-07-21 10:38:14	2026-07-21 10:38:14
2056	922180	E2E-OSF-20260721023700	922850	Z830	纸塑袋封口（包装）	922277	YXN.037.011.1002	922276	YXN.037.011.1007	1.0	0	2026-07-21 10:38:14	2026-07-21 10:38:14
2057	922181	E2E-OSF-20260721024202	922789	Z2630	吹球囊成型	922277	YXN.037.011.1002	922284	YXN.037.011.1011	1.0	0	2026-05-15 19:20:53	2026-07-06 19:06:02
2058	922181	E2E-OSF-20260721024202	922795	Z3710	球囊裁剪	922277	YXN.037.011.1002	922278	YXN.041.011.1003	1.0	0	2026-05-15 19:20:53	2026-07-06 19:06:02
2059	922181	E2E-OSF-20260721024202	922796	Z2510	外管与球囊焊接	922277	YXN.037.011.1002	922276	YXN.037.011.1007	1.0	0	2026-05-15 19:20:53	2026-07-06 19:06:02
2060	922181	E2E-OSF-20260721024202	922794	Z2560	焊接圆角	922277	YXN.037.011.1002	922278	YXN.041.011.1003	1.0	0	2026-05-15 19:20:54	2026-07-06 19:06:02
2061	922181	E2E-OSF-20260721024202	922798	Z2550	焊接远端锥度	922277	YXN.037.011.1002	922276	YXN.037.011.1007	1.0	0	2026-05-15 19:20:54	2026-07-06 19:06:02
2062	922181	E2E-OSF-20260721024202	922797	Z3810	外管切缝	922277	YXN.037.011.1002	922278	YXN.041.011.1003	1.0	0	2026-05-15 19:20:53	2026-07-06 19:06:02
2063	922181	E2E-OSF-20260721024202	922841	Z5200	穿显影环	922277	YXN.037.011.1002	922284	YXN.037.011.1011	1.0	0	2026-05-15 19:20:53	2026-07-06 19:06:02
2064	922181	E2E-OSF-20260721024202	922843	Z2530	压显影环	922277	YXN.037.011.1002	922286	YXN.037.011.1009	1.0	0	2026-05-15 19:20:54	2026-07-06 19:06:02
2065	922181	E2E-OSF-20260721024202	922793	Z2570	快速交换口焊接	922277	YXN.037.011.1002	922279	YXN.041.011.1008	1.0	0	2026-05-15 19:20:54	2026-07-06 19:06:02
2066	922181	E2E-OSF-20260721024202	922788	Z2600	RX口检测	922277	YXN.037.011.1002	922286	YXN.037.011.1009	1.0	0	2026-05-15 19:20:54	2026-07-06 19:06:02
2067	922181	E2E-OSF-20260721024202	922845	Z2580	点胶海波管	922277	YXN.037.011.1002	922276	YXN.037.011.1007	1.0	0	2026-05-15 19:20:54	2026-07-06 19:06:02
2068	922181	E2E-OSF-20260721024202	922848	Z2490	球囊压握	922277	YXN.037.011.1002	922284	YXN.037.011.1011	1.0	0	2026-05-15 19:20:54	2026-07-06 19:06:02
2069	922181	E2E-OSF-20260721024202	922844	Z3850	裁剪圆角	922277	YXN.037.011.1002	922286	YXN.037.011.1009	1.0	0	2026-05-15 19:20:54	2026-07-06 19:06:02
2070	922181	E2E-OSF-20260721024202	922787	Z5600	球囊盘管（机器）	922277	YXN.037.011.1002	922278	YXN.041.011.1003	1.0	0	2026-05-15 19:20:54	2026-07-06 19:06:02
2071	922181	E2E-OSF-20260721024202	922849	Z2620	球囊测漏及全检	922277	YXN.037.011.1002	922276	YXN.037.011.1007	1.0	0	2026-05-15 19:20:54	2026-07-06 19:06:02
2072	922181	E2E-OSF-20260721024202	922838	Z2775	外管拉伸2	922277	YXN.037.011.1002	922279	YXN.041.011.1008	1.0	0	2026-05-15 19:20:53	2026-07-06 19:06:02
2073	922181	E2E-OSF-20260721024202	922839	Z2772	内管拉伸2	922277	YXN.037.011.1002	922278	YXN.041.011.1003	1.0	0	2026-05-15 19:20:53	2026-07-06 19:06:02
2074	922181	E2E-OSF-20260721024202	922840	Z3720	裁剪管材	922277	YXN.037.011.1002	922276	YXN.037.011.1007	1.0	0	2026-05-15 19:20:53	2026-07-06 19:06:02
2075	922181	E2E-OSF-20260721024202	922842	Z2520	尖端管与内管焊接	922277	YXN.037.011.1002	922286	YXN.037.011.1009	1.0	0	2026-05-15 19:20:53	2026-07-06 19:06:02
2076	922181	E2E-OSF-20260721024202	922846	Z2480	球囊涂层	922277	YXN.037.011.1002	922284	YXN.037.011.1011	1.0	0	2026-05-15 19:20:54	2026-07-06 19:06:02
2077	922181	E2E-OSF-20260721024202	922847	Z2590	球囊组件与海波管焊接	922277	YXN.037.011.1002	922279	YXN.041.011.1008	1.0	0	2026-05-15 19:20:54	2026-07-06 19:06:02
2078	922181	E2E-OSF-20260721024202	922786	Z760	包套装管	922277	YXN.037.011.1002	922278	YXN.041.011.1003	1.0	0	2026-05-15 19:20:54	2026-07-06 19:06:02
2079	922181	E2E-OSF-20260721024202	922850	Z830	纸塑袋封口（包装）	922277	YXN.037.011.1002	922276	YXN.037.011.1007	1.0	0	2026-05-15 19:20:54	2026-07-06 19:06:02
2080	922182	E2E-OSF-20260721024646	922744	B010	吹球囊成型	922285	YXN.069.001.1011	922282	YXN.069.001.1006	1.0	1	2026-05-15 19:20:57	2026-07-21 10:47:46
2081	922182	E2E-OSF-20260721024646	922746	B030	球囊裁剪	922285	YXN.069.001.1011	922287	YXN.069.001.1014	1.0	1	2026-05-15 19:20:57	2026-07-21 10:47:46
2082	922182	E2E-OSF-20260721024646	922750	B060	外管与球囊焊接	922285	YXN.069.001.1011	922280	YXN.069.001.1003	1.0	1	2026-05-15 19:20:57	2026-07-21 10:47:46
2083	922182	E2E-OSF-20260721024646	922752	B290	焊接圆角	922285	YXN.069.001.1011	922287	YXN.069.001.1014	1.0	1	2026-05-15 19:20:59	2026-07-21 10:47:46
2084	922182	E2E-OSF-20260721024646	922753	B210	焊接远端锥度	922285	YXN.069.001.1011	922280	YXN.069.001.1003	1.0	1	2026-05-15 19:20:58	2026-07-21 10:47:46
2085	922182	E2E-OSF-20260721024646	922754	B070	外管切缝	922285	YXN.069.001.1011	922287	YXN.069.001.1014	1.0	1	2026-05-15 19:20:57	2026-07-21 10:47:46
2086	922182	E2E-OSF-20260721024646	922755	B080	穿显影环	922285	YXN.069.001.1011	922282	YXN.069.001.1006	1.0	1	2026-05-15 19:20:57	2026-07-21 10:47:46
2087	922182	E2E-OSF-20260721024646	922756	B090	压显影环	922285	YXN.069.001.1011	922281	YXN.069.001.1013	1.0	1	2026-05-15 19:20:57	2026-07-21 10:47:46
2088	922182	E2E-OSF-20260721024646	922758	B220	快速交换口焊接	922285	YXN.069.001.1011	922280	YXN.069.001.1003	1.0	1	2026-05-15 19:20:58	2026-07-21 10:47:46
2089	922182	E2E-OSF-20260721024646	922759	B230	RX口检测	922285	YXN.069.001.1011	922283	YXN.069.001.1009	1.0	1	2026-05-15 19:20:58	2026-07-21 10:47:46
2090	922182	E2E-OSF-20260721024646	922760	B240	点胶海波管	922285	YXN.069.001.1011	922282	YXN.069.001.1006	1.0	1	2026-05-15 19:20:58	2026-07-21 10:47:46
2091	922182	E2E-OSF-20260721024646	922761	B250	球囊压握	922285	YXN.069.001.1011	922282	YXN.069.001.1006	1.0	1	2026-05-15 19:20:58	2026-07-21 10:47:46
2092	922182	E2E-OSF-20260721024646	922762	B280	裁剪圆角	922285	YXN.069.001.1011	922281	YXN.069.001.1013	1.0	1	2026-05-15 19:20:59	2026-07-21 10:47:46
2093	922182	E2E-OSF-20260721024646	922763	B310	球囊盘管（机器）	922285	YXN.069.001.1011	922287	YXN.069.001.1014	1.0	1	2026-05-15 19:20:59	2026-07-21 10:47:46
2094	922182	E2E-OSF-20260721024646	922764	B320	球囊测漏及全检	922285	YXN.069.001.1011	922280	YXN.069.001.1003	1.0	1	2026-05-15 19:20:59	2026-07-21 10:47:46
2095	922182	E2E-OSF-20260721024646	922765	PROC-XLSX-00001	外管拉伸2	922285	YXN.069.001.1011	922287	YXN.069.001.1014	1.0	1	2026-05-15 19:20:57	2026-07-21 10:47:46
2096	922182	E2E-OSF-20260721024646	922766	PROC-XLSX-00002	内管拉伸2	922285	YXN.069.001.1011	922280	YXN.069.001.1003	1.0	1	2026-05-15 19:20:57	2026-07-21 10:47:46
2097	922182	E2E-OSF-20260721024646	922774	PROC-XLSX-00010	棘突丝拉伸2	922285	YXN.069.001.1011	922283	YXN.069.001.1009	1.0	1	2026-05-15 19:20:57	2026-07-21 10:47:46
2098	922182	E2E-OSF-20260721024646	922775	PROC-XLSX-00011	棘突丝切割	922285	YXN.069.001.1011	922282	YXN.069.001.1006	1.0	1	2026-05-15 19:20:57	2026-07-21 10:47:46
2099	922182	E2E-OSF-20260721024646	922776	PROC-XLSX-00012	棘突远端焊接	922285	YXN.069.001.1011	922281	YXN.069.001.1013	1.0	1	2026-05-15 19:20:57	2026-07-21 10:47:46
2100	922182	E2E-OSF-20260721024646	922777	PROC-XLSX-00013	棘突远端塑型	922285	YXN.069.001.1011	922287	YXN.069.001.1014	1.0	1	2026-05-15 19:20:58	2026-07-21 10:47:46
2101	922182	E2E-OSF-20260721024646	922778	PROC-XLSX-00014	棘突近端焊接	922285	YXN.069.001.1011	922283	YXN.069.001.1009	1.0	1	2026-05-15 19:20:58	2026-07-21 10:47:46
2102	922182	E2E-OSF-20260721024646	922779	Z2975	棘突TPU 套管粘接	922285	YXN.069.001.1011	922281	YXN.069.001.1013	1.0	1	2026-05-15 19:20:58	2026-07-21 10:47:46
2103	922182	E2E-OSF-20260721024646	922780	Z2774	棘突远端锥度焊接	922285	YXN.069.001.1011	922280	YXN.069.001.1003	1.0	1	2026-05-15 19:20:58	2026-07-21 10:47:46
2104	922182	E2E-OSF-20260721024646	922781	Z2773	棘突近端粘接	922285	YXN.069.001.1011	922283	YXN.069.001.1009	1.0	1	2026-05-15 19:20:58	2026-07-21 10:47:46
2105	922182	E2E-OSF-20260721024646	922782	Z2776	棘突球囊涂层	922285	YXN.069.001.1011	922282	YXN.069.001.1006	1.0	1	2026-05-15 19:20:59	2026-07-21 10:47:46
2106	922182	E2E-OSF-20260721024646	922744	B010	吹球囊成型	922285	YXN.069.001.1011	922282	YXN.069.001.1006	1.0	0	2026-07-21 10:47:46	2026-07-21 10:47:46
2107	922182	E2E-OSF-20260721024646	922746	B030	球囊裁剪	922285	YXN.069.001.1011	922287	YXN.069.001.1014	1.0	0	2026-07-21 10:47:46	2026-07-21 10:47:46
2108	922182	E2E-OSF-20260721024646	922750	B060	外管与球囊焊接	922285	YXN.069.001.1011	922280	YXN.069.001.1003	1.0	0	2026-07-21 10:47:46	2026-07-21 10:47:46
2109	922182	E2E-OSF-20260721024646	922752	B290	焊接圆角	922285	YXN.069.001.1011	922287	YXN.069.001.1014	1.0	0	2026-07-21 10:47:46	2026-07-21 10:47:46
2110	922182	E2E-OSF-20260721024646	922753	B210	焊接远端锥度	922285	YXN.069.001.1011	922280	YXN.069.001.1003	1.0	0	2026-07-21 10:47:46	2026-07-21 10:47:46
2111	922182	E2E-OSF-20260721024646	922754	B070	外管切缝	922285	YXN.069.001.1011	922287	YXN.069.001.1014	1.0	0	2026-07-21 10:47:46	2026-07-21 10:47:46
2112	922182	E2E-OSF-20260721024646	922755	B080	穿显影环	922285	YXN.069.001.1011	922282	YXN.069.001.1006	1.0	0	2026-07-21 10:47:46	2026-07-21 10:47:46
2113	922182	E2E-OSF-20260721024646	922756	B090	压显影环	922285	YXN.069.001.1011	922281	YXN.069.001.1013	1.0	0	2026-07-21 10:47:46	2026-07-21 10:47:46
2114	922182	E2E-OSF-20260721024646	922758	B220	快速交换口焊接	922285	YXN.069.001.1011	922280	YXN.069.001.1003	1.0	0	2026-07-21 10:47:46	2026-07-21 10:47:46
2115	922182	E2E-OSF-20260721024646	922759	B230	RX口检测	922285	YXN.069.001.1011	922283	YXN.069.001.1009	1.0	0	2026-07-21 10:47:46	2026-07-21 10:47:46
2116	922182	E2E-OSF-20260721024646	922760	B240	点胶海波管	922285	YXN.069.001.1011	922282	YXN.069.001.1006	1.0	0	2026-07-21 10:47:46	2026-07-21 10:47:46
2117	922182	E2E-OSF-20260721024646	922761	B250	球囊压握	922285	YXN.069.001.1011	922282	YXN.069.001.1006	1.0	0	2026-07-21 10:47:46	2026-07-21 10:47:46
2118	922182	E2E-OSF-20260721024646	922762	B280	裁剪圆角	922285	YXN.069.001.1011	922281	YXN.069.001.1013	1.0	0	2026-07-21 10:47:46	2026-07-21 10:47:46
2119	922182	E2E-OSF-20260721024646	922763	B310	球囊盘管（机器）	922285	YXN.069.001.1011	922287	YXN.069.001.1014	1.0	0	2026-07-21 10:47:46	2026-07-21 10:47:46
2120	922182	E2E-OSF-20260721024646	922764	B320	球囊测漏及全检	922285	YXN.069.001.1011	922280	YXN.069.001.1003	1.0	0	2026-07-21 10:47:46	2026-07-21 10:47:46
2121	922182	E2E-OSF-20260721024646	922765	PROC-XLSX-00001	外管拉伸2	922285	YXN.069.001.1011	922287	YXN.069.001.1014	1.0	0	2026-07-21 10:47:46	2026-07-21 10:47:46
2122	922182	E2E-OSF-20260721024646	922766	PROC-XLSX-00002	内管拉伸2	922285	YXN.069.001.1011	922280	YXN.069.001.1003	1.0	0	2026-07-21 10:47:46	2026-07-21 10:47:46
2123	922182	E2E-OSF-20260721024646	922774	PROC-XLSX-00010	棘突丝拉伸2	922285	YXN.069.001.1011	922283	YXN.069.001.1009	1.0	0	2026-07-21 10:47:46	2026-07-21 10:47:46
2124	922182	E2E-OSF-20260721024646	922775	PROC-XLSX-00011	棘突丝切割	922285	YXN.069.001.1011	922282	YXN.069.001.1006	1.0	0	2026-07-21 10:47:46	2026-07-21 10:47:46
2125	922182	E2E-OSF-20260721024646	922776	PROC-XLSX-00012	棘突远端焊接	922285	YXN.069.001.1011	922281	YXN.069.001.1013	1.0	0	2026-07-21 10:47:46	2026-07-21 10:47:46
2126	922182	E2E-OSF-20260721024646	922777	PROC-XLSX-00013	棘突远端塑型	922285	YXN.069.001.1011	922287	YXN.069.001.1014	1.0	0	2026-07-21 10:47:46	2026-07-21 10:47:46
2127	922182	E2E-OSF-20260721024646	922778	PROC-XLSX-00014	棘突近端焊接	922285	YXN.069.001.1011	922283	YXN.069.001.1009	1.0	0	2026-07-21 10:47:46	2026-07-21 10:47:46
2128	922182	E2E-OSF-20260721024646	922779	Z2975	棘突TPU 套管粘接	922285	YXN.069.001.1011	922281	YXN.069.001.1013	1.0	0	2026-07-21 10:47:46	2026-07-21 10:47:46
2129	922182	E2E-OSF-20260721024646	922780	Z2774	棘突远端锥度焊接	922285	YXN.069.001.1011	922280	YXN.069.001.1003	1.0	0	2026-07-21 10:47:46	2026-07-21 10:47:46
2130	922182	E2E-OSF-20260721024646	922781	Z2773	棘突近端粘接	922285	YXN.069.001.1011	922283	YXN.069.001.1009	1.0	0	2026-07-21 10:47:46	2026-07-21 10:47:46
2131	922182	E2E-OSF-20260721024646	922782	Z2776	棘突球囊涂层	922285	YXN.069.001.1011	922282	YXN.069.001.1006	1.0	0	2026-07-21 10:47:46	2026-07-21 10:47:46
2132	922183	E2E-OSF-20260721025118	922744	B010	吹球囊成型	922285	YXN.069.001.1011	922282	YXN.069.001.1006	1.0	1	2026-07-20 22:54:30	2026-07-21 10:52:14
2133	922183	E2E-OSF-20260721025118	922746	B030	球囊裁剪	922285	YXN.069.001.1011	922287	YXN.069.001.1014	1.0	1	2026-07-20 22:54:30	2026-07-21 10:52:14
2134	922183	E2E-OSF-20260721025118	922750	B060	外管与球囊焊接	922285	YXN.069.001.1011	922280	YXN.069.001.1003	1.0	1	2026-07-20 22:54:30	2026-07-21 10:52:14
2135	922183	E2E-OSF-20260721025118	922752	B290	焊接圆角	922285	YXN.069.001.1011	922287	YXN.069.001.1014	1.0	1	2026-07-20 22:54:30	2026-07-21 10:52:14
2136	922183	E2E-OSF-20260721025118	922753	B210	焊接远端锥度	922285	YXN.069.001.1011	922280	YXN.069.001.1003	1.0	1	2026-07-20 22:54:30	2026-07-21 10:52:14
2137	922183	E2E-OSF-20260721025118	922754	B070	外管切缝	922285	YXN.069.001.1011	922287	YXN.069.001.1014	1.0	1	2026-07-20 22:54:30	2026-07-21 10:52:14
2138	922183	E2E-OSF-20260721025118	922755	B080	穿显影环	922285	YXN.069.001.1011	922282	YXN.069.001.1006	1.0	1	2026-07-20 22:54:30	2026-07-21 10:52:14
2139	922183	E2E-OSF-20260721025118	922756	B090	压显影环	922285	YXN.069.001.1011	922281	YXN.069.001.1013	1.0	1	2026-07-20 22:54:30	2026-07-21 10:52:14
2140	922183	E2E-OSF-20260721025118	922758	B220	快速交换口焊接	922285	YXN.069.001.1011	922280	YXN.069.001.1003	1.0	1	2026-07-20 22:54:30	2026-07-21 10:52:14
2141	922183	E2E-OSF-20260721025118	922759	B230	RX口检测	922285	YXN.069.001.1011	922283	YXN.069.001.1009	1.0	1	2026-07-20 22:54:30	2026-07-21 10:52:14
2142	922183	E2E-OSF-20260721025118	922760	B240	点胶海波管	922285	YXN.069.001.1011	922282	YXN.069.001.1006	1.0	1	2026-07-20 22:54:30	2026-07-21 10:52:14
2143	922183	E2E-OSF-20260721025118	922761	B250	球囊压握	922285	YXN.069.001.1011	922282	YXN.069.001.1006	1.0	1	2026-07-20 22:54:30	2026-07-21 10:52:14
2144	922183	E2E-OSF-20260721025118	922762	B280	裁剪圆角	922285	YXN.069.001.1011	922281	YXN.069.001.1013	1.0	1	2026-07-20 22:54:30	2026-07-21 10:52:14
2145	922183	E2E-OSF-20260721025118	922763	B310	球囊盘管（机器）	922285	YXN.069.001.1011	922287	YXN.069.001.1014	1.0	1	2026-07-20 22:54:30	2026-07-21 10:52:14
2146	922183	E2E-OSF-20260721025118	922764	B320	球囊测漏及全检	922285	YXN.069.001.1011	922280	YXN.069.001.1003	1.0	1	2026-07-20 22:54:30	2026-07-21 10:52:14
2147	922183	E2E-OSF-20260721025118	922765	PROC-XLSX-00001	外管拉伸2	922285	YXN.069.001.1011	922287	YXN.069.001.1014	1.0	1	2026-07-20 22:54:30	2026-07-21 10:52:14
2148	922183	E2E-OSF-20260721025118	922766	PROC-XLSX-00002	内管拉伸2	922285	YXN.069.001.1011	922280	YXN.069.001.1003	1.0	1	2026-07-20 22:54:30	2026-07-21 10:52:14
2149	922183	E2E-OSF-20260721025118	922774	PROC-XLSX-00010	棘突丝拉伸2	922285	YXN.069.001.1011	922283	YXN.069.001.1009	1.0	1	2026-07-20 22:54:30	2026-07-21 10:52:14
2150	922183	E2E-OSF-20260721025118	922775	PROC-XLSX-00011	棘突丝切割	922285	YXN.069.001.1011	922282	YXN.069.001.1006	1.0	1	2026-07-20 22:54:30	2026-07-21 10:52:14
2151	922183	E2E-OSF-20260721025118	922776	PROC-XLSX-00012	棘突远端焊接	922285	YXN.069.001.1011	922281	YXN.069.001.1013	1.0	1	2026-07-20 22:54:30	2026-07-21 10:52:14
2152	922183	E2E-OSF-20260721025118	922777	PROC-XLSX-00013	棘突远端塑型	922285	YXN.069.001.1011	922287	YXN.069.001.1014	1.0	1	2026-07-20 22:54:30	2026-07-21 10:52:14
2153	922183	E2E-OSF-20260721025118	922778	PROC-XLSX-00014	棘突近端焊接	922285	YXN.069.001.1011	922283	YXN.069.001.1009	1.0	1	2026-07-20 22:54:30	2026-07-21 10:52:14
2154	922183	E2E-OSF-20260721025118	922779	Z2975	棘突TPU 套管粘接	922285	YXN.069.001.1011	922281	YXN.069.001.1013	1.0	1	2026-07-20 22:54:30	2026-07-21 10:52:14
2155	922183	E2E-OSF-20260721025118	922780	Z2774	棘突远端锥度焊接	922285	YXN.069.001.1011	922280	YXN.069.001.1003	1.0	1	2026-07-20 22:54:30	2026-07-21 10:52:14
2156	922183	E2E-OSF-20260721025118	922781	Z2773	棘突近端粘接	922285	YXN.069.001.1011	922283	YXN.069.001.1009	1.0	1	2026-07-20 22:54:30	2026-07-21 10:52:14
2157	922183	E2E-OSF-20260721025118	922782	Z2776	棘突球囊涂层	922285	YXN.069.001.1011	922282	YXN.069.001.1006	1.0	1	2026-07-20 22:54:30	2026-07-21 10:52:14
2158	922183	E2E-OSF-20260721025118	922744	B010	吹球囊成型	922285	YXN.069.001.1011	922282	YXN.069.001.1006	1.0	1	2026-07-21 10:52:15	2026-07-23 01:47:00
2159	922183	E2E-OSF-20260721025118	922746	B030	球囊裁剪	922285	YXN.069.001.1011	922287	YXN.069.001.1014	1.0	1	2026-07-21 10:52:15	2026-07-23 01:47:00
2160	922183	E2E-OSF-20260721025118	922750	B060	外管与球囊焊接	922285	YXN.069.001.1011	922280	YXN.069.001.1003	1.0	1	2026-07-21 10:52:15	2026-07-23 01:47:00
2161	922183	E2E-OSF-20260721025118	922752	B290	焊接圆角	922285	YXN.069.001.1011	922287	YXN.069.001.1014	1.0	1	2026-07-21 10:52:15	2026-07-23 01:47:00
2162	922183	E2E-OSF-20260721025118	922753	B210	焊接远端锥度	922285	YXN.069.001.1011	922280	YXN.069.001.1003	1.0	1	2026-07-21 10:52:15	2026-07-23 01:47:00
2163	922183	E2E-OSF-20260721025118	922754	B070	外管切缝	922285	YXN.069.001.1011	922287	YXN.069.001.1014	1.0	1	2026-07-21 10:52:15	2026-07-23 01:47:00
2164	922183	E2E-OSF-20260721025118	922755	B080	穿显影环	922285	YXN.069.001.1011	922282	YXN.069.001.1006	1.0	1	2026-07-21 10:52:15	2026-07-23 01:47:00
2165	922183	E2E-OSF-20260721025118	922756	B090	压显影环	922285	YXN.069.001.1011	922281	YXN.069.001.1013	1.0	1	2026-07-21 10:52:15	2026-07-23 01:47:00
2166	922183	E2E-OSF-20260721025118	922758	B220	快速交换口焊接	922285	YXN.069.001.1011	922280	YXN.069.001.1003	1.0	1	2026-07-21 10:52:15	2026-07-23 01:47:00
2167	922183	E2E-OSF-20260721025118	922759	B230	RX口检测	922285	YXN.069.001.1011	922283	YXN.069.001.1009	1.0	1	2026-07-21 10:52:15	2026-07-23 01:47:00
2168	922183	E2E-OSF-20260721025118	922760	B240	点胶海波管	922285	YXN.069.001.1011	922282	YXN.069.001.1006	1.0	1	2026-07-21 10:52:15	2026-07-23 01:47:00
2169	922183	E2E-OSF-20260721025118	922761	B250	球囊压握	922285	YXN.069.001.1011	922282	YXN.069.001.1006	1.0	1	2026-07-21 10:52:15	2026-07-23 01:47:00
2170	922183	E2E-OSF-20260721025118	922762	B280	裁剪圆角	922285	YXN.069.001.1011	922281	YXN.069.001.1013	1.0	1	2026-07-21 10:52:15	2026-07-23 01:47:00
2171	922183	E2E-OSF-20260721025118	922763	B310	球囊盘管（机器）	922285	YXN.069.001.1011	922287	YXN.069.001.1014	1.0	1	2026-07-21 10:52:15	2026-07-23 01:47:00
2172	922183	E2E-OSF-20260721025118	922764	B320	球囊测漏及全检	922285	YXN.069.001.1011	922280	YXN.069.001.1003	1.0	1	2026-07-21 10:52:15	2026-07-23 01:47:00
2173	922183	E2E-OSF-20260721025118	922765	PROC-XLSX-00001	外管拉伸2	922285	YXN.069.001.1011	922287	YXN.069.001.1014	1.0	1	2026-07-21 10:52:15	2026-07-23 01:47:00
2174	922183	E2E-OSF-20260721025118	922766	PROC-XLSX-00002	内管拉伸2	922285	YXN.069.001.1011	922280	YXN.069.001.1003	1.0	1	2026-07-21 10:52:15	2026-07-23 01:47:00
2175	922183	E2E-OSF-20260721025118	922774	PROC-XLSX-00010	棘突丝拉伸2	922285	YXN.069.001.1011	922283	YXN.069.001.1009	1.0	1	2026-07-21 10:52:15	2026-07-23 01:47:00
2176	922183	E2E-OSF-20260721025118	922775	PROC-XLSX-00011	棘突丝切割	922285	YXN.069.001.1011	922282	YXN.069.001.1006	1.0	1	2026-07-21 10:52:15	2026-07-23 01:47:00
2177	922183	E2E-OSF-20260721025118	922776	PROC-XLSX-00012	棘突远端焊接	922285	YXN.069.001.1011	922281	YXN.069.001.1013	1.0	1	2026-07-21 10:52:15	2026-07-23 01:47:00
2178	922183	E2E-OSF-20260721025118	922777	PROC-XLSX-00013	棘突远端塑型	922285	YXN.069.001.1011	922287	YXN.069.001.1014	1.0	1	2026-07-21 10:52:15	2026-07-23 01:47:00
2179	922183	E2E-OSF-20260721025118	922778	PROC-XLSX-00014	棘突近端焊接	922285	YXN.069.001.1011	922283	YXN.069.001.1009	1.0	1	2026-07-21 10:52:15	2026-07-23 01:47:00
2180	922183	E2E-OSF-20260721025118	922779	Z2975	棘突TPU 套管粘接	922285	YXN.069.001.1011	922281	YXN.069.001.1013	1.0	1	2026-07-21 10:52:15	2026-07-23 01:47:00
2181	922183	E2E-OSF-20260721025118	922780	Z2774	棘突远端锥度焊接	922285	YXN.069.001.1011	922280	YXN.069.001.1003	1.0	1	2026-07-21 10:52:15	2026-07-23 01:47:00
2182	922183	E2E-OSF-20260721025118	922781	Z2773	棘突近端粘接	922285	YXN.069.001.1011	922283	YXN.069.001.1009	1.0	1	2026-07-21 10:52:15	2026-07-23 01:47:00
2183	922183	E2E-OSF-20260721025118	922782	Z2776	棘突球囊涂层	922285	YXN.069.001.1011	922282	YXN.069.001.1006	1.0	1	2026-07-21 10:52:15	2026-07-23 01:47:00
2184	922184	E2E-OSF-20260721035849	922744	B010	吹球囊成型	922285	YXN.069.001.1011	922282	YXN.069.001.1006	1.0	0	2026-07-20 22:54:30	2026-07-20 22:54:30
2185	922184	E2E-OSF-20260721035849	922746	B030	球囊裁剪	922285	YXN.069.001.1011	922287	YXN.069.001.1014	1.0	0	2026-07-20 22:54:30	2026-07-20 22:54:30
2186	922184	E2E-OSF-20260721035849	922750	B060	外管与球囊焊接	922285	YXN.069.001.1011	922280	YXN.069.001.1003	1.0	0	2026-07-20 22:54:30	2026-07-20 22:54:30
2187	922184	E2E-OSF-20260721035849	922752	B290	焊接圆角	922285	YXN.069.001.1011	922287	YXN.069.001.1014	1.0	0	2026-07-20 22:54:30	2026-07-20 22:54:30
2188	922184	E2E-OSF-20260721035849	922753	B210	焊接远端锥度	922285	YXN.069.001.1011	922280	YXN.069.001.1003	1.0	0	2026-07-20 22:54:30	2026-07-20 22:54:30
2189	922184	E2E-OSF-20260721035849	922754	B070	外管切缝	922285	YXN.069.001.1011	922287	YXN.069.001.1014	1.0	0	2026-07-20 22:54:30	2026-07-20 22:54:30
2190	922184	E2E-OSF-20260721035849	922755	B080	穿显影环	922285	YXN.069.001.1011	922282	YXN.069.001.1006	1.0	0	2026-07-20 22:54:30	2026-07-20 22:54:30
2191	922184	E2E-OSF-20260721035849	922756	B090	压显影环	922285	YXN.069.001.1011	922281	YXN.069.001.1013	1.0	0	2026-07-20 22:54:30	2026-07-20 22:54:30
2192	922184	E2E-OSF-20260721035849	922758	B220	快速交换口焊接	922285	YXN.069.001.1011	922280	YXN.069.001.1003	1.0	0	2026-07-20 22:54:30	2026-07-20 22:54:30
2193	922184	E2E-OSF-20260721035849	922759	B230	RX口检测	922285	YXN.069.001.1011	922283	YXN.069.001.1009	1.0	0	2026-07-20 22:54:30	2026-07-20 22:54:30
2194	922184	E2E-OSF-20260721035849	922760	B240	点胶海波管	922285	YXN.069.001.1011	922282	YXN.069.001.1006	1.0	0	2026-07-20 22:54:30	2026-07-20 22:54:30
2195	922184	E2E-OSF-20260721035849	922761	B250	球囊压握	922285	YXN.069.001.1011	922282	YXN.069.001.1006	1.0	0	2026-07-20 22:54:30	2026-07-20 22:54:30
2196	922184	E2E-OSF-20260721035849	922762	B280	裁剪圆角	922285	YXN.069.001.1011	922281	YXN.069.001.1013	1.0	0	2026-07-20 22:54:30	2026-07-20 22:54:30
2197	922184	E2E-OSF-20260721035849	922763	B310	球囊盘管（机器）	922285	YXN.069.001.1011	922287	YXN.069.001.1014	1.0	0	2026-07-20 22:54:30	2026-07-20 22:54:30
2198	922184	E2E-OSF-20260721035849	922764	B320	球囊测漏及全检	922285	YXN.069.001.1011	922280	YXN.069.001.1003	1.0	0	2026-07-20 22:54:30	2026-07-20 22:54:30
2199	922184	E2E-OSF-20260721035849	922765	PROC-XLSX-00001	外管拉伸2	922285	YXN.069.001.1011	922287	YXN.069.001.1014	1.0	0	2026-07-20 22:54:30	2026-07-20 22:54:30
2200	922184	E2E-OSF-20260721035849	922766	PROC-XLSX-00002	内管拉伸2	922285	YXN.069.001.1011	922280	YXN.069.001.1003	1.0	0	2026-07-20 22:54:30	2026-07-20 22:54:30
2201	922184	E2E-OSF-20260721035849	922774	PROC-XLSX-00010	棘突丝拉伸2	922285	YXN.069.001.1011	922283	YXN.069.001.1009	1.0	0	2026-07-20 22:54:30	2026-07-20 22:54:30
2202	922184	E2E-OSF-20260721035849	922775	PROC-XLSX-00011	棘突丝切割	922285	YXN.069.001.1011	922282	YXN.069.001.1006	1.0	0	2026-07-20 22:54:30	2026-07-20 22:54:30
2203	922184	E2E-OSF-20260721035849	922776	PROC-XLSX-00012	棘突远端焊接	922285	YXN.069.001.1011	922281	YXN.069.001.1013	1.0	0	2026-07-20 22:54:30	2026-07-20 22:54:30
2204	922184	E2E-OSF-20260721035849	922777	PROC-XLSX-00013	棘突远端塑型	922285	YXN.069.001.1011	922287	YXN.069.001.1014	1.0	0	2026-07-20 22:54:30	2026-07-20 22:54:30
2205	922184	E2E-OSF-20260721035849	922778	PROC-XLSX-00014	棘突近端焊接	922285	YXN.069.001.1011	922283	YXN.069.001.1009	1.0	0	2026-07-20 22:54:30	2026-07-20 22:54:30
2206	922184	E2E-OSF-20260721035849	922779	Z2975	棘突TPU 套管粘接	922285	YXN.069.001.1011	922281	YXN.069.001.1013	1.0	0	2026-07-20 22:54:30	2026-07-20 22:54:30
2207	922184	E2E-OSF-20260721035849	922780	Z2774	棘突远端锥度焊接	922285	YXN.069.001.1011	922280	YXN.069.001.1003	1.0	0	2026-07-20 22:54:30	2026-07-20 22:54:30
2208	922184	E2E-OSF-20260721035849	922781	Z2773	棘突近端粘接	922285	YXN.069.001.1011	922283	YXN.069.001.1009	1.0	0	2026-07-20 22:54:30	2026-07-20 22:54:30
2209	922184	E2E-OSF-20260721035849	922782	Z2776	棘突球囊涂层	922285	YXN.069.001.1011	922282	YXN.069.001.1006	1.0	0	2026-07-20 22:54:30	2026-07-20 22:54:30
2210	922185	E2E-OSF-20260721040332	922744	B010	吹球囊成型	922285	YXN.069.001.1011	922282	YXN.069.001.1006	1.0	1	2026-07-20 22:54:30	2026-07-21 12:04:25
2211	922185	E2E-OSF-20260721040332	922746	B030	球囊裁剪	922285	YXN.069.001.1011	922287	YXN.069.001.1014	1.0	1	2026-07-20 22:54:30	2026-07-21 12:04:25
2212	922185	E2E-OSF-20260721040332	922750	B060	外管与球囊焊接	922285	YXN.069.001.1011	922280	YXN.069.001.1003	1.0	1	2026-07-20 22:54:30	2026-07-21 12:04:25
2213	922185	E2E-OSF-20260721040332	922752	B290	焊接圆角	922285	YXN.069.001.1011	922287	YXN.069.001.1014	1.0	1	2026-07-20 22:54:30	2026-07-21 12:04:25
2214	922185	E2E-OSF-20260721040332	922753	B210	焊接远端锥度	922285	YXN.069.001.1011	922280	YXN.069.001.1003	1.0	1	2026-07-20 22:54:30	2026-07-21 12:04:25
2215	922185	E2E-OSF-20260721040332	922754	B070	外管切缝	922285	YXN.069.001.1011	922287	YXN.069.001.1014	1.0	1	2026-07-20 22:54:30	2026-07-21 12:04:25
2216	922185	E2E-OSF-20260721040332	922755	B080	穿显影环	922285	YXN.069.001.1011	922282	YXN.069.001.1006	1.0	1	2026-07-20 22:54:30	2026-07-21 12:04:25
2217	922185	E2E-OSF-20260721040332	922756	B090	压显影环	922285	YXN.069.001.1011	922281	YXN.069.001.1013	1.0	1	2026-07-20 22:54:30	2026-07-21 12:04:25
2218	922185	E2E-OSF-20260721040332	922758	B220	快速交换口焊接	922285	YXN.069.001.1011	922280	YXN.069.001.1003	1.0	1	2026-07-20 22:54:30	2026-07-21 12:04:25
2219	922185	E2E-OSF-20260721040332	922759	B230	RX口检测	922285	YXN.069.001.1011	922283	YXN.069.001.1009	1.0	1	2026-07-20 22:54:30	2026-07-21 12:04:25
2220	922185	E2E-OSF-20260721040332	922760	B240	点胶海波管	922285	YXN.069.001.1011	922282	YXN.069.001.1006	1.0	1	2026-07-20 22:54:30	2026-07-21 12:04:25
2221	922185	E2E-OSF-20260721040332	922761	B250	球囊压握	922285	YXN.069.001.1011	922282	YXN.069.001.1006	1.0	1	2026-07-20 22:54:30	2026-07-21 12:04:25
2222	922185	E2E-OSF-20260721040332	922762	B280	裁剪圆角	922285	YXN.069.001.1011	922281	YXN.069.001.1013	1.0	1	2026-07-20 22:54:30	2026-07-21 12:04:25
2223	922185	E2E-OSF-20260721040332	922763	B310	球囊盘管（机器）	922285	YXN.069.001.1011	922287	YXN.069.001.1014	1.0	1	2026-07-20 22:54:30	2026-07-21 12:04:25
2224	922185	E2E-OSF-20260721040332	922764	B320	球囊测漏及全检	922285	YXN.069.001.1011	922280	YXN.069.001.1003	1.0	1	2026-07-20 22:54:30	2026-07-21 12:04:25
2225	922185	E2E-OSF-20260721040332	922765	PROC-XLSX-00001	外管拉伸2	922285	YXN.069.001.1011	922287	YXN.069.001.1014	1.0	1	2026-07-20 22:54:30	2026-07-21 12:04:25
2226	922185	E2E-OSF-20260721040332	922766	PROC-XLSX-00002	内管拉伸2	922285	YXN.069.001.1011	922280	YXN.069.001.1003	1.0	1	2026-07-20 22:54:30	2026-07-21 12:04:25
2227	922185	E2E-OSF-20260721040332	922774	PROC-XLSX-00010	棘突丝拉伸2	922285	YXN.069.001.1011	922283	YXN.069.001.1009	1.0	1	2026-07-20 22:54:30	2026-07-21 12:04:25
2228	922185	E2E-OSF-20260721040332	922775	PROC-XLSX-00011	棘突丝切割	922285	YXN.069.001.1011	922282	YXN.069.001.1006	1.0	1	2026-07-20 22:54:30	2026-07-21 12:04:25
2229	922185	E2E-OSF-20260721040332	922776	PROC-XLSX-00012	棘突远端焊接	922285	YXN.069.001.1011	922281	YXN.069.001.1013	1.0	1	2026-07-20 22:54:30	2026-07-21 12:04:25
2230	922185	E2E-OSF-20260721040332	922777	PROC-XLSX-00013	棘突远端塑型	922285	YXN.069.001.1011	922287	YXN.069.001.1014	1.0	1	2026-07-20 22:54:30	2026-07-21 12:04:25
2231	922185	E2E-OSF-20260721040332	922778	PROC-XLSX-00014	棘突近端焊接	922285	YXN.069.001.1011	922283	YXN.069.001.1009	1.0	1	2026-07-20 22:54:30	2026-07-21 12:04:25
2232	922185	E2E-OSF-20260721040332	922779	Z2975	棘突TPU 套管粘接	922285	YXN.069.001.1011	922281	YXN.069.001.1013	1.0	1	2026-07-20 22:54:30	2026-07-21 12:04:25
2233	922185	E2E-OSF-20260721040332	922780	Z2774	棘突远端锥度焊接	922285	YXN.069.001.1011	922280	YXN.069.001.1003	1.0	1	2026-07-20 22:54:30	2026-07-21 12:04:25
2234	922185	E2E-OSF-20260721040332	922781	Z2773	棘突近端粘接	922285	YXN.069.001.1011	922283	YXN.069.001.1009	1.0	1	2026-07-20 22:54:30	2026-07-21 12:04:25
2235	922185	E2E-OSF-20260721040332	922782	Z2776	棘突球囊涂层	922285	YXN.069.001.1011	922282	YXN.069.001.1006	1.0	1	2026-07-20 22:54:30	2026-07-21 12:04:25
2236	922185	E2E-OSF-20260721040332	922744	B010	吹球囊成型	922285	YXN.069.001.1011	922282	YXN.069.001.1006	1.0	0	2026-07-21 12:04:26	2026-07-21 12:04:26
2237	922185	E2E-OSF-20260721040332	922746	B030	球囊裁剪	922285	YXN.069.001.1011	922287	YXN.069.001.1014	1.0	0	2026-07-21 12:04:26	2026-07-21 12:04:26
2238	922185	E2E-OSF-20260721040332	922750	B060	外管与球囊焊接	922285	YXN.069.001.1011	922280	YXN.069.001.1003	1.0	0	2026-07-21 12:04:26	2026-07-21 12:04:26
2239	922185	E2E-OSF-20260721040332	922752	B290	焊接圆角	922285	YXN.069.001.1011	922287	YXN.069.001.1014	1.0	0	2026-07-21 12:04:26	2026-07-21 12:04:26
2240	922185	E2E-OSF-20260721040332	922753	B210	焊接远端锥度	922285	YXN.069.001.1011	922280	YXN.069.001.1003	1.0	0	2026-07-21 12:04:26	2026-07-21 12:04:26
2241	922185	E2E-OSF-20260721040332	922754	B070	外管切缝	922285	YXN.069.001.1011	922287	YXN.069.001.1014	1.0	0	2026-07-21 12:04:26	2026-07-21 12:04:26
2242	922185	E2E-OSF-20260721040332	922755	B080	穿显影环	922285	YXN.069.001.1011	922282	YXN.069.001.1006	1.0	0	2026-07-21 12:04:26	2026-07-21 12:04:26
2243	922185	E2E-OSF-20260721040332	922756	B090	压显影环	922285	YXN.069.001.1011	922281	YXN.069.001.1013	1.0	0	2026-07-21 12:04:26	2026-07-21 12:04:26
2244	922185	E2E-OSF-20260721040332	922758	B220	快速交换口焊接	922285	YXN.069.001.1011	922280	YXN.069.001.1003	1.0	0	2026-07-21 12:04:26	2026-07-21 12:04:26
2245	922185	E2E-OSF-20260721040332	922759	B230	RX口检测	922285	YXN.069.001.1011	922283	YXN.069.001.1009	1.0	0	2026-07-21 12:04:26	2026-07-21 12:04:26
2246	922185	E2E-OSF-20260721040332	922760	B240	点胶海波管	922285	YXN.069.001.1011	922282	YXN.069.001.1006	1.0	0	2026-07-21 12:04:26	2026-07-21 12:04:26
2247	922185	E2E-OSF-20260721040332	922761	B250	球囊压握	922285	YXN.069.001.1011	922282	YXN.069.001.1006	1.0	0	2026-07-21 12:04:26	2026-07-21 12:04:26
2248	922185	E2E-OSF-20260721040332	922762	B280	裁剪圆角	922285	YXN.069.001.1011	922281	YXN.069.001.1013	1.0	0	2026-07-21 12:04:26	2026-07-21 12:04:26
2249	922185	E2E-OSF-20260721040332	922763	B310	球囊盘管（机器）	922285	YXN.069.001.1011	922287	YXN.069.001.1014	1.0	0	2026-07-21 12:04:26	2026-07-21 12:04:26
2250	922185	E2E-OSF-20260721040332	922764	B320	球囊测漏及全检	922285	YXN.069.001.1011	922280	YXN.069.001.1003	1.0	0	2026-07-21 12:04:26	2026-07-21 12:04:26
2251	922185	E2E-OSF-20260721040332	922765	PROC-XLSX-00001	外管拉伸2	922285	YXN.069.001.1011	922287	YXN.069.001.1014	1.0	0	2026-07-21 12:04:26	2026-07-21 12:04:26
2252	922185	E2E-OSF-20260721040332	922766	PROC-XLSX-00002	内管拉伸2	922285	YXN.069.001.1011	922280	YXN.069.001.1003	1.0	0	2026-07-21 12:04:27	2026-07-21 12:04:27
2253	922185	E2E-OSF-20260721040332	922774	PROC-XLSX-00010	棘突丝拉伸2	922285	YXN.069.001.1011	922283	YXN.069.001.1009	1.0	0	2026-07-21 12:04:27	2026-07-21 12:04:27
2254	922185	E2E-OSF-20260721040332	922775	PROC-XLSX-00011	棘突丝切割	922285	YXN.069.001.1011	922282	YXN.069.001.1006	1.0	0	2026-07-21 12:04:27	2026-07-21 12:04:27
2255	922185	E2E-OSF-20260721040332	922776	PROC-XLSX-00012	棘突远端焊接	922285	YXN.069.001.1011	922281	YXN.069.001.1013	1.0	0	2026-07-21 12:04:27	2026-07-21 12:04:27
2256	922185	E2E-OSF-20260721040332	922777	PROC-XLSX-00013	棘突远端塑型	922285	YXN.069.001.1011	922287	YXN.069.001.1014	1.0	0	2026-07-21 12:04:27	2026-07-21 12:04:27
2257	922185	E2E-OSF-20260721040332	922778	PROC-XLSX-00014	棘突近端焊接	922285	YXN.069.001.1011	922283	YXN.069.001.1009	1.0	0	2026-07-21 12:04:27	2026-07-21 12:04:27
2258	922185	E2E-OSF-20260721040332	922779	Z2975	棘突TPU 套管粘接	922285	YXN.069.001.1011	922281	YXN.069.001.1013	1.0	0	2026-07-21 12:04:27	2026-07-21 12:04:27
2259	922185	E2E-OSF-20260721040332	922780	Z2774	棘突远端锥度焊接	922285	YXN.069.001.1011	922280	YXN.069.001.1003	1.0	0	2026-07-21 12:04:27	2026-07-21 12:04:27
2260	922185	E2E-OSF-20260721040332	922781	Z2773	棘突近端粘接	922285	YXN.069.001.1011	922283	YXN.069.001.1009	1.0	0	2026-07-21 12:04:27	2026-07-21 12:04:27
2261	922185	E2E-OSF-20260721040332	922782	Z2776	棘突球囊涂层	922285	YXN.069.001.1011	922282	YXN.069.001.1006	1.0	0	2026-07-21 12:04:27	2026-07-21 12:04:27
2262	922186	E2E-OSF-20260721042549	922744	B010	吹球囊成型	922285	YXN.069.001.1011	922282	YXN.069.001.1006	1.0	1	2026-07-20 22:54:30	2026-07-21 12:27:13
2263	922186	E2E-OSF-20260721042549	922746	B030	球囊裁剪	922285	YXN.069.001.1011	922287	YXN.069.001.1014	1.0	1	2026-07-20 22:54:30	2026-07-21 12:27:13
2264	922186	E2E-OSF-20260721042549	922750	B060	外管与球囊焊接	922285	YXN.069.001.1011	922280	YXN.069.001.1003	1.0	1	2026-07-20 22:54:30	2026-07-21 12:27:13
2265	922186	E2E-OSF-20260721042549	922752	B290	焊接圆角	922285	YXN.069.001.1011	922287	YXN.069.001.1014	1.0	1	2026-07-20 22:54:30	2026-07-21 12:27:13
2266	922186	E2E-OSF-20260721042549	922753	B210	焊接远端锥度	922285	YXN.069.001.1011	922280	YXN.069.001.1003	1.0	1	2026-07-20 22:54:30	2026-07-21 12:27:13
2267	922186	E2E-OSF-20260721042549	922754	B070	外管切缝	922285	YXN.069.001.1011	922287	YXN.069.001.1014	1.0	1	2026-07-20 22:54:30	2026-07-21 12:27:13
2268	922186	E2E-OSF-20260721042549	922755	B080	穿显影环	922285	YXN.069.001.1011	922282	YXN.069.001.1006	1.0	1	2026-07-20 22:54:30	2026-07-21 12:27:13
2269	922186	E2E-OSF-20260721042549	922756	B090	压显影环	922285	YXN.069.001.1011	922281	YXN.069.001.1013	1.0	1	2026-07-20 22:54:30	2026-07-21 12:27:13
2270	922186	E2E-OSF-20260721042549	922758	B220	快速交换口焊接	922285	YXN.069.001.1011	922280	YXN.069.001.1003	1.0	1	2026-07-20 22:54:30	2026-07-21 12:27:13
2271	922186	E2E-OSF-20260721042549	922759	B230	RX口检测	922285	YXN.069.001.1011	922283	YXN.069.001.1009	1.0	1	2026-07-20 22:54:30	2026-07-21 12:27:13
2272	922186	E2E-OSF-20260721042549	922760	B240	点胶海波管	922285	YXN.069.001.1011	922282	YXN.069.001.1006	1.0	1	2026-07-20 22:54:30	2026-07-21 12:27:13
2273	922186	E2E-OSF-20260721042549	922761	B250	球囊压握	922285	YXN.069.001.1011	922282	YXN.069.001.1006	1.0	1	2026-07-20 22:54:30	2026-07-21 12:27:13
2274	922186	E2E-OSF-20260721042549	922762	B280	裁剪圆角	922285	YXN.069.001.1011	922281	YXN.069.001.1013	1.0	1	2026-07-20 22:54:30	2026-07-21 12:27:13
2275	922186	E2E-OSF-20260721042549	922763	B310	球囊盘管（机器）	922285	YXN.069.001.1011	922287	YXN.069.001.1014	1.0	1	2026-07-20 22:54:30	2026-07-21 12:27:13
2276	922186	E2E-OSF-20260721042549	922764	B320	球囊测漏及全检	922285	YXN.069.001.1011	922280	YXN.069.001.1003	1.0	1	2026-07-20 22:54:30	2026-07-21 12:27:13
2277	922186	E2E-OSF-20260721042549	922765	PROC-XLSX-00001	外管拉伸2	922285	YXN.069.001.1011	922287	YXN.069.001.1014	1.0	1	2026-07-20 22:54:30	2026-07-21 12:27:13
2278	922186	E2E-OSF-20260721042549	922766	PROC-XLSX-00002	内管拉伸2	922285	YXN.069.001.1011	922280	YXN.069.001.1003	1.0	1	2026-07-20 22:54:30	2026-07-21 12:27:13
2279	922186	E2E-OSF-20260721042549	922774	PROC-XLSX-00010	棘突丝拉伸2	922285	YXN.069.001.1011	922283	YXN.069.001.1009	1.0	1	2026-07-20 22:54:30	2026-07-21 12:27:13
2280	922186	E2E-OSF-20260721042549	922775	PROC-XLSX-00011	棘突丝切割	922285	YXN.069.001.1011	922282	YXN.069.001.1006	1.0	1	2026-07-20 22:54:30	2026-07-21 12:27:13
2281	922186	E2E-OSF-20260721042549	922776	PROC-XLSX-00012	棘突远端焊接	922285	YXN.069.001.1011	922281	YXN.069.001.1013	1.0	1	2026-07-20 22:54:30	2026-07-21 12:27:13
2282	922186	E2E-OSF-20260721042549	922777	PROC-XLSX-00013	棘突远端塑型	922285	YXN.069.001.1011	922287	YXN.069.001.1014	1.0	1	2026-07-20 22:54:30	2026-07-21 12:27:13
2283	922186	E2E-OSF-20260721042549	922778	PROC-XLSX-00014	棘突近端焊接	922285	YXN.069.001.1011	922283	YXN.069.001.1009	1.0	1	2026-07-20 22:54:30	2026-07-21 12:27:13
2284	922186	E2E-OSF-20260721042549	922779	Z2975	棘突TPU 套管粘接	922285	YXN.069.001.1011	922281	YXN.069.001.1013	1.0	1	2026-07-20 22:54:30	2026-07-21 12:27:13
2285	922186	E2E-OSF-20260721042549	922780	Z2774	棘突远端锥度焊接	922285	YXN.069.001.1011	922280	YXN.069.001.1003	1.0	1	2026-07-20 22:54:30	2026-07-21 12:27:13
2286	922186	E2E-OSF-20260721042549	922781	Z2773	棘突近端粘接	922285	YXN.069.001.1011	922283	YXN.069.001.1009	1.0	1	2026-07-20 22:54:30	2026-07-21 12:27:13
2287	922186	E2E-OSF-20260721042549	922782	Z2776	棘突球囊涂层	922285	YXN.069.001.1011	922282	YXN.069.001.1006	1.0	1	2026-07-20 22:54:30	2026-07-21 12:27:13
2288	922186	E2E-OSF-20260721042549	922744	B010	吹球囊成型	922285	YXN.069.001.1011	922282	YXN.069.001.1006	1.0	0	2026-07-21 12:27:14	2026-07-21 12:27:14
2289	922186	E2E-OSF-20260721042549	922746	B030	球囊裁剪	922285	YXN.069.001.1011	922287	YXN.069.001.1014	1.0	0	2026-07-21 12:27:14	2026-07-21 12:27:14
2290	922186	E2E-OSF-20260721042549	922750	B060	外管与球囊焊接	922285	YXN.069.001.1011	922280	YXN.069.001.1003	1.0	0	2026-07-21 12:27:14	2026-07-21 12:27:14
2291	922186	E2E-OSF-20260721042549	922752	B290	焊接圆角	922285	YXN.069.001.1011	922287	YXN.069.001.1014	1.0	0	2026-07-21 12:27:14	2026-07-21 12:27:14
2292	922186	E2E-OSF-20260721042549	922753	B210	焊接远端锥度	922285	YXN.069.001.1011	922280	YXN.069.001.1003	1.0	0	2026-07-21 12:27:14	2026-07-21 12:27:14
2293	922186	E2E-OSF-20260721042549	922754	B070	外管切缝	922285	YXN.069.001.1011	922287	YXN.069.001.1014	1.0	0	2026-07-21 12:27:14	2026-07-21 12:27:14
2294	922186	E2E-OSF-20260721042549	922755	B080	穿显影环	922285	YXN.069.001.1011	922282	YXN.069.001.1006	1.0	0	2026-07-21 12:27:14	2026-07-21 12:27:14
2295	922186	E2E-OSF-20260721042549	922756	B090	压显影环	922285	YXN.069.001.1011	922281	YXN.069.001.1013	1.0	0	2026-07-21 12:27:14	2026-07-21 12:27:14
2296	922186	E2E-OSF-20260721042549	922758	B220	快速交换口焊接	922285	YXN.069.001.1011	922280	YXN.069.001.1003	1.0	0	2026-07-21 12:27:14	2026-07-21 12:27:14
2297	922186	E2E-OSF-20260721042549	922759	B230	RX口检测	922285	YXN.069.001.1011	922283	YXN.069.001.1009	1.0	0	2026-07-21 12:27:14	2026-07-21 12:27:14
2298	922186	E2E-OSF-20260721042549	922760	B240	点胶海波管	922285	YXN.069.001.1011	922282	YXN.069.001.1006	1.0	0	2026-07-21 12:27:14	2026-07-21 12:27:14
2299	922186	E2E-OSF-20260721042549	922761	B250	球囊压握	922285	YXN.069.001.1011	922282	YXN.069.001.1006	1.0	0	2026-07-21 12:27:14	2026-07-21 12:27:14
2300	922186	E2E-OSF-20260721042549	922762	B280	裁剪圆角	922285	YXN.069.001.1011	922281	YXN.069.001.1013	1.0	0	2026-07-21 12:27:14	2026-07-21 12:27:14
2301	922186	E2E-OSF-20260721042549	922763	B310	球囊盘管（机器）	922285	YXN.069.001.1011	922287	YXN.069.001.1014	1.0	0	2026-07-21 12:27:14	2026-07-21 12:27:14
2302	922186	E2E-OSF-20260721042549	922764	B320	球囊测漏及全检	922285	YXN.069.001.1011	922280	YXN.069.001.1003	1.0	0	2026-07-21 12:27:14	2026-07-21 12:27:14
2303	922186	E2E-OSF-20260721042549	922765	PROC-XLSX-00001	外管拉伸2	922285	YXN.069.001.1011	922287	YXN.069.001.1014	1.0	0	2026-07-21 12:27:14	2026-07-21 12:27:14
2304	922186	E2E-OSF-20260721042549	922766	PROC-XLSX-00002	内管拉伸2	922285	YXN.069.001.1011	922280	YXN.069.001.1003	1.0	0	2026-07-21 12:27:14	2026-07-21 12:27:14
2305	922186	E2E-OSF-20260721042549	922774	PROC-XLSX-00010	棘突丝拉伸2	922285	YXN.069.001.1011	922283	YXN.069.001.1009	1.0	0	2026-07-21 12:27:14	2026-07-21 12:27:14
2306	922186	E2E-OSF-20260721042549	922775	PROC-XLSX-00011	棘突丝切割	922285	YXN.069.001.1011	922282	YXN.069.001.1006	1.0	0	2026-07-21 12:27:14	2026-07-21 12:27:14
2307	922186	E2E-OSF-20260721042549	922776	PROC-XLSX-00012	棘突远端焊接	922285	YXN.069.001.1011	922281	YXN.069.001.1013	1.0	0	2026-07-21 12:27:14	2026-07-21 12:27:14
2308	922186	E2E-OSF-20260721042549	922777	PROC-XLSX-00013	棘突远端塑型	922285	YXN.069.001.1011	922287	YXN.069.001.1014	1.0	0	2026-07-21 12:27:14	2026-07-21 12:27:14
2309	922186	E2E-OSF-20260721042549	922778	PROC-XLSX-00014	棘突近端焊接	922285	YXN.069.001.1011	922283	YXN.069.001.1009	1.0	0	2026-07-21 12:27:14	2026-07-21 12:27:14
2310	922186	E2E-OSF-20260721042549	922779	Z2975	棘突TPU 套管粘接	922285	YXN.069.001.1011	922281	YXN.069.001.1013	1.0	0	2026-07-21 12:27:14	2026-07-21 12:27:14
2311	922186	E2E-OSF-20260721042549	922780	Z2774	棘突远端锥度焊接	922285	YXN.069.001.1011	922280	YXN.069.001.1003	1.0	0	2026-07-21 12:27:14	2026-07-21 12:27:14
2312	922186	E2E-OSF-20260721042549	922781	Z2773	棘突近端粘接	922285	YXN.069.001.1011	922283	YXN.069.001.1009	1.0	0	2026-07-21 12:27:14	2026-07-21 12:27:14
2313	922186	E2E-OSF-20260721042549	922782	Z2776	棘突球囊涂层	922285	YXN.069.001.1011	922282	YXN.069.001.1006	1.0	0	2026-07-21 12:27:14	2026-07-21 12:27:14
2314	922187	E2E-OSF-20260721050007	922744	B010	吹球囊成型	922285	YXN.069.001.1011	922282	YXN.069.001.1006	1.0	1	2026-07-20 22:54:30	2026-07-21 13:01:47
2315	922187	E2E-OSF-20260721050007	922746	B030	球囊裁剪	922285	YXN.069.001.1011	922287	YXN.069.001.1014	1.0	1	2026-07-20 22:54:30	2026-07-21 13:01:47
2316	922187	E2E-OSF-20260721050007	922750	B060	外管与球囊焊接	922285	YXN.069.001.1011	922280	YXN.069.001.1003	1.0	1	2026-07-20 22:54:30	2026-07-21 13:01:47
2317	922187	E2E-OSF-20260721050007	922752	B290	焊接圆角	922285	YXN.069.001.1011	922287	YXN.069.001.1014	1.0	1	2026-07-20 22:54:30	2026-07-21 13:01:47
2318	922187	E2E-OSF-20260721050007	922753	B210	焊接远端锥度	922285	YXN.069.001.1011	922280	YXN.069.001.1003	1.0	1	2026-07-20 22:54:30	2026-07-21 13:01:47
2319	922187	E2E-OSF-20260721050007	922754	B070	外管切缝	922285	YXN.069.001.1011	922287	YXN.069.001.1014	1.0	1	2026-07-20 22:54:30	2026-07-21 13:01:47
2320	922187	E2E-OSF-20260721050007	922755	B080	穿显影环	922285	YXN.069.001.1011	922282	YXN.069.001.1006	1.0	1	2026-07-20 22:54:30	2026-07-21 13:01:47
2321	922187	E2E-OSF-20260721050007	922756	B090	压显影环	922285	YXN.069.001.1011	922281	YXN.069.001.1013	1.0	1	2026-07-20 22:54:30	2026-07-21 13:01:47
2322	922187	E2E-OSF-20260721050007	922758	B220	快速交换口焊接	922285	YXN.069.001.1011	922280	YXN.069.001.1003	1.0	1	2026-07-20 22:54:30	2026-07-21 13:01:47
2323	922187	E2E-OSF-20260721050007	922759	B230	RX口检测	922285	YXN.069.001.1011	922283	YXN.069.001.1009	1.0	1	2026-07-20 22:54:30	2026-07-21 13:01:47
2324	922187	E2E-OSF-20260721050007	922760	B240	点胶海波管	922285	YXN.069.001.1011	922282	YXN.069.001.1006	1.0	1	2026-07-20 22:54:30	2026-07-21 13:01:47
2325	922187	E2E-OSF-20260721050007	922761	B250	球囊压握	922285	YXN.069.001.1011	922282	YXN.069.001.1006	1.0	1	2026-07-20 22:54:30	2026-07-21 13:01:47
2326	922187	E2E-OSF-20260721050007	922762	B280	裁剪圆角	922285	YXN.069.001.1011	922281	YXN.069.001.1013	1.0	1	2026-07-20 22:54:30	2026-07-21 13:01:47
2327	922187	E2E-OSF-20260721050007	922763	B310	球囊盘管（机器）	922285	YXN.069.001.1011	922287	YXN.069.001.1014	1.0	1	2026-07-20 22:54:30	2026-07-21 13:01:47
2328	922187	E2E-OSF-20260721050007	922764	B320	球囊测漏及全检	922285	YXN.069.001.1011	922280	YXN.069.001.1003	1.0	1	2026-07-20 22:54:30	2026-07-21 13:01:47
2329	922187	E2E-OSF-20260721050007	922765	PROC-XLSX-00001	外管拉伸2	922285	YXN.069.001.1011	922287	YXN.069.001.1014	1.0	1	2026-07-20 22:54:30	2026-07-21 13:01:47
2330	922187	E2E-OSF-20260721050007	922766	PROC-XLSX-00002	内管拉伸2	922285	YXN.069.001.1011	922280	YXN.069.001.1003	1.0	1	2026-07-20 22:54:30	2026-07-21 13:01:47
2331	922187	E2E-OSF-20260721050007	922774	PROC-XLSX-00010	棘突丝拉伸2	922285	YXN.069.001.1011	922283	YXN.069.001.1009	1.0	1	2026-07-20 22:54:30	2026-07-21 13:01:47
2332	922187	E2E-OSF-20260721050007	922775	PROC-XLSX-00011	棘突丝切割	922285	YXN.069.001.1011	922282	YXN.069.001.1006	1.0	1	2026-07-20 22:54:30	2026-07-21 13:01:47
2333	922187	E2E-OSF-20260721050007	922776	PROC-XLSX-00012	棘突远端焊接	922285	YXN.069.001.1011	922281	YXN.069.001.1013	1.0	1	2026-07-20 22:54:30	2026-07-21 13:01:47
2334	922187	E2E-OSF-20260721050007	922777	PROC-XLSX-00013	棘突远端塑型	922285	YXN.069.001.1011	922287	YXN.069.001.1014	1.0	1	2026-07-20 22:54:30	2026-07-21 13:01:47
2335	922187	E2E-OSF-20260721050007	922778	PROC-XLSX-00014	棘突近端焊接	922285	YXN.069.001.1011	922283	YXN.069.001.1009	1.0	1	2026-07-20 22:54:30	2026-07-21 13:01:47
2336	922187	E2E-OSF-20260721050007	922779	Z2975	棘突TPU 套管粘接	922285	YXN.069.001.1011	922281	YXN.069.001.1013	1.0	1	2026-07-20 22:54:30	2026-07-21 13:01:47
2337	922187	E2E-OSF-20260721050007	922780	Z2774	棘突远端锥度焊接	922285	YXN.069.001.1011	922280	YXN.069.001.1003	1.0	1	2026-07-20 22:54:30	2026-07-21 13:01:47
2338	922187	E2E-OSF-20260721050007	922781	Z2773	棘突近端粘接	922285	YXN.069.001.1011	922283	YXN.069.001.1009	1.0	1	2026-07-20 22:54:30	2026-07-21 13:01:47
2339	922187	E2E-OSF-20260721050007	922782	Z2776	棘突球囊涂层	922285	YXN.069.001.1011	922282	YXN.069.001.1006	1.0	1	2026-07-20 22:54:30	2026-07-21 13:01:47
2340	922187	E2E-OSF-20260721050007	922744	B010	吹球囊成型	922285	YXN.069.001.1011	922282	YXN.069.001.1006	1.0	1	2026-07-21 13:01:48	2026-07-23 19:39:27
2341	922187	E2E-OSF-20260721050007	922746	B030	球囊裁剪	922285	YXN.069.001.1011	922287	YXN.069.001.1014	1.0	1	2026-07-21 13:01:48	2026-07-23 19:39:27
2342	922187	E2E-OSF-20260721050007	922750	B060	外管与球囊焊接	922285	YXN.069.001.1011	922280	YXN.069.001.1003	1.0	1	2026-07-21 13:01:48	2026-07-23 19:39:27
2343	922187	E2E-OSF-20260721050007	922752	B290	焊接圆角	922285	YXN.069.001.1011	922287	YXN.069.001.1014	1.0	1	2026-07-21 13:01:48	2026-07-23 19:39:27
2344	922187	E2E-OSF-20260721050007	922753	B210	焊接远端锥度	922285	YXN.069.001.1011	922280	YXN.069.001.1003	1.0	1	2026-07-21 13:01:48	2026-07-23 19:39:27
2345	922187	E2E-OSF-20260721050007	922754	B070	外管切缝	922285	YXN.069.001.1011	922287	YXN.069.001.1014	1.0	1	2026-07-21 13:01:48	2026-07-23 19:39:27
2346	922187	E2E-OSF-20260721050007	922755	B080	穿显影环	922285	YXN.069.001.1011	922282	YXN.069.001.1006	1.0	1	2026-07-21 13:01:48	2026-07-23 19:39:27
2347	922187	E2E-OSF-20260721050007	922756	B090	压显影环	922285	YXN.069.001.1011	922281	YXN.069.001.1013	1.0	1	2026-07-21 13:01:48	2026-07-23 19:39:27
2348	922187	E2E-OSF-20260721050007	922758	B220	快速交换口焊接	922285	YXN.069.001.1011	922280	YXN.069.001.1003	1.0	1	2026-07-21 13:01:48	2026-07-23 19:39:27
2349	922187	E2E-OSF-20260721050007	922759	B230	RX口检测	922285	YXN.069.001.1011	922283	YXN.069.001.1009	1.0	1	2026-07-21 13:01:48	2026-07-23 19:39:27
2350	922187	E2E-OSF-20260721050007	922760	B240	点胶海波管	922285	YXN.069.001.1011	922282	YXN.069.001.1006	1.0	1	2026-07-21 13:01:48	2026-07-23 19:39:27
2351	922187	E2E-OSF-20260721050007	922761	B250	球囊压握	922285	YXN.069.001.1011	922282	YXN.069.001.1006	1.0	1	2026-07-21 13:01:48	2026-07-23 19:39:27
2352	922187	E2E-OSF-20260721050007	922762	B280	裁剪圆角	922285	YXN.069.001.1011	922281	YXN.069.001.1013	1.0	1	2026-07-21 13:01:48	2026-07-23 19:39:27
2353	922187	E2E-OSF-20260721050007	922763	B310	球囊盘管（机器）	922285	YXN.069.001.1011	922287	YXN.069.001.1014	1.0	1	2026-07-21 13:01:48	2026-07-23 19:39:27
2354	922187	E2E-OSF-20260721050007	922764	B320	球囊测漏及全检	922285	YXN.069.001.1011	922280	YXN.069.001.1003	1.0	1	2026-07-21 13:01:48	2026-07-23 19:39:27
2355	922187	E2E-OSF-20260721050007	922765	PROC-XLSX-00001	外管拉伸2	922285	YXN.069.001.1011	922287	YXN.069.001.1014	1.0	1	2026-07-21 13:01:48	2026-07-23 19:39:27
2356	922187	E2E-OSF-20260721050007	922766	PROC-XLSX-00002	内管拉伸2	922285	YXN.069.001.1011	922280	YXN.069.001.1003	1.0	1	2026-07-21 13:01:48	2026-07-23 19:39:27
2357	922187	E2E-OSF-20260721050007	922774	PROC-XLSX-00010	棘突丝拉伸2	922285	YXN.069.001.1011	922283	YXN.069.001.1009	1.0	1	2026-07-21 13:01:49	2026-07-23 19:39:27
2358	922187	E2E-OSF-20260721050007	922775	PROC-XLSX-00011	棘突丝切割	922285	YXN.069.001.1011	922282	YXN.069.001.1006	1.0	1	2026-07-21 13:01:49	2026-07-23 19:39:27
2359	922187	E2E-OSF-20260721050007	922776	PROC-XLSX-00012	棘突远端焊接	922285	YXN.069.001.1011	922281	YXN.069.001.1013	1.0	1	2026-07-21 13:01:49	2026-07-23 19:39:27
2360	922187	E2E-OSF-20260721050007	922777	PROC-XLSX-00013	棘突远端塑型	922285	YXN.069.001.1011	922287	YXN.069.001.1014	1.0	1	2026-07-21 13:01:49	2026-07-23 19:39:27
2361	922187	E2E-OSF-20260721050007	922778	PROC-XLSX-00014	棘突近端焊接	922285	YXN.069.001.1011	922283	YXN.069.001.1009	1.0	1	2026-07-21 13:01:49	2026-07-23 19:39:27
2362	922187	E2E-OSF-20260721050007	922779	Z2975	棘突TPU 套管粘接	922285	YXN.069.001.1011	922281	YXN.069.001.1013	1.0	1	2026-07-21 13:01:49	2026-07-23 19:39:27
2363	922187	E2E-OSF-20260721050007	922780	Z2774	棘突远端锥度焊接	922285	YXN.069.001.1011	922280	YXN.069.001.1003	1.0	1	2026-07-21 13:01:49	2026-07-23 19:39:27
2364	922187	E2E-OSF-20260721050007	922781	Z2773	棘突近端粘接	922285	YXN.069.001.1011	922283	YXN.069.001.1009	1.0	1	2026-07-21 13:01:49	2026-07-23 19:39:27
2365	922187	E2E-OSF-20260721050007	922782	Z2776	棘突球囊涂层	922285	YXN.069.001.1011	922282	YXN.069.001.1006	1.0	1	2026-07-21 13:01:49	2026-07-23 19:39:27
2366	922188	E2E-OSF-20260721051803	922744	B010	吹球囊成型	922285	YXN.069.001.1011	922282	YXN.069.001.1006	1.0	0	2026-07-20 22:54:30	2026-07-20 22:54:30
2367	922188	E2E-OSF-20260721051803	922746	B030	球囊裁剪	922285	YXN.069.001.1011	922287	YXN.069.001.1014	1.0	0	2026-07-20 22:54:30	2026-07-20 22:54:30
2368	922188	E2E-OSF-20260721051803	922750	B060	外管与球囊焊接	922285	YXN.069.001.1011	922280	YXN.069.001.1003	1.0	0	2026-07-20 22:54:30	2026-07-20 22:54:30
2369	922188	E2E-OSF-20260721051803	922752	B290	焊接圆角	922285	YXN.069.001.1011	922287	YXN.069.001.1014	1.0	0	2026-07-20 22:54:30	2026-07-20 22:54:30
2370	922188	E2E-OSF-20260721051803	922753	B210	焊接远端锥度	922285	YXN.069.001.1011	922280	YXN.069.001.1003	1.0	0	2026-07-20 22:54:30	2026-07-20 22:54:30
2371	922188	E2E-OSF-20260721051803	922754	B070	外管切缝	922285	YXN.069.001.1011	922287	YXN.069.001.1014	1.0	0	2026-07-20 22:54:30	2026-07-20 22:54:30
2372	922188	E2E-OSF-20260721051803	922755	B080	穿显影环	922285	YXN.069.001.1011	922282	YXN.069.001.1006	1.0	0	2026-07-20 22:54:30	2026-07-20 22:54:30
2373	922188	E2E-OSF-20260721051803	922756	B090	压显影环	922285	YXN.069.001.1011	922281	YXN.069.001.1013	1.0	0	2026-07-20 22:54:30	2026-07-20 22:54:30
2374	922188	E2E-OSF-20260721051803	922758	B220	快速交换口焊接	922285	YXN.069.001.1011	922280	YXN.069.001.1003	1.0	0	2026-07-20 22:54:30	2026-07-20 22:54:30
2375	922188	E2E-OSF-20260721051803	922759	B230	RX口检测	922285	YXN.069.001.1011	922283	YXN.069.001.1009	1.0	0	2026-07-20 22:54:30	2026-07-20 22:54:30
2376	922188	E2E-OSF-20260721051803	922760	B240	点胶海波管	922285	YXN.069.001.1011	922282	YXN.069.001.1006	1.0	0	2026-07-20 22:54:30	2026-07-20 22:54:30
2377	922188	E2E-OSF-20260721051803	922761	B250	球囊压握	922285	YXN.069.001.1011	922282	YXN.069.001.1006	1.0	0	2026-07-20 22:54:30	2026-07-20 22:54:30
2378	922188	E2E-OSF-20260721051803	922762	B280	裁剪圆角	922285	YXN.069.001.1011	922281	YXN.069.001.1013	1.0	0	2026-07-20 22:54:30	2026-07-20 22:54:30
2379	922188	E2E-OSF-20260721051803	922763	B310	球囊盘管（机器）	922285	YXN.069.001.1011	922287	YXN.069.001.1014	1.0	0	2026-07-20 22:54:30	2026-07-20 22:54:30
2380	922188	E2E-OSF-20260721051803	922764	B320	球囊测漏及全检	922285	YXN.069.001.1011	922280	YXN.069.001.1003	1.0	0	2026-07-20 22:54:30	2026-07-20 22:54:30
2381	922188	E2E-OSF-20260721051803	922765	PROC-XLSX-00001	外管拉伸2	922285	YXN.069.001.1011	922287	YXN.069.001.1014	1.0	0	2026-07-20 22:54:30	2026-07-20 22:54:30
2382	922188	E2E-OSF-20260721051803	922766	PROC-XLSX-00002	内管拉伸2	922285	YXN.069.001.1011	922280	YXN.069.001.1003	1.0	0	2026-07-20 22:54:30	2026-07-20 22:54:30
2383	922188	E2E-OSF-20260721051803	922774	PROC-XLSX-00010	棘突丝拉伸2	922285	YXN.069.001.1011	922283	YXN.069.001.1009	1.0	0	2026-07-20 22:54:30	2026-07-20 22:54:30
2384	922188	E2E-OSF-20260721051803	922775	PROC-XLSX-00011	棘突丝切割	922285	YXN.069.001.1011	922282	YXN.069.001.1006	1.0	0	2026-07-20 22:54:30	2026-07-20 22:54:30
2385	922188	E2E-OSF-20260721051803	922776	PROC-XLSX-00012	棘突远端焊接	922285	YXN.069.001.1011	922281	YXN.069.001.1013	1.0	0	2026-07-20 22:54:30	2026-07-20 22:54:30
2386	922188	E2E-OSF-20260721051803	922777	PROC-XLSX-00013	棘突远端塑型	922285	YXN.069.001.1011	922287	YXN.069.001.1014	1.0	0	2026-07-20 22:54:30	2026-07-20 22:54:30
2387	922188	E2E-OSF-20260721051803	922778	PROC-XLSX-00014	棘突近端焊接	922285	YXN.069.001.1011	922283	YXN.069.001.1009	1.0	0	2026-07-20 22:54:30	2026-07-20 22:54:30
2388	922188	E2E-OSF-20260721051803	922779	Z2975	棘突TPU 套管粘接	922285	YXN.069.001.1011	922281	YXN.069.001.1013	1.0	0	2026-07-20 22:54:30	2026-07-20 22:54:30
2389	922188	E2E-OSF-20260721051803	922780	Z2774	棘突远端锥度焊接	922285	YXN.069.001.1011	922280	YXN.069.001.1003	1.0	0	2026-07-20 22:54:30	2026-07-20 22:54:30
2390	922188	E2E-OSF-20260721051803	922781	Z2773	棘突近端粘接	922285	YXN.069.001.1011	922283	YXN.069.001.1009	1.0	0	2026-07-20 22:54:30	2026-07-20 22:54:30
2391	922188	E2E-OSF-20260721051803	922782	Z2776	棘突球囊涂层	922285	YXN.069.001.1011	922282	YXN.069.001.1006	1.0	0	2026-07-20 22:54:30	2026-07-20 22:54:30
2392	922189	E2E-OSF-20260721052114	922744	B010	吹球囊成型	922285	YXN.069.001.1011	922282	YXN.069.001.1006	1.0	0	2026-07-20 22:54:30	2026-07-20 22:54:30
2393	922189	E2E-OSF-20260721052114	922746	B030	球囊裁剪	922285	YXN.069.001.1011	922287	YXN.069.001.1014	1.0	0	2026-07-20 22:54:30	2026-07-20 22:54:30
2394	922189	E2E-OSF-20260721052114	922750	B060	外管与球囊焊接	922285	YXN.069.001.1011	922280	YXN.069.001.1003	1.0	0	2026-07-20 22:54:30	2026-07-20 22:54:30
2395	922189	E2E-OSF-20260721052114	922752	B290	焊接圆角	922285	YXN.069.001.1011	922287	YXN.069.001.1014	1.0	0	2026-07-20 22:54:30	2026-07-20 22:54:30
2396	922189	E2E-OSF-20260721052114	922753	B210	焊接远端锥度	922285	YXN.069.001.1011	922280	YXN.069.001.1003	1.0	0	2026-07-20 22:54:30	2026-07-20 22:54:30
2397	922189	E2E-OSF-20260721052114	922754	B070	外管切缝	922285	YXN.069.001.1011	922287	YXN.069.001.1014	1.0	0	2026-07-20 22:54:30	2026-07-20 22:54:30
2398	922189	E2E-OSF-20260721052114	922755	B080	穿显影环	922285	YXN.069.001.1011	922282	YXN.069.001.1006	1.0	0	2026-07-20 22:54:30	2026-07-20 22:54:30
2399	922189	E2E-OSF-20260721052114	922756	B090	压显影环	922285	YXN.069.001.1011	922281	YXN.069.001.1013	1.0	0	2026-07-20 22:54:30	2026-07-20 22:54:30
2400	922189	E2E-OSF-20260721052114	922758	B220	快速交换口焊接	922285	YXN.069.001.1011	922280	YXN.069.001.1003	1.0	0	2026-07-20 22:54:30	2026-07-20 22:54:30
2401	922189	E2E-OSF-20260721052114	922759	B230	RX口检测	922285	YXN.069.001.1011	922283	YXN.069.001.1009	1.0	0	2026-07-20 22:54:30	2026-07-20 22:54:30
2402	922189	E2E-OSF-20260721052114	922760	B240	点胶海波管	922285	YXN.069.001.1011	922282	YXN.069.001.1006	1.0	0	2026-07-20 22:54:30	2026-07-20 22:54:30
2403	922189	E2E-OSF-20260721052114	922761	B250	球囊压握	922285	YXN.069.001.1011	922282	YXN.069.001.1006	1.0	0	2026-07-20 22:54:30	2026-07-20 22:54:30
2404	922189	E2E-OSF-20260721052114	922762	B280	裁剪圆角	922285	YXN.069.001.1011	922281	YXN.069.001.1013	1.0	0	2026-07-20 22:54:30	2026-07-20 22:54:30
2405	922189	E2E-OSF-20260721052114	922763	B310	球囊盘管（机器）	922285	YXN.069.001.1011	922287	YXN.069.001.1014	1.0	0	2026-07-20 22:54:30	2026-07-20 22:54:30
2406	922189	E2E-OSF-20260721052114	922764	B320	球囊测漏及全检	922285	YXN.069.001.1011	922280	YXN.069.001.1003	1.0	0	2026-07-20 22:54:30	2026-07-20 22:54:30
2407	922189	E2E-OSF-20260721052114	922765	PROC-XLSX-00001	外管拉伸2	922285	YXN.069.001.1011	922287	YXN.069.001.1014	1.0	0	2026-07-20 22:54:30	2026-07-20 22:54:30
2408	922189	E2E-OSF-20260721052114	922766	PROC-XLSX-00002	内管拉伸2	922285	YXN.069.001.1011	922280	YXN.069.001.1003	1.0	0	2026-07-20 22:54:30	2026-07-20 22:54:30
2409	922189	E2E-OSF-20260721052114	922774	PROC-XLSX-00010	棘突丝拉伸2	922285	YXN.069.001.1011	922283	YXN.069.001.1009	1.0	0	2026-07-20 22:54:30	2026-07-20 22:54:30
2410	922189	E2E-OSF-20260721052114	922775	PROC-XLSX-00011	棘突丝切割	922285	YXN.069.001.1011	922282	YXN.069.001.1006	1.0	0	2026-07-20 22:54:30	2026-07-20 22:54:30
2411	922189	E2E-OSF-20260721052114	922776	PROC-XLSX-00012	棘突远端焊接	922285	YXN.069.001.1011	922281	YXN.069.001.1013	1.0	0	2026-07-20 22:54:30	2026-07-20 22:54:30
2412	922189	E2E-OSF-20260721052114	922777	PROC-XLSX-00013	棘突远端塑型	922285	YXN.069.001.1011	922287	YXN.069.001.1014	1.0	0	2026-07-20 22:54:30	2026-07-20 22:54:30
2413	922189	E2E-OSF-20260721052114	922778	PROC-XLSX-00014	棘突近端焊接	922285	YXN.069.001.1011	922283	YXN.069.001.1009	1.0	0	2026-07-20 22:54:30	2026-07-20 22:54:30
2414	922189	E2E-OSF-20260721052114	922779	Z2975	棘突TPU 套管粘接	922285	YXN.069.001.1011	922281	YXN.069.001.1013	1.0	0	2026-07-20 22:54:30	2026-07-20 22:54:30
2415	922189	E2E-OSF-20260721052114	922780	Z2774	棘突远端锥度焊接	922285	YXN.069.001.1011	922280	YXN.069.001.1003	1.0	0	2026-07-20 22:54:30	2026-07-20 22:54:30
2416	922189	E2E-OSF-20260721052114	922781	Z2773	棘突近端粘接	922285	YXN.069.001.1011	922283	YXN.069.001.1009	1.0	0	2026-07-20 22:54:30	2026-07-20 22:54:30
2417	922189	E2E-OSF-20260721052114	922782	Z2776	棘突球囊涂层	922285	YXN.069.001.1011	922282	YXN.069.001.1006	1.0	0	2026-07-20 22:54:30	2026-07-20 22:54:30
2418	922190	E2E-OSF-20260721052406	922744	B010	吹球囊成型	922285	YXN.069.001.1011	922282	YXN.069.001.1006	1.0	0	2026-07-20 22:54:30	2026-07-20 22:54:30
2419	922190	E2E-OSF-20260721052406	922746	B030	球囊裁剪	922285	YXN.069.001.1011	922287	YXN.069.001.1014	1.0	0	2026-07-20 22:54:30	2026-07-20 22:54:30
2420	922190	E2E-OSF-20260721052406	922750	B060	外管与球囊焊接	922285	YXN.069.001.1011	922280	YXN.069.001.1003	1.0	0	2026-07-20 22:54:30	2026-07-20 22:54:30
2421	922190	E2E-OSF-20260721052406	922752	B290	焊接圆角	922285	YXN.069.001.1011	922287	YXN.069.001.1014	1.0	0	2026-07-20 22:54:30	2026-07-20 22:54:30
2422	922190	E2E-OSF-20260721052406	922753	B210	焊接远端锥度	922285	YXN.069.001.1011	922280	YXN.069.001.1003	1.0	0	2026-07-20 22:54:30	2026-07-20 22:54:30
2423	922190	E2E-OSF-20260721052406	922754	B070	外管切缝	922285	YXN.069.001.1011	922287	YXN.069.001.1014	1.0	0	2026-07-20 22:54:30	2026-07-20 22:54:30
2424	922190	E2E-OSF-20260721052406	922755	B080	穿显影环	922285	YXN.069.001.1011	922282	YXN.069.001.1006	1.0	0	2026-07-20 22:54:30	2026-07-20 22:54:30
2425	922190	E2E-OSF-20260721052406	922756	B090	压显影环	922285	YXN.069.001.1011	922281	YXN.069.001.1013	1.0	0	2026-07-20 22:54:30	2026-07-20 22:54:30
2426	922190	E2E-OSF-20260721052406	922758	B220	快速交换口焊接	922285	YXN.069.001.1011	922280	YXN.069.001.1003	1.0	0	2026-07-20 22:54:30	2026-07-20 22:54:30
2427	922190	E2E-OSF-20260721052406	922759	B230	RX口检测	922285	YXN.069.001.1011	922283	YXN.069.001.1009	1.0	0	2026-07-20 22:54:30	2026-07-20 22:54:30
2428	922190	E2E-OSF-20260721052406	922760	B240	点胶海波管	922285	YXN.069.001.1011	922282	YXN.069.001.1006	1.0	0	2026-07-20 22:54:30	2026-07-20 22:54:30
2429	922190	E2E-OSF-20260721052406	922761	B250	球囊压握	922285	YXN.069.001.1011	922282	YXN.069.001.1006	1.0	0	2026-07-20 22:54:30	2026-07-20 22:54:30
2430	922190	E2E-OSF-20260721052406	922762	B280	裁剪圆角	922285	YXN.069.001.1011	922281	YXN.069.001.1013	1.0	0	2026-07-20 22:54:30	2026-07-20 22:54:30
2431	922190	E2E-OSF-20260721052406	922763	B310	球囊盘管（机器）	922285	YXN.069.001.1011	922287	YXN.069.001.1014	1.0	0	2026-07-20 22:54:30	2026-07-20 22:54:30
2432	922190	E2E-OSF-20260721052406	922764	B320	球囊测漏及全检	922285	YXN.069.001.1011	922280	YXN.069.001.1003	1.0	0	2026-07-20 22:54:30	2026-07-20 22:54:30
2433	922190	E2E-OSF-20260721052406	922765	PROC-XLSX-00001	外管拉伸2	922285	YXN.069.001.1011	922287	YXN.069.001.1014	1.0	0	2026-07-20 22:54:30	2026-07-20 22:54:30
2434	922190	E2E-OSF-20260721052406	922766	PROC-XLSX-00002	内管拉伸2	922285	YXN.069.001.1011	922280	YXN.069.001.1003	1.0	0	2026-07-20 22:54:30	2026-07-20 22:54:30
2435	922190	E2E-OSF-20260721052406	922774	PROC-XLSX-00010	棘突丝拉伸2	922285	YXN.069.001.1011	922283	YXN.069.001.1009	1.0	0	2026-07-20 22:54:30	2026-07-20 22:54:30
2436	922190	E2E-OSF-20260721052406	922775	PROC-XLSX-00011	棘突丝切割	922285	YXN.069.001.1011	922282	YXN.069.001.1006	1.0	0	2026-07-20 22:54:30	2026-07-20 22:54:30
2437	922190	E2E-OSF-20260721052406	922776	PROC-XLSX-00012	棘突远端焊接	922285	YXN.069.001.1011	922281	YXN.069.001.1013	1.0	0	2026-07-20 22:54:30	2026-07-20 22:54:30
2438	922190	E2E-OSF-20260721052406	922777	PROC-XLSX-00013	棘突远端塑型	922285	YXN.069.001.1011	922287	YXN.069.001.1014	1.0	0	2026-07-20 22:54:30	2026-07-20 22:54:30
2439	922190	E2E-OSF-20260721052406	922778	PROC-XLSX-00014	棘突近端焊接	922285	YXN.069.001.1011	922283	YXN.069.001.1009	1.0	0	2026-07-20 22:54:30	2026-07-20 22:54:30
2440	922190	E2E-OSF-20260721052406	922779	Z2975	棘突TPU 套管粘接	922285	YXN.069.001.1011	922281	YXN.069.001.1013	1.0	0	2026-07-20 22:54:30	2026-07-20 22:54:30
2441	922190	E2E-OSF-20260721052406	922780	Z2774	棘突远端锥度焊接	922285	YXN.069.001.1011	922280	YXN.069.001.1003	1.0	0	2026-07-20 22:54:30	2026-07-20 22:54:30
2442	922190	E2E-OSF-20260721052406	922781	Z2773	棘突近端粘接	922285	YXN.069.001.1011	922283	YXN.069.001.1009	1.0	0	2026-07-20 22:54:30	2026-07-20 22:54:30
2443	922190	E2E-OSF-20260721052406	922782	Z2776	棘突球囊涂层	922285	YXN.069.001.1011	922282	YXN.069.001.1006	1.0	0	2026-07-20 22:54:30	2026-07-20 22:54:30
2444	922191	E2E-OSF-20260721052804	922744	B010	吹球囊成型	922285	YXN.069.001.1011	922282	YXN.069.001.1006	1.0	0	2026-07-20 22:54:30	2026-07-20 22:54:30
2445	922191	E2E-OSF-20260721052804	922746	B030	球囊裁剪	922285	YXN.069.001.1011	922287	YXN.069.001.1014	1.0	0	2026-07-20 22:54:30	2026-07-20 22:54:30
2446	922191	E2E-OSF-20260721052804	922750	B060	外管与球囊焊接	922285	YXN.069.001.1011	922280	YXN.069.001.1003	1.0	0	2026-07-20 22:54:30	2026-07-20 22:54:30
2447	922191	E2E-OSF-20260721052804	922752	B290	焊接圆角	922285	YXN.069.001.1011	922287	YXN.069.001.1014	1.0	0	2026-07-20 22:54:30	2026-07-20 22:54:30
2448	922191	E2E-OSF-20260721052804	922753	B210	焊接远端锥度	922285	YXN.069.001.1011	922280	YXN.069.001.1003	1.0	0	2026-07-20 22:54:30	2026-07-20 22:54:30
2449	922191	E2E-OSF-20260721052804	922754	B070	外管切缝	922285	YXN.069.001.1011	922287	YXN.069.001.1014	1.0	0	2026-07-20 22:54:30	2026-07-20 22:54:30
2450	922191	E2E-OSF-20260721052804	922755	B080	穿显影环	922285	YXN.069.001.1011	922282	YXN.069.001.1006	1.0	0	2026-07-20 22:54:30	2026-07-20 22:54:30
2451	922191	E2E-OSF-20260721052804	922756	B090	压显影环	922285	YXN.069.001.1011	922281	YXN.069.001.1013	1.0	0	2026-07-20 22:54:30	2026-07-20 22:54:30
2452	922191	E2E-OSF-20260721052804	922758	B220	快速交换口焊接	922285	YXN.069.001.1011	922280	YXN.069.001.1003	1.0	0	2026-07-20 22:54:30	2026-07-20 22:54:30
2453	922191	E2E-OSF-20260721052804	922759	B230	RX口检测	922285	YXN.069.001.1011	922283	YXN.069.001.1009	1.0	0	2026-07-20 22:54:30	2026-07-20 22:54:30
2454	922191	E2E-OSF-20260721052804	922760	B240	点胶海波管	922285	YXN.069.001.1011	922282	YXN.069.001.1006	1.0	0	2026-07-20 22:54:30	2026-07-20 22:54:30
2455	922191	E2E-OSF-20260721052804	922761	B250	球囊压握	922285	YXN.069.001.1011	922282	YXN.069.001.1006	1.0	0	2026-07-20 22:54:30	2026-07-20 22:54:30
2456	922191	E2E-OSF-20260721052804	922762	B280	裁剪圆角	922285	YXN.069.001.1011	922281	YXN.069.001.1013	1.0	0	2026-07-20 22:54:30	2026-07-20 22:54:30
2457	922191	E2E-OSF-20260721052804	922763	B310	球囊盘管（机器）	922285	YXN.069.001.1011	922287	YXN.069.001.1014	1.0	0	2026-07-20 22:54:30	2026-07-20 22:54:30
2458	922191	E2E-OSF-20260721052804	922764	B320	球囊测漏及全检	922285	YXN.069.001.1011	922280	YXN.069.001.1003	1.0	0	2026-07-20 22:54:30	2026-07-20 22:54:30
2459	922191	E2E-OSF-20260721052804	922765	PROC-XLSX-00001	外管拉伸2	922285	YXN.069.001.1011	922287	YXN.069.001.1014	1.0	0	2026-07-20 22:54:30	2026-07-20 22:54:30
2460	922191	E2E-OSF-20260721052804	922766	PROC-XLSX-00002	内管拉伸2	922285	YXN.069.001.1011	922280	YXN.069.001.1003	1.0	0	2026-07-20 22:54:30	2026-07-20 22:54:30
2461	922191	E2E-OSF-20260721052804	922774	PROC-XLSX-00010	棘突丝拉伸2	922285	YXN.069.001.1011	922283	YXN.069.001.1009	1.0	0	2026-07-20 22:54:30	2026-07-20 22:54:30
2462	922191	E2E-OSF-20260721052804	922775	PROC-XLSX-00011	棘突丝切割	922285	YXN.069.001.1011	922282	YXN.069.001.1006	1.0	0	2026-07-20 22:54:30	2026-07-20 22:54:30
2463	922191	E2E-OSF-20260721052804	922776	PROC-XLSX-00012	棘突远端焊接	922285	YXN.069.001.1011	922281	YXN.069.001.1013	1.0	0	2026-07-20 22:54:30	2026-07-20 22:54:30
2464	922191	E2E-OSF-20260721052804	922777	PROC-XLSX-00013	棘突远端塑型	922285	YXN.069.001.1011	922287	YXN.069.001.1014	1.0	0	2026-07-20 22:54:30	2026-07-20 22:54:30
2465	922191	E2E-OSF-20260721052804	922778	PROC-XLSX-00014	棘突近端焊接	922285	YXN.069.001.1011	922283	YXN.069.001.1009	1.0	0	2026-07-20 22:54:30	2026-07-20 22:54:30
2466	922191	E2E-OSF-20260721052804	922779	Z2975	棘突TPU 套管粘接	922285	YXN.069.001.1011	922281	YXN.069.001.1013	1.0	0	2026-07-20 22:54:30	2026-07-20 22:54:30
2467	922191	E2E-OSF-20260721052804	922780	Z2774	棘突远端锥度焊接	922285	YXN.069.001.1011	922280	YXN.069.001.1003	1.0	0	2026-07-20 22:54:30	2026-07-20 22:54:30
2468	922191	E2E-OSF-20260721052804	922781	Z2773	棘突近端粘接	922285	YXN.069.001.1011	922283	YXN.069.001.1009	1.0	0	2026-07-20 22:54:30	2026-07-20 22:54:30
2469	922191	E2E-OSF-20260721052804	922782	Z2776	棘突球囊涂层	922285	YXN.069.001.1011	922282	YXN.069.001.1006	1.0	0	2026-07-20 22:54:30	2026-07-20 22:54:30
2470	922192	E2E-OSF-20260721054557	922744	B010	吹球囊成型	922285	YXN.069.001.1011	922282	YXN.069.001.1006	1.0	0	2026-07-20 22:54:30	2026-07-20 22:54:30
2471	922192	E2E-OSF-20260721054557	922746	B030	球囊裁剪	922285	YXN.069.001.1011	922287	YXN.069.001.1014	1.0	0	2026-07-20 22:54:30	2026-07-20 22:54:30
2472	922192	E2E-OSF-20260721054557	922750	B060	外管与球囊焊接	922285	YXN.069.001.1011	922280	YXN.069.001.1003	1.0	0	2026-07-20 22:54:30	2026-07-20 22:54:30
2473	922192	E2E-OSF-20260721054557	922752	B290	焊接圆角	922285	YXN.069.001.1011	922287	YXN.069.001.1014	1.0	0	2026-07-20 22:54:30	2026-07-20 22:54:30
2474	922192	E2E-OSF-20260721054557	922753	B210	焊接远端锥度	922285	YXN.069.001.1011	922280	YXN.069.001.1003	1.0	0	2026-07-20 22:54:30	2026-07-20 22:54:30
2475	922192	E2E-OSF-20260721054557	922754	B070	外管切缝	922285	YXN.069.001.1011	922287	YXN.069.001.1014	1.0	0	2026-07-20 22:54:30	2026-07-20 22:54:30
2476	922192	E2E-OSF-20260721054557	922755	B080	穿显影环	922285	YXN.069.001.1011	922282	YXN.069.001.1006	1.0	0	2026-07-20 22:54:30	2026-07-20 22:54:30
2477	922192	E2E-OSF-20260721054557	922756	B090	压显影环	922285	YXN.069.001.1011	922281	YXN.069.001.1013	1.0	0	2026-07-20 22:54:30	2026-07-20 22:54:30
2478	922192	E2E-OSF-20260721054557	922758	B220	快速交换口焊接	922285	YXN.069.001.1011	922280	YXN.069.001.1003	1.0	0	2026-07-20 22:54:30	2026-07-20 22:54:30
2479	922192	E2E-OSF-20260721054557	922759	B230	RX口检测	922285	YXN.069.001.1011	922283	YXN.069.001.1009	1.0	0	2026-07-20 22:54:30	2026-07-20 22:54:30
2480	922192	E2E-OSF-20260721054557	922760	B240	点胶海波管	922285	YXN.069.001.1011	922282	YXN.069.001.1006	1.0	0	2026-07-20 22:54:30	2026-07-20 22:54:30
2481	922192	E2E-OSF-20260721054557	922761	B250	球囊压握	922285	YXN.069.001.1011	922282	YXN.069.001.1006	1.0	0	2026-07-20 22:54:30	2026-07-20 22:54:30
2482	922192	E2E-OSF-20260721054557	922762	B280	裁剪圆角	922285	YXN.069.001.1011	922281	YXN.069.001.1013	1.0	0	2026-07-20 22:54:30	2026-07-20 22:54:30
2483	922192	E2E-OSF-20260721054557	922763	B310	球囊盘管（机器）	922285	YXN.069.001.1011	922287	YXN.069.001.1014	1.0	0	2026-07-20 22:54:30	2026-07-20 22:54:30
2484	922192	E2E-OSF-20260721054557	922764	B320	球囊测漏及全检	922285	YXN.069.001.1011	922280	YXN.069.001.1003	1.0	0	2026-07-20 22:54:30	2026-07-20 22:54:30
2485	922192	E2E-OSF-20260721054557	922765	PROC-XLSX-00001	外管拉伸2	922285	YXN.069.001.1011	922287	YXN.069.001.1014	1.0	0	2026-07-20 22:54:30	2026-07-20 22:54:30
2486	922192	E2E-OSF-20260721054557	922766	PROC-XLSX-00002	内管拉伸2	922285	YXN.069.001.1011	922280	YXN.069.001.1003	1.0	0	2026-07-20 22:54:30	2026-07-20 22:54:30
2487	922192	E2E-OSF-20260721054557	922774	PROC-XLSX-00010	棘突丝拉伸2	922285	YXN.069.001.1011	922283	YXN.069.001.1009	1.0	0	2026-07-20 22:54:30	2026-07-20 22:54:30
2488	922192	E2E-OSF-20260721054557	922775	PROC-XLSX-00011	棘突丝切割	922285	YXN.069.001.1011	922282	YXN.069.001.1006	1.0	0	2026-07-20 22:54:30	2026-07-20 22:54:30
2489	922192	E2E-OSF-20260721054557	922776	PROC-XLSX-00012	棘突远端焊接	922285	YXN.069.001.1011	922281	YXN.069.001.1013	1.0	0	2026-07-20 22:54:30	2026-07-20 22:54:30
2490	922192	E2E-OSF-20260721054557	922777	PROC-XLSX-00013	棘突远端塑型	922285	YXN.069.001.1011	922287	YXN.069.001.1014	1.0	0	2026-07-20 22:54:30	2026-07-20 22:54:30
2491	922192	E2E-OSF-20260721054557	922778	PROC-XLSX-00014	棘突近端焊接	922285	YXN.069.001.1011	922283	YXN.069.001.1009	1.0	0	2026-07-20 22:54:30	2026-07-20 22:54:30
2492	922192	E2E-OSF-20260721054557	922779	Z2975	棘突TPU 套管粘接	922285	YXN.069.001.1011	922281	YXN.069.001.1013	1.0	0	2026-07-20 22:54:30	2026-07-20 22:54:30
2493	922192	E2E-OSF-20260721054557	922780	Z2774	棘突远端锥度焊接	922285	YXN.069.001.1011	922280	YXN.069.001.1003	1.0	0	2026-07-20 22:54:30	2026-07-20 22:54:30
2494	922192	E2E-OSF-20260721054557	922781	Z2773	棘突近端粘接	922285	YXN.069.001.1011	922283	YXN.069.001.1009	1.0	0	2026-07-20 22:54:30	2026-07-20 22:54:30
2495	922192	E2E-OSF-20260721054557	922782	Z2776	棘突球囊涂层	922285	YXN.069.001.1011	922282	YXN.069.001.1006	1.0	0	2026-07-20 22:54:30	2026-07-20 22:54:30
2496	922193	E2E-OSF-20260721060734	922744	B010	吹球囊成型	922285	YXN.069.001.1011	922282	YXN.069.001.1006	1.0	1	2026-07-20 22:54:30	2026-07-21 14:09:49
2497	922193	E2E-OSF-20260721060734	922746	B030	球囊裁剪	922285	YXN.069.001.1011	922287	YXN.069.001.1014	1.0	1	2026-07-20 22:54:30	2026-07-21 14:09:49
2498	922193	E2E-OSF-20260721060734	922750	B060	外管与球囊焊接	922285	YXN.069.001.1011	922280	YXN.069.001.1003	1.0	1	2026-07-20 22:54:30	2026-07-21 14:09:49
2499	922193	E2E-OSF-20260721060734	922752	B290	焊接圆角	922285	YXN.069.001.1011	922287	YXN.069.001.1014	1.0	1	2026-07-20 22:54:30	2026-07-21 14:09:49
2500	922193	E2E-OSF-20260721060734	922753	B210	焊接远端锥度	922285	YXN.069.001.1011	922280	YXN.069.001.1003	1.0	1	2026-07-20 22:54:30	2026-07-21 14:09:49
2501	922193	E2E-OSF-20260721060734	922754	B070	外管切缝	922285	YXN.069.001.1011	922287	YXN.069.001.1014	1.0	1	2026-07-20 22:54:30	2026-07-21 14:09:49
2502	922193	E2E-OSF-20260721060734	922755	B080	穿显影环	922285	YXN.069.001.1011	922282	YXN.069.001.1006	1.0	1	2026-07-20 22:54:30	2026-07-21 14:09:49
2503	922193	E2E-OSF-20260721060734	922756	B090	压显影环	922285	YXN.069.001.1011	922281	YXN.069.001.1013	1.0	1	2026-07-20 22:54:30	2026-07-21 14:09:49
2504	922193	E2E-OSF-20260721060734	922758	B220	快速交换口焊接	922285	YXN.069.001.1011	922280	YXN.069.001.1003	1.0	1	2026-07-20 22:54:30	2026-07-21 14:09:49
2505	922193	E2E-OSF-20260721060734	922759	B230	RX口检测	922285	YXN.069.001.1011	922283	YXN.069.001.1009	1.0	1	2026-07-20 22:54:30	2026-07-21 14:09:49
2506	922193	E2E-OSF-20260721060734	922760	B240	点胶海波管	922285	YXN.069.001.1011	922282	YXN.069.001.1006	1.0	1	2026-07-20 22:54:30	2026-07-21 14:09:49
2507	922193	E2E-OSF-20260721060734	922761	B250	球囊压握	922285	YXN.069.001.1011	922282	YXN.069.001.1006	1.0	1	2026-07-20 22:54:30	2026-07-21 14:09:49
2508	922193	E2E-OSF-20260721060734	922762	B280	裁剪圆角	922285	YXN.069.001.1011	922281	YXN.069.001.1013	1.0	1	2026-07-20 22:54:30	2026-07-21 14:09:49
2509	922193	E2E-OSF-20260721060734	922763	B310	球囊盘管（机器）	922285	YXN.069.001.1011	922287	YXN.069.001.1014	1.0	1	2026-07-20 22:54:30	2026-07-21 14:09:49
2510	922193	E2E-OSF-20260721060734	922764	B320	球囊测漏及全检	922285	YXN.069.001.1011	922280	YXN.069.001.1003	1.0	1	2026-07-20 22:54:30	2026-07-21 14:09:49
2511	922193	E2E-OSF-20260721060734	922765	PROC-XLSX-00001	外管拉伸2	922285	YXN.069.001.1011	922287	YXN.069.001.1014	1.0	1	2026-07-20 22:54:30	2026-07-21 14:09:49
2512	922193	E2E-OSF-20260721060734	922766	PROC-XLSX-00002	内管拉伸2	922285	YXN.069.001.1011	922280	YXN.069.001.1003	1.0	1	2026-07-20 22:54:30	2026-07-21 14:09:49
2513	922193	E2E-OSF-20260721060734	922774	PROC-XLSX-00010	棘突丝拉伸2	922285	YXN.069.001.1011	922283	YXN.069.001.1009	1.0	1	2026-07-20 22:54:30	2026-07-21 14:09:49
2514	922193	E2E-OSF-20260721060734	922775	PROC-XLSX-00011	棘突丝切割	922285	YXN.069.001.1011	922282	YXN.069.001.1006	1.0	1	2026-07-20 22:54:30	2026-07-21 14:09:49
2515	922193	E2E-OSF-20260721060734	922776	PROC-XLSX-00012	棘突远端焊接	922285	YXN.069.001.1011	922281	YXN.069.001.1013	1.0	1	2026-07-20 22:54:30	2026-07-21 14:09:49
2516	922193	E2E-OSF-20260721060734	922777	PROC-XLSX-00013	棘突远端塑型	922285	YXN.069.001.1011	922287	YXN.069.001.1014	1.0	1	2026-07-20 22:54:30	2026-07-21 14:09:49
2517	922193	E2E-OSF-20260721060734	922778	PROC-XLSX-00014	棘突近端焊接	922285	YXN.069.001.1011	922283	YXN.069.001.1009	1.0	1	2026-07-20 22:54:30	2026-07-21 14:09:49
2518	922193	E2E-OSF-20260721060734	922779	Z2975	棘突TPU 套管粘接	922285	YXN.069.001.1011	922281	YXN.069.001.1013	1.0	1	2026-07-20 22:54:30	2026-07-21 14:09:49
2519	922193	E2E-OSF-20260721060734	922780	Z2774	棘突远端锥度焊接	922285	YXN.069.001.1011	922280	YXN.069.001.1003	1.0	1	2026-07-20 22:54:30	2026-07-21 14:09:49
2520	922193	E2E-OSF-20260721060734	922781	Z2773	棘突近端粘接	922285	YXN.069.001.1011	922283	YXN.069.001.1009	1.0	1	2026-07-20 22:54:30	2026-07-21 14:09:49
2521	922193	E2E-OSF-20260721060734	922782	Z2776	棘突球囊涂层	922285	YXN.069.001.1011	922282	YXN.069.001.1006	1.0	1	2026-07-20 22:54:30	2026-07-21 14:09:49
2522	922193	E2E-OSF-20260721060734	922744	B010	吹球囊成型	922285	YXN.069.001.1011	922282	YXN.069.001.1006	1.0	0	2026-07-21 14:09:50	2026-07-21 14:09:50
2523	922193	E2E-OSF-20260721060734	922746	B030	球囊裁剪	922285	YXN.069.001.1011	922287	YXN.069.001.1014	1.0	0	2026-07-21 14:09:51	2026-07-21 14:09:51
2524	922193	E2E-OSF-20260721060734	922750	B060	外管与球囊焊接	922285	YXN.069.001.1011	922280	YXN.069.001.1003	1.0	0	2026-07-21 14:09:51	2026-07-21 14:09:51
2525	922193	E2E-OSF-20260721060734	922752	B290	焊接圆角	922285	YXN.069.001.1011	922287	YXN.069.001.1014	1.0	0	2026-07-21 14:09:51	2026-07-21 14:09:51
2526	922193	E2E-OSF-20260721060734	922753	B210	焊接远端锥度	922285	YXN.069.001.1011	922280	YXN.069.001.1003	1.0	0	2026-07-21 14:09:51	2026-07-21 14:09:51
2527	922193	E2E-OSF-20260721060734	922754	B070	外管切缝	922285	YXN.069.001.1011	922287	YXN.069.001.1014	1.0	0	2026-07-21 14:09:51	2026-07-21 14:09:51
2528	922193	E2E-OSF-20260721060734	922755	B080	穿显影环	922285	YXN.069.001.1011	922282	YXN.069.001.1006	1.0	0	2026-07-21 14:09:51	2026-07-21 14:09:51
2529	922193	E2E-OSF-20260721060734	922756	B090	压显影环	922285	YXN.069.001.1011	922281	YXN.069.001.1013	1.0	0	2026-07-21 14:09:51	2026-07-21 14:09:51
2530	922193	E2E-OSF-20260721060734	922758	B220	快速交换口焊接	922285	YXN.069.001.1011	922280	YXN.069.001.1003	1.0	0	2026-07-21 14:09:51	2026-07-21 14:09:51
2531	922193	E2E-OSF-20260721060734	922759	B230	RX口检测	922285	YXN.069.001.1011	922283	YXN.069.001.1009	1.0	0	2026-07-21 14:09:51	2026-07-21 14:09:51
2532	922193	E2E-OSF-20260721060734	922760	B240	点胶海波管	922285	YXN.069.001.1011	922282	YXN.069.001.1006	1.0	0	2026-07-21 14:09:51	2026-07-21 14:09:51
2533	922193	E2E-OSF-20260721060734	922761	B250	球囊压握	922285	YXN.069.001.1011	922282	YXN.069.001.1006	1.0	0	2026-07-21 14:09:51	2026-07-21 14:09:51
2534	922193	E2E-OSF-20260721060734	922762	B280	裁剪圆角	922285	YXN.069.001.1011	922281	YXN.069.001.1013	1.0	0	2026-07-21 14:09:51	2026-07-21 14:09:51
2535	922193	E2E-OSF-20260721060734	922763	B310	球囊盘管（机器）	922285	YXN.069.001.1011	922287	YXN.069.001.1014	1.0	0	2026-07-21 14:09:51	2026-07-21 14:09:51
2536	922193	E2E-OSF-20260721060734	922764	B320	球囊测漏及全检	922285	YXN.069.001.1011	922280	YXN.069.001.1003	1.0	0	2026-07-21 14:09:51	2026-07-21 14:09:51
2537	922193	E2E-OSF-20260721060734	922765	PROC-XLSX-00001	外管拉伸2	922285	YXN.069.001.1011	922287	YXN.069.001.1014	1.0	0	2026-07-21 14:09:51	2026-07-21 14:09:51
2538	922193	E2E-OSF-20260721060734	922766	PROC-XLSX-00002	内管拉伸2	922285	YXN.069.001.1011	922280	YXN.069.001.1003	1.0	0	2026-07-21 14:09:51	2026-07-21 14:09:51
2539	922193	E2E-OSF-20260721060734	922774	PROC-XLSX-00010	棘突丝拉伸2	922285	YXN.069.001.1011	922283	YXN.069.001.1009	1.0	0	2026-07-21 14:09:51	2026-07-21 14:09:51
2540	922193	E2E-OSF-20260721060734	922775	PROC-XLSX-00011	棘突丝切割	922285	YXN.069.001.1011	922282	YXN.069.001.1006	1.0	0	2026-07-21 14:09:51	2026-07-21 14:09:51
2541	922193	E2E-OSF-20260721060734	922776	PROC-XLSX-00012	棘突远端焊接	922285	YXN.069.001.1011	922281	YXN.069.001.1013	1.0	0	2026-07-21 14:09:51	2026-07-21 14:09:51
2542	922193	E2E-OSF-20260721060734	922777	PROC-XLSX-00013	棘突远端塑型	922285	YXN.069.001.1011	922287	YXN.069.001.1014	1.0	0	2026-07-21 14:09:51	2026-07-21 14:09:51
2543	922193	E2E-OSF-20260721060734	922778	PROC-XLSX-00014	棘突近端焊接	922285	YXN.069.001.1011	922283	YXN.069.001.1009	1.0	0	2026-07-21 14:09:51	2026-07-21 14:09:51
2544	922193	E2E-OSF-20260721060734	922779	Z2975	棘突TPU 套管粘接	922285	YXN.069.001.1011	922281	YXN.069.001.1013	1.0	0	2026-07-21 14:09:51	2026-07-21 14:09:51
2545	922193	E2E-OSF-20260721060734	922780	Z2774	棘突远端锥度焊接	922285	YXN.069.001.1011	922280	YXN.069.001.1003	1.0	0	2026-07-21 14:09:51	2026-07-21 14:09:51
2546	922193	E2E-OSF-20260721060734	922781	Z2773	棘突近端粘接	922285	YXN.069.001.1011	922283	YXN.069.001.1009	1.0	0	2026-07-21 14:09:51	2026-07-21 14:09:51
2547	922193	E2E-OSF-20260721060734	922782	Z2776	棘突球囊涂层	922285	YXN.069.001.1011	922282	YXN.069.001.1006	1.0	0	2026-07-21 14:09:51	2026-07-21 14:09:51
2548	922194	E2E-OSF-20260721061819	922744	B010	吹球囊成型	922285	YXN.069.001.1011	922282	YXN.069.001.1006	1.0	1	2026-07-20 22:54:30	2026-07-21 14:20:23
2549	922194	E2E-OSF-20260721061819	922746	B030	球囊裁剪	922285	YXN.069.001.1011	922287	YXN.069.001.1014	1.0	1	2026-07-20 22:54:30	2026-07-21 14:20:23
2550	922194	E2E-OSF-20260721061819	922750	B060	外管与球囊焊接	922285	YXN.069.001.1011	922280	YXN.069.001.1003	1.0	1	2026-07-20 22:54:30	2026-07-21 14:20:23
2551	922194	E2E-OSF-20260721061819	922752	B290	焊接圆角	922285	YXN.069.001.1011	922287	YXN.069.001.1014	1.0	1	2026-07-20 22:54:30	2026-07-21 14:20:23
2552	922194	E2E-OSF-20260721061819	922753	B210	焊接远端锥度	922285	YXN.069.001.1011	922280	YXN.069.001.1003	1.0	1	2026-07-20 22:54:30	2026-07-21 14:20:23
2553	922194	E2E-OSF-20260721061819	922754	B070	外管切缝	922285	YXN.069.001.1011	922287	YXN.069.001.1014	1.0	1	2026-07-20 22:54:30	2026-07-21 14:20:23
2554	922194	E2E-OSF-20260721061819	922755	B080	穿显影环	922285	YXN.069.001.1011	922282	YXN.069.001.1006	1.0	1	2026-07-20 22:54:30	2026-07-21 14:20:23
2555	922194	E2E-OSF-20260721061819	922756	B090	压显影环	922285	YXN.069.001.1011	922281	YXN.069.001.1013	1.0	1	2026-07-20 22:54:30	2026-07-21 14:20:23
2556	922194	E2E-OSF-20260721061819	922758	B220	快速交换口焊接	922285	YXN.069.001.1011	922280	YXN.069.001.1003	1.0	1	2026-07-20 22:54:30	2026-07-21 14:20:23
2557	922194	E2E-OSF-20260721061819	922759	B230	RX口检测	922285	YXN.069.001.1011	922283	YXN.069.001.1009	1.0	1	2026-07-20 22:54:30	2026-07-21 14:20:23
2558	922194	E2E-OSF-20260721061819	922760	B240	点胶海波管	922285	YXN.069.001.1011	922282	YXN.069.001.1006	1.0	1	2026-07-20 22:54:30	2026-07-21 14:20:23
2559	922194	E2E-OSF-20260721061819	922761	B250	球囊压握	922285	YXN.069.001.1011	922282	YXN.069.001.1006	1.0	1	2026-07-20 22:54:30	2026-07-21 14:20:23
2560	922194	E2E-OSF-20260721061819	922762	B280	裁剪圆角	922285	YXN.069.001.1011	922281	YXN.069.001.1013	1.0	1	2026-07-20 22:54:30	2026-07-21 14:20:23
2561	922194	E2E-OSF-20260721061819	922763	B310	球囊盘管（机器）	922285	YXN.069.001.1011	922287	YXN.069.001.1014	1.0	1	2026-07-20 22:54:30	2026-07-21 14:20:23
2562	922194	E2E-OSF-20260721061819	922764	B320	球囊测漏及全检	922285	YXN.069.001.1011	922280	YXN.069.001.1003	1.0	1	2026-07-20 22:54:30	2026-07-21 14:20:23
2563	922194	E2E-OSF-20260721061819	922765	PROC-XLSX-00001	外管拉伸2	922285	YXN.069.001.1011	922287	YXN.069.001.1014	1.0	1	2026-07-20 22:54:30	2026-07-21 14:20:23
2564	922194	E2E-OSF-20260721061819	922766	PROC-XLSX-00002	内管拉伸2	922285	YXN.069.001.1011	922280	YXN.069.001.1003	1.0	1	2026-07-20 22:54:30	2026-07-21 14:20:23
2565	922194	E2E-OSF-20260721061819	922774	PROC-XLSX-00010	棘突丝拉伸2	922285	YXN.069.001.1011	922283	YXN.069.001.1009	1.0	1	2026-07-20 22:54:30	2026-07-21 14:20:23
2566	922194	E2E-OSF-20260721061819	922775	PROC-XLSX-00011	棘突丝切割	922285	YXN.069.001.1011	922282	YXN.069.001.1006	1.0	1	2026-07-20 22:54:30	2026-07-21 14:20:23
2567	922194	E2E-OSF-20260721061819	922776	PROC-XLSX-00012	棘突远端焊接	922285	YXN.069.001.1011	922281	YXN.069.001.1013	1.0	1	2026-07-20 22:54:30	2026-07-21 14:20:23
2568	922194	E2E-OSF-20260721061819	922777	PROC-XLSX-00013	棘突远端塑型	922285	YXN.069.001.1011	922287	YXN.069.001.1014	1.0	1	2026-07-20 22:54:30	2026-07-21 14:20:23
2569	922194	E2E-OSF-20260721061819	922778	PROC-XLSX-00014	棘突近端焊接	922285	YXN.069.001.1011	922283	YXN.069.001.1009	1.0	1	2026-07-20 22:54:30	2026-07-21 14:20:23
2570	922194	E2E-OSF-20260721061819	922779	Z2975	棘突TPU 套管粘接	922285	YXN.069.001.1011	922281	YXN.069.001.1013	1.0	1	2026-07-20 22:54:30	2026-07-21 14:20:23
2571	922194	E2E-OSF-20260721061819	922780	Z2774	棘突远端锥度焊接	922285	YXN.069.001.1011	922280	YXN.069.001.1003	1.0	1	2026-07-20 22:54:30	2026-07-21 14:20:23
2572	922194	E2E-OSF-20260721061819	922781	Z2773	棘突近端粘接	922285	YXN.069.001.1011	922283	YXN.069.001.1009	1.0	1	2026-07-20 22:54:30	2026-07-21 14:20:23
2573	922194	E2E-OSF-20260721061819	922782	Z2776	棘突球囊涂层	922285	YXN.069.001.1011	922282	YXN.069.001.1006	1.0	1	2026-07-20 22:54:30	2026-07-21 14:20:23
2574	922194	E2E-OSF-20260721061819	922744	B010	吹球囊成型	922285	YXN.069.001.1011	922282	YXN.069.001.1006	1.0	1	2026-07-21 14:20:23	2026-07-23 19:42:25
2575	922194	E2E-OSF-20260721061819	922746	B030	球囊裁剪	922285	YXN.069.001.1011	922287	YXN.069.001.1014	1.0	1	2026-07-21 14:20:23	2026-07-23 19:42:25
2576	922194	E2E-OSF-20260721061819	922750	B060	外管与球囊焊接	922285	YXN.069.001.1011	922280	YXN.069.001.1003	1.0	1	2026-07-21 14:20:23	2026-07-23 19:42:25
2577	922194	E2E-OSF-20260721061819	922752	B290	焊接圆角	922285	YXN.069.001.1011	922287	YXN.069.001.1014	1.0	1	2026-07-21 14:20:23	2026-07-23 19:42:25
2578	922194	E2E-OSF-20260721061819	922753	B210	焊接远端锥度	922285	YXN.069.001.1011	922280	YXN.069.001.1003	1.0	1	2026-07-21 14:20:23	2026-07-23 19:42:25
2579	922194	E2E-OSF-20260721061819	922754	B070	外管切缝	922285	YXN.069.001.1011	922287	YXN.069.001.1014	1.0	1	2026-07-21 14:20:23	2026-07-23 19:42:25
2580	922194	E2E-OSF-20260721061819	922755	B080	穿显影环	922285	YXN.069.001.1011	922282	YXN.069.001.1006	1.0	1	2026-07-21 14:20:23	2026-07-23 19:42:25
2581	922194	E2E-OSF-20260721061819	922756	B090	压显影环	922285	YXN.069.001.1011	922281	YXN.069.001.1013	1.0	1	2026-07-21 14:20:23	2026-07-23 19:42:25
2582	922194	E2E-OSF-20260721061819	922758	B220	快速交换口焊接	922285	YXN.069.001.1011	922280	YXN.069.001.1003	1.0	1	2026-07-21 14:20:23	2026-07-23 19:42:25
2583	922194	E2E-OSF-20260721061819	922759	B230	RX口检测	922285	YXN.069.001.1011	922283	YXN.069.001.1009	1.0	1	2026-07-21 14:20:23	2026-07-23 19:42:25
2584	922194	E2E-OSF-20260721061819	922760	B240	点胶海波管	922285	YXN.069.001.1011	922282	YXN.069.001.1006	1.0	1	2026-07-21 14:20:23	2026-07-23 19:42:25
2585	922194	E2E-OSF-20260721061819	922761	B250	球囊压握	922285	YXN.069.001.1011	922282	YXN.069.001.1006	1.0	1	2026-07-21 14:20:23	2026-07-23 19:42:25
2586	922194	E2E-OSF-20260721061819	922762	B280	裁剪圆角	922285	YXN.069.001.1011	922281	YXN.069.001.1013	1.0	1	2026-07-21 14:20:23	2026-07-23 19:42:25
2587	922194	E2E-OSF-20260721061819	922763	B310	球囊盘管（机器）	922285	YXN.069.001.1011	922287	YXN.069.001.1014	1.0	1	2026-07-21 14:20:23	2026-07-23 19:42:25
2588	922194	E2E-OSF-20260721061819	922764	B320	球囊测漏及全检	922285	YXN.069.001.1011	922280	YXN.069.001.1003	1.0	1	2026-07-21 14:20:23	2026-07-23 19:42:25
2589	922194	E2E-OSF-20260721061819	922765	PROC-XLSX-00001	外管拉伸2	922285	YXN.069.001.1011	922287	YXN.069.001.1014	1.0	1	2026-07-21 14:20:23	2026-07-23 19:42:25
2590	922194	E2E-OSF-20260721061819	922766	PROC-XLSX-00002	内管拉伸2	922285	YXN.069.001.1011	922280	YXN.069.001.1003	1.0	1	2026-07-21 14:20:23	2026-07-23 19:42:25
2591	922194	E2E-OSF-20260721061819	922774	PROC-XLSX-00010	棘突丝拉伸2	922285	YXN.069.001.1011	922283	YXN.069.001.1009	1.0	1	2026-07-21 14:20:23	2026-07-23 19:42:25
2592	922194	E2E-OSF-20260721061819	922775	PROC-XLSX-00011	棘突丝切割	922285	YXN.069.001.1011	922282	YXN.069.001.1006	1.0	1	2026-07-21 14:20:23	2026-07-23 19:42:25
2593	922194	E2E-OSF-20260721061819	922776	PROC-XLSX-00012	棘突远端焊接	922285	YXN.069.001.1011	922281	YXN.069.001.1013	1.0	1	2026-07-21 14:20:23	2026-07-23 19:42:25
2594	922194	E2E-OSF-20260721061819	922777	PROC-XLSX-00013	棘突远端塑型	922285	YXN.069.001.1011	922287	YXN.069.001.1014	1.0	1	2026-07-21 14:20:23	2026-07-23 19:42:25
2595	922194	E2E-OSF-20260721061819	922778	PROC-XLSX-00014	棘突近端焊接	922285	YXN.069.001.1011	922283	YXN.069.001.1009	1.0	1	2026-07-21 14:20:23	2026-07-23 19:42:25
2596	922194	E2E-OSF-20260721061819	922779	Z2975	棘突TPU 套管粘接	922285	YXN.069.001.1011	922281	YXN.069.001.1013	1.0	1	2026-07-21 14:20:23	2026-07-23 19:42:25
2597	922194	E2E-OSF-20260721061819	922780	Z2774	棘突远端锥度焊接	922285	YXN.069.001.1011	922280	YXN.069.001.1003	1.0	1	2026-07-21 14:20:23	2026-07-23 19:42:25
2598	922194	E2E-OSF-20260721061819	922781	Z2773	棘突近端粘接	922285	YXN.069.001.1011	922283	YXN.069.001.1009	1.0	1	2026-07-21 14:20:23	2026-07-23 19:42:25
2599	922194	E2E-OSF-20260721061819	922782	Z2776	棘突球囊涂层	922285	YXN.069.001.1011	922282	YXN.069.001.1006	1.0	1	2026-07-21 14:20:23	2026-07-23 19:42:25
2600	922195	E2E-OSF-20260721062617	922744	B010	吹球囊成型	922285	YXN.069.001.1011	922282	YXN.069.001.1006	1.0	1	2026-07-20 22:54:30	2026-07-21 14:28:29
2601	922195	E2E-OSF-20260721062617	922746	B030	球囊裁剪	922285	YXN.069.001.1011	922287	YXN.069.001.1014	1.0	1	2026-07-20 22:54:30	2026-07-21 14:28:29
2602	922195	E2E-OSF-20260721062617	922750	B060	外管与球囊焊接	922285	YXN.069.001.1011	922280	YXN.069.001.1003	1.0	1	2026-07-20 22:54:30	2026-07-21 14:28:29
2603	922195	E2E-OSF-20260721062617	922752	B290	焊接圆角	922285	YXN.069.001.1011	922287	YXN.069.001.1014	1.0	1	2026-07-20 22:54:30	2026-07-21 14:28:29
2604	922195	E2E-OSF-20260721062617	922753	B210	焊接远端锥度	922285	YXN.069.001.1011	922280	YXN.069.001.1003	1.0	1	2026-07-20 22:54:30	2026-07-21 14:28:29
2605	922195	E2E-OSF-20260721062617	922754	B070	外管切缝	922285	YXN.069.001.1011	922287	YXN.069.001.1014	1.0	1	2026-07-20 22:54:30	2026-07-21 14:28:29
2606	922195	E2E-OSF-20260721062617	922755	B080	穿显影环	922285	YXN.069.001.1011	922282	YXN.069.001.1006	1.0	1	2026-07-20 22:54:30	2026-07-21 14:28:29
2607	922195	E2E-OSF-20260721062617	922756	B090	压显影环	922285	YXN.069.001.1011	922281	YXN.069.001.1013	1.0	1	2026-07-20 22:54:30	2026-07-21 14:28:29
2608	922195	E2E-OSF-20260721062617	922758	B220	快速交换口焊接	922285	YXN.069.001.1011	922280	YXN.069.001.1003	1.0	1	2026-07-20 22:54:30	2026-07-21 14:28:29
2609	922195	E2E-OSF-20260721062617	922759	B230	RX口检测	922285	YXN.069.001.1011	922283	YXN.069.001.1009	1.0	1	2026-07-20 22:54:30	2026-07-21 14:28:29
2610	922195	E2E-OSF-20260721062617	922760	B240	点胶海波管	922285	YXN.069.001.1011	922282	YXN.069.001.1006	1.0	1	2026-07-20 22:54:30	2026-07-21 14:28:29
2611	922195	E2E-OSF-20260721062617	922761	B250	球囊压握	922285	YXN.069.001.1011	922282	YXN.069.001.1006	1.0	1	2026-07-20 22:54:30	2026-07-21 14:28:29
2612	922195	E2E-OSF-20260721062617	922762	B280	裁剪圆角	922285	YXN.069.001.1011	922281	YXN.069.001.1013	1.0	1	2026-07-20 22:54:30	2026-07-21 14:28:29
2613	922195	E2E-OSF-20260721062617	922763	B310	球囊盘管（机器）	922285	YXN.069.001.1011	922287	YXN.069.001.1014	1.0	1	2026-07-20 22:54:30	2026-07-21 14:28:29
2614	922195	E2E-OSF-20260721062617	922764	B320	球囊测漏及全检	922285	YXN.069.001.1011	922280	YXN.069.001.1003	1.0	1	2026-07-20 22:54:30	2026-07-21 14:28:29
2615	922195	E2E-OSF-20260721062617	922765	PROC-XLSX-00001	外管拉伸2	922285	YXN.069.001.1011	922287	YXN.069.001.1014	1.0	1	2026-07-20 22:54:30	2026-07-21 14:28:29
2616	922195	E2E-OSF-20260721062617	922766	PROC-XLSX-00002	内管拉伸2	922285	YXN.069.001.1011	922280	YXN.069.001.1003	1.0	1	2026-07-20 22:54:30	2026-07-21 14:28:29
2617	922195	E2E-OSF-20260721062617	922774	PROC-XLSX-00010	棘突丝拉伸2	922285	YXN.069.001.1011	922283	YXN.069.001.1009	1.0	1	2026-07-20 22:54:30	2026-07-21 14:28:29
2618	922195	E2E-OSF-20260721062617	922775	PROC-XLSX-00011	棘突丝切割	922285	YXN.069.001.1011	922282	YXN.069.001.1006	1.0	1	2026-07-20 22:54:30	2026-07-21 14:28:29
2619	922195	E2E-OSF-20260721062617	922776	PROC-XLSX-00012	棘突远端焊接	922285	YXN.069.001.1011	922281	YXN.069.001.1013	1.0	1	2026-07-20 22:54:30	2026-07-21 14:28:29
2620	922195	E2E-OSF-20260721062617	922777	PROC-XLSX-00013	棘突远端塑型	922285	YXN.069.001.1011	922287	YXN.069.001.1014	1.0	1	2026-07-20 22:54:30	2026-07-21 14:28:29
2621	922195	E2E-OSF-20260721062617	922778	PROC-XLSX-00014	棘突近端焊接	922285	YXN.069.001.1011	922283	YXN.069.001.1009	1.0	1	2026-07-20 22:54:30	2026-07-21 14:28:29
2622	922195	E2E-OSF-20260721062617	922779	Z2975	棘突TPU 套管粘接	922285	YXN.069.001.1011	922281	YXN.069.001.1013	1.0	1	2026-07-20 22:54:30	2026-07-21 14:28:29
2623	922195	E2E-OSF-20260721062617	922780	Z2774	棘突远端锥度焊接	922285	YXN.069.001.1011	922280	YXN.069.001.1003	1.0	1	2026-07-20 22:54:30	2026-07-21 14:28:29
2624	922195	E2E-OSF-20260721062617	922781	Z2773	棘突近端粘接	922285	YXN.069.001.1011	922283	YXN.069.001.1009	1.0	1	2026-07-20 22:54:30	2026-07-21 14:28:29
2625	922195	E2E-OSF-20260721062617	922782	Z2776	棘突球囊涂层	922285	YXN.069.001.1011	922282	YXN.069.001.1006	1.0	1	2026-07-20 22:54:30	2026-07-21 14:28:29
2626	922195	E2E-OSF-20260721062617	922744	B010	吹球囊成型	922285	YXN.069.001.1011	922282	YXN.069.001.1006	1.0	0	2026-07-21 14:28:31	2026-07-21 14:28:31
2627	922195	E2E-OSF-20260721062617	922746	B030	球囊裁剪	922285	YXN.069.001.1011	922287	YXN.069.001.1014	1.0	0	2026-07-21 14:28:31	2026-07-21 14:28:31
2628	922195	E2E-OSF-20260721062617	922750	B060	外管与球囊焊接	922285	YXN.069.001.1011	922280	YXN.069.001.1003	1.0	0	2026-07-21 14:28:31	2026-07-21 14:28:31
2629	922195	E2E-OSF-20260721062617	922752	B290	焊接圆角	922285	YXN.069.001.1011	922287	YXN.069.001.1014	1.0	0	2026-07-21 14:28:31	2026-07-21 14:28:31
2630	922195	E2E-OSF-20260721062617	922753	B210	焊接远端锥度	922285	YXN.069.001.1011	922280	YXN.069.001.1003	1.0	0	2026-07-21 14:28:31	2026-07-21 14:28:31
2631	922195	E2E-OSF-20260721062617	922754	B070	外管切缝	922285	YXN.069.001.1011	922287	YXN.069.001.1014	1.0	0	2026-07-21 14:28:31	2026-07-21 14:28:31
2632	922195	E2E-OSF-20260721062617	922755	B080	穿显影环	922285	YXN.069.001.1011	922282	YXN.069.001.1006	1.0	0	2026-07-21 14:28:31	2026-07-21 14:28:31
2633	922195	E2E-OSF-20260721062617	922756	B090	压显影环	922285	YXN.069.001.1011	922281	YXN.069.001.1013	1.0	0	2026-07-21 14:28:31	2026-07-21 14:28:31
2634	922195	E2E-OSF-20260721062617	922758	B220	快速交换口焊接	922285	YXN.069.001.1011	922280	YXN.069.001.1003	1.0	0	2026-07-21 14:28:31	2026-07-21 14:28:31
2635	922195	E2E-OSF-20260721062617	922759	B230	RX口检测	922285	YXN.069.001.1011	922283	YXN.069.001.1009	1.0	0	2026-07-21 14:28:31	2026-07-21 14:28:31
2636	922195	E2E-OSF-20260721062617	922760	B240	点胶海波管	922285	YXN.069.001.1011	922282	YXN.069.001.1006	1.0	0	2026-07-21 14:28:31	2026-07-21 14:28:31
2637	922195	E2E-OSF-20260721062617	922761	B250	球囊压握	922285	YXN.069.001.1011	922282	YXN.069.001.1006	1.0	0	2026-07-21 14:28:31	2026-07-21 14:28:31
2638	922195	E2E-OSF-20260721062617	922762	B280	裁剪圆角	922285	YXN.069.001.1011	922281	YXN.069.001.1013	1.0	0	2026-07-21 14:28:31	2026-07-21 14:28:31
2639	922195	E2E-OSF-20260721062617	922763	B310	球囊盘管（机器）	922285	YXN.069.001.1011	922287	YXN.069.001.1014	1.0	0	2026-07-21 14:28:31	2026-07-21 14:28:31
2640	922195	E2E-OSF-20260721062617	922764	B320	球囊测漏及全检	922285	YXN.069.001.1011	922280	YXN.069.001.1003	1.0	0	2026-07-21 14:28:31	2026-07-21 14:28:31
2641	922195	E2E-OSF-20260721062617	922765	PROC-XLSX-00001	外管拉伸2	922285	YXN.069.001.1011	922287	YXN.069.001.1014	1.0	0	2026-07-21 14:28:31	2026-07-21 14:28:31
2642	922195	E2E-OSF-20260721062617	922766	PROC-XLSX-00002	内管拉伸2	922285	YXN.069.001.1011	922280	YXN.069.001.1003	1.0	0	2026-07-21 14:28:31	2026-07-21 14:28:31
2643	922195	E2E-OSF-20260721062617	922774	PROC-XLSX-00010	棘突丝拉伸2	922285	YXN.069.001.1011	922283	YXN.069.001.1009	1.0	0	2026-07-21 14:28:31	2026-07-21 14:28:31
2644	922195	E2E-OSF-20260721062617	922775	PROC-XLSX-00011	棘突丝切割	922285	YXN.069.001.1011	922282	YXN.069.001.1006	1.0	0	2026-07-21 14:28:31	2026-07-21 14:28:31
2645	922195	E2E-OSF-20260721062617	922776	PROC-XLSX-00012	棘突远端焊接	922285	YXN.069.001.1011	922281	YXN.069.001.1013	1.0	0	2026-07-21 14:28:31	2026-07-21 14:28:31
2646	922195	E2E-OSF-20260721062617	922777	PROC-XLSX-00013	棘突远端塑型	922285	YXN.069.001.1011	922287	YXN.069.001.1014	1.0	0	2026-07-21 14:28:31	2026-07-21 14:28:31
2647	922195	E2E-OSF-20260721062617	922778	PROC-XLSX-00014	棘突近端焊接	922285	YXN.069.001.1011	922283	YXN.069.001.1009	1.0	0	2026-07-21 14:28:31	2026-07-21 14:28:31
2648	922195	E2E-OSF-20260721062617	922779	Z2975	棘突TPU 套管粘接	922285	YXN.069.001.1011	922281	YXN.069.001.1013	1.0	0	2026-07-21 14:28:31	2026-07-21 14:28:31
2649	922195	E2E-OSF-20260721062617	922780	Z2774	棘突远端锥度焊接	922285	YXN.069.001.1011	922280	YXN.069.001.1003	1.0	0	2026-07-21 14:28:31	2026-07-21 14:28:31
2650	922195	E2E-OSF-20260721062617	922781	Z2773	棘突近端粘接	922285	YXN.069.001.1011	922283	YXN.069.001.1009	1.0	0	2026-07-21 14:28:31	2026-07-21 14:28:31
2651	922195	E2E-OSF-20260721062617	922782	Z2776	棘突球囊涂层	922285	YXN.069.001.1011	922282	YXN.069.001.1006	1.0	0	2026-07-21 14:28:31	2026-07-21 14:28:31
2652	922196	E2E-OSF-20260721064304	922744	B010	吹球囊成型	922285	YXN.069.001.1011	922282	YXN.069.001.1006	1.0	1	2026-07-20 22:54:30	2026-07-21 14:45:06
2653	922196	E2E-OSF-20260721064304	922746	B030	球囊裁剪	922285	YXN.069.001.1011	922287	YXN.069.001.1014	1.0	1	2026-07-20 22:54:30	2026-07-21 14:45:06
2654	922196	E2E-OSF-20260721064304	922750	B060	外管与球囊焊接	922285	YXN.069.001.1011	922280	YXN.069.001.1003	1.0	1	2026-07-20 22:54:30	2026-07-21 14:45:06
2655	922196	E2E-OSF-20260721064304	922752	B290	焊接圆角	922285	YXN.069.001.1011	922287	YXN.069.001.1014	1.0	1	2026-07-20 22:54:30	2026-07-21 14:45:06
2656	922196	E2E-OSF-20260721064304	922753	B210	焊接远端锥度	922285	YXN.069.001.1011	922280	YXN.069.001.1003	1.0	1	2026-07-20 22:54:30	2026-07-21 14:45:06
2657	922196	E2E-OSF-20260721064304	922754	B070	外管切缝	922285	YXN.069.001.1011	922287	YXN.069.001.1014	1.0	1	2026-07-20 22:54:30	2026-07-21 14:45:06
2658	922196	E2E-OSF-20260721064304	922755	B080	穿显影环	922285	YXN.069.001.1011	922282	YXN.069.001.1006	1.0	1	2026-07-20 22:54:30	2026-07-21 14:45:06
2659	922196	E2E-OSF-20260721064304	922756	B090	压显影环	922285	YXN.069.001.1011	922281	YXN.069.001.1013	1.0	1	2026-07-20 22:54:30	2026-07-21 14:45:06
2660	922196	E2E-OSF-20260721064304	922758	B220	快速交换口焊接	922285	YXN.069.001.1011	922280	YXN.069.001.1003	1.0	1	2026-07-20 22:54:30	2026-07-21 14:45:06
2661	922196	E2E-OSF-20260721064304	922759	B230	RX口检测	922285	YXN.069.001.1011	922283	YXN.069.001.1009	1.0	1	2026-07-20 22:54:30	2026-07-21 14:45:06
2662	922196	E2E-OSF-20260721064304	922760	B240	点胶海波管	922285	YXN.069.001.1011	922282	YXN.069.001.1006	1.0	1	2026-07-20 22:54:30	2026-07-21 14:45:06
2663	922196	E2E-OSF-20260721064304	922761	B250	球囊压握	922285	YXN.069.001.1011	922282	YXN.069.001.1006	1.0	1	2026-07-20 22:54:30	2026-07-21 14:45:06
2664	922196	E2E-OSF-20260721064304	922762	B280	裁剪圆角	922285	YXN.069.001.1011	922281	YXN.069.001.1013	1.0	1	2026-07-20 22:54:30	2026-07-21 14:45:06
2665	922196	E2E-OSF-20260721064304	922763	B310	球囊盘管（机器）	922285	YXN.069.001.1011	922287	YXN.069.001.1014	1.0	1	2026-07-20 22:54:30	2026-07-21 14:45:06
2666	922196	E2E-OSF-20260721064304	922764	B320	球囊测漏及全检	922285	YXN.069.001.1011	922280	YXN.069.001.1003	1.0	1	2026-07-20 22:54:30	2026-07-21 14:45:06
2667	922196	E2E-OSF-20260721064304	922765	PROC-XLSX-00001	外管拉伸2	922285	YXN.069.001.1011	922287	YXN.069.001.1014	1.0	1	2026-07-20 22:54:30	2026-07-21 14:45:06
2668	922196	E2E-OSF-20260721064304	922766	PROC-XLSX-00002	内管拉伸2	922285	YXN.069.001.1011	922280	YXN.069.001.1003	1.0	1	2026-07-20 22:54:30	2026-07-21 14:45:06
2669	922196	E2E-OSF-20260721064304	922774	PROC-XLSX-00010	棘突丝拉伸2	922285	YXN.069.001.1011	922283	YXN.069.001.1009	1.0	1	2026-07-20 22:54:30	2026-07-21 14:45:06
2670	922196	E2E-OSF-20260721064304	922775	PROC-XLSX-00011	棘突丝切割	922285	YXN.069.001.1011	922282	YXN.069.001.1006	1.0	1	2026-07-20 22:54:30	2026-07-21 14:45:06
2671	922196	E2E-OSF-20260721064304	922776	PROC-XLSX-00012	棘突远端焊接	922285	YXN.069.001.1011	922281	YXN.069.001.1013	1.0	1	2026-07-20 22:54:30	2026-07-21 14:45:06
2672	922196	E2E-OSF-20260721064304	922777	PROC-XLSX-00013	棘突远端塑型	922285	YXN.069.001.1011	922287	YXN.069.001.1014	1.0	1	2026-07-20 22:54:30	2026-07-21 14:45:06
2673	922196	E2E-OSF-20260721064304	922778	PROC-XLSX-00014	棘突近端焊接	922285	YXN.069.001.1011	922283	YXN.069.001.1009	1.0	1	2026-07-20 22:54:30	2026-07-21 14:45:06
2674	922196	E2E-OSF-20260721064304	922779	Z2975	棘突TPU 套管粘接	922285	YXN.069.001.1011	922281	YXN.069.001.1013	1.0	1	2026-07-20 22:54:30	2026-07-21 14:45:06
2675	922196	E2E-OSF-20260721064304	922780	Z2774	棘突远端锥度焊接	922285	YXN.069.001.1011	922280	YXN.069.001.1003	1.0	1	2026-07-20 22:54:30	2026-07-21 14:45:06
2676	922196	E2E-OSF-20260721064304	922781	Z2773	棘突近端粘接	922285	YXN.069.001.1011	922283	YXN.069.001.1009	1.0	1	2026-07-20 22:54:30	2026-07-21 14:45:06
2677	922196	E2E-OSF-20260721064304	922782	Z2776	棘突球囊涂层	922285	YXN.069.001.1011	922282	YXN.069.001.1006	1.0	1	2026-07-20 22:54:30	2026-07-21 14:45:06
2678	922196	E2E-OSF-20260721064304	922744	B010	吹球囊成型	922285	YXN.069.001.1011	922282	YXN.069.001.1006	1.0	0	2026-07-21 14:45:08	2026-07-21 14:45:08
2679	922196	E2E-OSF-20260721064304	922746	B030	球囊裁剪	922285	YXN.069.001.1011	922287	YXN.069.001.1014	1.0	0	2026-07-21 14:45:08	2026-07-21 14:45:08
2680	922196	E2E-OSF-20260721064304	922750	B060	外管与球囊焊接	922285	YXN.069.001.1011	922280	YXN.069.001.1003	1.0	0	2026-07-21 14:45:08	2026-07-21 14:45:08
2681	922196	E2E-OSF-20260721064304	922752	B290	焊接圆角	922285	YXN.069.001.1011	922287	YXN.069.001.1014	1.0	0	2026-07-21 14:45:08	2026-07-21 14:45:08
2682	922196	E2E-OSF-20260721064304	922753	B210	焊接远端锥度	922285	YXN.069.001.1011	922280	YXN.069.001.1003	1.0	0	2026-07-21 14:45:08	2026-07-21 14:45:08
2683	922196	E2E-OSF-20260721064304	922754	B070	外管切缝	922285	YXN.069.001.1011	922287	YXN.069.001.1014	1.0	0	2026-07-21 14:45:08	2026-07-21 14:45:08
2684	922196	E2E-OSF-20260721064304	922755	B080	穿显影环	922285	YXN.069.001.1011	922282	YXN.069.001.1006	1.0	0	2026-07-21 14:45:08	2026-07-21 14:45:08
2685	922196	E2E-OSF-20260721064304	922756	B090	压显影环	922285	YXN.069.001.1011	922281	YXN.069.001.1013	1.0	0	2026-07-21 14:45:08	2026-07-21 14:45:08
2686	922196	E2E-OSF-20260721064304	922758	B220	快速交换口焊接	922285	YXN.069.001.1011	922280	YXN.069.001.1003	1.0	0	2026-07-21 14:45:08	2026-07-21 14:45:08
2687	922196	E2E-OSF-20260721064304	922759	B230	RX口检测	922285	YXN.069.001.1011	922283	YXN.069.001.1009	1.0	0	2026-07-21 14:45:08	2026-07-21 14:45:08
2688	922196	E2E-OSF-20260721064304	922760	B240	点胶海波管	922285	YXN.069.001.1011	922282	YXN.069.001.1006	1.0	0	2026-07-21 14:45:08	2026-07-21 14:45:08
2689	922196	E2E-OSF-20260721064304	922761	B250	球囊压握	922285	YXN.069.001.1011	922282	YXN.069.001.1006	1.0	0	2026-07-21 14:45:08	2026-07-21 14:45:08
2690	922196	E2E-OSF-20260721064304	922762	B280	裁剪圆角	922285	YXN.069.001.1011	922281	YXN.069.001.1013	1.0	0	2026-07-21 14:45:08	2026-07-21 14:45:08
2691	922196	E2E-OSF-20260721064304	922763	B310	球囊盘管（机器）	922285	YXN.069.001.1011	922287	YXN.069.001.1014	1.0	0	2026-07-21 14:45:08	2026-07-21 14:45:08
2692	922196	E2E-OSF-20260721064304	922764	B320	球囊测漏及全检	922285	YXN.069.001.1011	922280	YXN.069.001.1003	1.0	0	2026-07-21 14:45:08	2026-07-21 14:45:08
2693	922196	E2E-OSF-20260721064304	922765	PROC-XLSX-00001	外管拉伸2	922285	YXN.069.001.1011	922287	YXN.069.001.1014	1.0	0	2026-07-21 14:45:08	2026-07-21 14:45:08
2694	922196	E2E-OSF-20260721064304	922766	PROC-XLSX-00002	内管拉伸2	922285	YXN.069.001.1011	922280	YXN.069.001.1003	1.0	0	2026-07-21 14:45:08	2026-07-21 14:45:08
2695	922196	E2E-OSF-20260721064304	922774	PROC-XLSX-00010	棘突丝拉伸2	922285	YXN.069.001.1011	922283	YXN.069.001.1009	1.0	0	2026-07-21 14:45:08	2026-07-21 14:45:08
2696	922196	E2E-OSF-20260721064304	922775	PROC-XLSX-00011	棘突丝切割	922285	YXN.069.001.1011	922282	YXN.069.001.1006	1.0	0	2026-07-21 14:45:08	2026-07-21 14:45:08
2697	922196	E2E-OSF-20260721064304	922776	PROC-XLSX-00012	棘突远端焊接	922285	YXN.069.001.1011	922281	YXN.069.001.1013	1.0	0	2026-07-21 14:45:08	2026-07-21 14:45:08
2698	922196	E2E-OSF-20260721064304	922777	PROC-XLSX-00013	棘突远端塑型	922285	YXN.069.001.1011	922287	YXN.069.001.1014	1.0	0	2026-07-21 14:45:08	2026-07-21 14:45:08
2699	922196	E2E-OSF-20260721064304	922778	PROC-XLSX-00014	棘突近端焊接	922285	YXN.069.001.1011	922283	YXN.069.001.1009	1.0	0	2026-07-21 14:45:08	2026-07-21 14:45:08
2700	922196	E2E-OSF-20260721064304	922779	Z2975	棘突TPU 套管粘接	922285	YXN.069.001.1011	922281	YXN.069.001.1013	1.0	0	2026-07-21 14:45:08	2026-07-21 14:45:08
2701	922196	E2E-OSF-20260721064304	922780	Z2774	棘突远端锥度焊接	922285	YXN.069.001.1011	922280	YXN.069.001.1003	1.0	0	2026-07-21 14:45:08	2026-07-21 14:45:08
2702	922196	E2E-OSF-20260721064304	922781	Z2773	棘突近端粘接	922285	YXN.069.001.1011	922283	YXN.069.001.1009	1.0	0	2026-07-21 14:45:08	2026-07-21 14:45:08
2703	922196	E2E-OSF-20260721064304	922782	Z2776	棘突球囊涂层	922285	YXN.069.001.1011	922282	YXN.069.001.1006	1.0	0	2026-07-21 14:45:08	2026-07-21 14:45:08
2704	922197	E2E-OSF-20260721064746	922744	B010	吹球囊成型	922285	YXN.069.001.1011	922282	YXN.069.001.1006	1.0	1	2026-07-20 22:54:30	2026-07-21 14:49:56
2705	922197	E2E-OSF-20260721064746	922746	B030	球囊裁剪	922285	YXN.069.001.1011	922287	YXN.069.001.1014	1.0	1	2026-07-20 22:54:30	2026-07-21 14:49:56
2706	922197	E2E-OSF-20260721064746	922750	B060	外管与球囊焊接	922285	YXN.069.001.1011	922280	YXN.069.001.1003	1.0	1	2026-07-20 22:54:30	2026-07-21 14:49:56
2707	922197	E2E-OSF-20260721064746	922752	B290	焊接圆角	922285	YXN.069.001.1011	922287	YXN.069.001.1014	1.0	1	2026-07-20 22:54:30	2026-07-21 14:49:56
2708	922197	E2E-OSF-20260721064746	922753	B210	焊接远端锥度	922285	YXN.069.001.1011	922280	YXN.069.001.1003	1.0	1	2026-07-20 22:54:30	2026-07-21 14:49:56
2709	922197	E2E-OSF-20260721064746	922754	B070	外管切缝	922285	YXN.069.001.1011	922287	YXN.069.001.1014	1.0	1	2026-07-20 22:54:30	2026-07-21 14:49:56
2710	922197	E2E-OSF-20260721064746	922755	B080	穿显影环	922285	YXN.069.001.1011	922282	YXN.069.001.1006	1.0	1	2026-07-20 22:54:30	2026-07-21 14:49:56
2711	922197	E2E-OSF-20260721064746	922756	B090	压显影环	922285	YXN.069.001.1011	922281	YXN.069.001.1013	1.0	1	2026-07-20 22:54:30	2026-07-21 14:49:56
2712	922197	E2E-OSF-20260721064746	922758	B220	快速交换口焊接	922285	YXN.069.001.1011	922280	YXN.069.001.1003	1.0	1	2026-07-20 22:54:30	2026-07-21 14:49:56
2713	922197	E2E-OSF-20260721064746	922759	B230	RX口检测	922285	YXN.069.001.1011	922283	YXN.069.001.1009	1.0	1	2026-07-20 22:54:30	2026-07-21 14:49:56
2714	922197	E2E-OSF-20260721064746	922760	B240	点胶海波管	922285	YXN.069.001.1011	922282	YXN.069.001.1006	1.0	1	2026-07-20 22:54:30	2026-07-21 14:49:56
2715	922197	E2E-OSF-20260721064746	922761	B250	球囊压握	922285	YXN.069.001.1011	922282	YXN.069.001.1006	1.0	1	2026-07-20 22:54:30	2026-07-21 14:49:56
2716	922197	E2E-OSF-20260721064746	922762	B280	裁剪圆角	922285	YXN.069.001.1011	922281	YXN.069.001.1013	1.0	1	2026-07-20 22:54:30	2026-07-21 14:49:56
2717	922197	E2E-OSF-20260721064746	922763	B310	球囊盘管（机器）	922285	YXN.069.001.1011	922287	YXN.069.001.1014	1.0	1	2026-07-20 22:54:30	2026-07-21 14:49:56
2718	922197	E2E-OSF-20260721064746	922764	B320	球囊测漏及全检	922285	YXN.069.001.1011	922280	YXN.069.001.1003	1.0	1	2026-07-20 22:54:30	2026-07-21 14:49:56
2719	922197	E2E-OSF-20260721064746	922765	PROC-XLSX-00001	外管拉伸2	922285	YXN.069.001.1011	922287	YXN.069.001.1014	1.0	1	2026-07-20 22:54:30	2026-07-21 14:49:56
2720	922197	E2E-OSF-20260721064746	922766	PROC-XLSX-00002	内管拉伸2	922285	YXN.069.001.1011	922280	YXN.069.001.1003	1.0	1	2026-07-20 22:54:30	2026-07-21 14:49:56
2721	922197	E2E-OSF-20260721064746	922774	PROC-XLSX-00010	棘突丝拉伸2	922285	YXN.069.001.1011	922283	YXN.069.001.1009	1.0	1	2026-07-20 22:54:30	2026-07-21 14:49:56
2722	922197	E2E-OSF-20260721064746	922775	PROC-XLSX-00011	棘突丝切割	922285	YXN.069.001.1011	922282	YXN.069.001.1006	1.0	1	2026-07-20 22:54:30	2026-07-21 14:49:56
2723	922197	E2E-OSF-20260721064746	922776	PROC-XLSX-00012	棘突远端焊接	922285	YXN.069.001.1011	922281	YXN.069.001.1013	1.0	1	2026-07-20 22:54:30	2026-07-21 14:49:56
2724	922197	E2E-OSF-20260721064746	922777	PROC-XLSX-00013	棘突远端塑型	922285	YXN.069.001.1011	922287	YXN.069.001.1014	1.0	1	2026-07-20 22:54:30	2026-07-21 14:49:56
2725	922197	E2E-OSF-20260721064746	922778	PROC-XLSX-00014	棘突近端焊接	922285	YXN.069.001.1011	922283	YXN.069.001.1009	1.0	1	2026-07-20 22:54:30	2026-07-21 14:49:56
2726	922197	E2E-OSF-20260721064746	922779	Z2975	棘突TPU 套管粘接	922285	YXN.069.001.1011	922281	YXN.069.001.1013	1.0	1	2026-07-20 22:54:30	2026-07-21 14:49:56
2727	922197	E2E-OSF-20260721064746	922780	Z2774	棘突远端锥度焊接	922285	YXN.069.001.1011	922280	YXN.069.001.1003	1.0	1	2026-07-20 22:54:30	2026-07-21 14:49:56
2728	922197	E2E-OSF-20260721064746	922781	Z2773	棘突近端粘接	922285	YXN.069.001.1011	922283	YXN.069.001.1009	1.0	1	2026-07-20 22:54:30	2026-07-21 14:49:56
2729	922197	E2E-OSF-20260721064746	922782	Z2776	棘突球囊涂层	922285	YXN.069.001.1011	922282	YXN.069.001.1006	1.0	1	2026-07-20 22:54:30	2026-07-21 14:49:56
2730	922197	E2E-OSF-20260721064746	922744	B010	吹球囊成型	922285	YXN.069.001.1011	922282	YXN.069.001.1006	1.0	1	2026-07-21 14:49:57	2026-07-23 19:16:24
2731	922197	E2E-OSF-20260721064746	922746	B030	球囊裁剪	922285	YXN.069.001.1011	922287	YXN.069.001.1014	1.0	1	2026-07-21 14:49:57	2026-07-23 19:16:24
2732	922197	E2E-OSF-20260721064746	922750	B060	外管与球囊焊接	922285	YXN.069.001.1011	922280	YXN.069.001.1003	1.0	1	2026-07-21 14:49:57	2026-07-23 19:16:24
2733	922197	E2E-OSF-20260721064746	922752	B290	焊接圆角	922285	YXN.069.001.1011	922287	YXN.069.001.1014	1.0	1	2026-07-21 14:49:57	2026-07-23 19:16:24
2734	922197	E2E-OSF-20260721064746	922753	B210	焊接远端锥度	922285	YXN.069.001.1011	922280	YXN.069.001.1003	1.0	1	2026-07-21 14:49:57	2026-07-23 19:16:24
2735	922197	E2E-OSF-20260721064746	922754	B070	外管切缝	922285	YXN.069.001.1011	922287	YXN.069.001.1014	1.0	1	2026-07-21 14:49:57	2026-07-23 19:16:24
2736	922197	E2E-OSF-20260721064746	922755	B080	穿显影环	922285	YXN.069.001.1011	922282	YXN.069.001.1006	1.0	1	2026-07-21 14:49:57	2026-07-23 19:16:24
2737	922197	E2E-OSF-20260721064746	922756	B090	压显影环	922285	YXN.069.001.1011	922281	YXN.069.001.1013	1.0	1	2026-07-21 14:49:57	2026-07-23 19:16:24
2738	922197	E2E-OSF-20260721064746	922758	B220	快速交换口焊接	922285	YXN.069.001.1011	922280	YXN.069.001.1003	1.0	1	2026-07-21 14:49:57	2026-07-23 19:16:24
2739	922197	E2E-OSF-20260721064746	922759	B230	RX口检测	922285	YXN.069.001.1011	922283	YXN.069.001.1009	1.0	1	2026-07-21 14:49:57	2026-07-23 19:16:24
2740	922197	E2E-OSF-20260721064746	922760	B240	点胶海波管	922285	YXN.069.001.1011	922282	YXN.069.001.1006	1.0	1	2026-07-21 14:49:57	2026-07-23 19:16:24
2741	922197	E2E-OSF-20260721064746	922761	B250	球囊压握	922285	YXN.069.001.1011	922282	YXN.069.001.1006	1.0	1	2026-07-21 14:49:57	2026-07-23 19:16:24
2742	922197	E2E-OSF-20260721064746	922762	B280	裁剪圆角	922285	YXN.069.001.1011	922281	YXN.069.001.1013	1.0	1	2026-07-21 14:49:57	2026-07-23 19:16:24
2743	922197	E2E-OSF-20260721064746	922763	B310	球囊盘管（机器）	922285	YXN.069.001.1011	922287	YXN.069.001.1014	1.0	1	2026-07-21 14:49:57	2026-07-23 19:16:24
2744	922197	E2E-OSF-20260721064746	922764	B320	球囊测漏及全检	922285	YXN.069.001.1011	922280	YXN.069.001.1003	1.0	1	2026-07-21 14:49:57	2026-07-23 19:16:24
2745	922197	E2E-OSF-20260721064746	922765	PROC-XLSX-00001	外管拉伸2	922285	YXN.069.001.1011	922287	YXN.069.001.1014	1.0	1	2026-07-21 14:49:57	2026-07-23 19:16:24
2746	922197	E2E-OSF-20260721064746	922766	PROC-XLSX-00002	内管拉伸2	922285	YXN.069.001.1011	922280	YXN.069.001.1003	1.0	1	2026-07-21 14:49:57	2026-07-23 19:16:24
2747	922197	E2E-OSF-20260721064746	922774	PROC-XLSX-00010	棘突丝拉伸2	922285	YXN.069.001.1011	922283	YXN.069.001.1009	1.0	1	2026-07-21 14:49:57	2026-07-23 19:16:24
2748	922197	E2E-OSF-20260721064746	922775	PROC-XLSX-00011	棘突丝切割	922285	YXN.069.001.1011	922282	YXN.069.001.1006	1.0	1	2026-07-21 14:49:57	2026-07-23 19:16:24
2749	922197	E2E-OSF-20260721064746	922776	PROC-XLSX-00012	棘突远端焊接	922285	YXN.069.001.1011	922281	YXN.069.001.1013	1.0	1	2026-07-21 14:49:57	2026-07-23 19:16:24
2750	922197	E2E-OSF-20260721064746	922777	PROC-XLSX-00013	棘突远端塑型	922285	YXN.069.001.1011	922287	YXN.069.001.1014	1.0	1	2026-07-21 14:49:57	2026-07-23 19:16:24
2751	922197	E2E-OSF-20260721064746	922778	PROC-XLSX-00014	棘突近端焊接	922285	YXN.069.001.1011	922283	YXN.069.001.1009	1.0	1	2026-07-21 14:49:57	2026-07-23 19:16:24
2752	922197	E2E-OSF-20260721064746	922779	Z2975	棘突TPU 套管粘接	922285	YXN.069.001.1011	922281	YXN.069.001.1013	1.0	1	2026-07-21 14:49:57	2026-07-23 19:16:24
2753	922197	E2E-OSF-20260721064746	922780	Z2774	棘突远端锥度焊接	922285	YXN.069.001.1011	922280	YXN.069.001.1003	1.0	1	2026-07-21 14:49:57	2026-07-23 19:16:24
2754	922197	E2E-OSF-20260721064746	922781	Z2773	棘突近端粘接	922285	YXN.069.001.1011	922283	YXN.069.001.1009	1.0	1	2026-07-21 14:49:57	2026-07-23 19:16:24
2755	922197	E2E-OSF-20260721064746	922782	Z2776	棘突球囊涂层	922285	YXN.069.001.1011	922282	YXN.069.001.1006	1.0	1	2026-07-21 14:49:57	2026-07-23 19:16:24
2782	922198	E2E-RV1-20260721143854	922744	B010	吹球囊成型	922285	YXN.069.001.1011	922282	YXN.069.001.1006	1.0	1	2026-05-15 19:20:57	2026-07-21 22:39:09
2783	922198	E2E-RV1-20260721143854	922746	B030	球囊裁剪	922285	YXN.069.001.1011	922287	YXN.069.001.1014	1.0	1	2026-05-15 19:20:57	2026-07-21 22:39:09
2784	922198	E2E-RV1-20260721143854	922750	B060	外管与球囊焊接	922285	YXN.069.001.1011	922280	YXN.069.001.1003	1.0	1	2026-05-15 19:20:57	2026-07-21 22:39:09
2785	922198	E2E-RV1-20260721143854	922752	B290	焊接圆角	922285	YXN.069.001.1011	922287	YXN.069.001.1014	1.0	1	2026-05-15 19:20:59	2026-07-21 22:39:09
2786	922198	E2E-RV1-20260721143854	922753	B210	焊接远端锥度	922285	YXN.069.001.1011	922280	YXN.069.001.1003	1.0	1	2026-05-15 19:20:58	2026-07-21 22:39:09
2787	922198	E2E-RV1-20260721143854	922754	B070	外管切缝	922285	YXN.069.001.1011	922287	YXN.069.001.1014	1.0	1	2026-05-15 19:20:57	2026-07-21 22:39:09
2788	922198	E2E-RV1-20260721143854	922755	B080	穿显影环	922285	YXN.069.001.1011	922282	YXN.069.001.1006	1.0	1	2026-05-15 19:20:57	2026-07-21 22:39:09
2789	922198	E2E-RV1-20260721143854	922756	B090	压显影环	922285	YXN.069.001.1011	922281	YXN.069.001.1013	1.0	1	2026-05-15 19:20:57	2026-07-21 22:39:09
2790	922198	E2E-RV1-20260721143854	922758	B220	快速交换口焊接	922285	YXN.069.001.1011	922280	YXN.069.001.1003	1.0	1	2026-05-15 19:20:58	2026-07-21 22:39:09
2791	922198	E2E-RV1-20260721143854	922759	B230	RX口检测	922285	YXN.069.001.1011	922283	YXN.069.001.1009	1.0	1	2026-05-15 19:20:58	2026-07-21 22:39:09
2792	922198	E2E-RV1-20260721143854	922760	B240	点胶海波管	922285	YXN.069.001.1011	922282	YXN.069.001.1006	1.0	1	2026-05-15 19:20:58	2026-07-21 22:39:09
2793	922198	E2E-RV1-20260721143854	922761	B250	球囊压握	922285	YXN.069.001.1011	922282	YXN.069.001.1006	1.0	1	2026-05-15 19:20:58	2026-07-21 22:39:09
2794	922198	E2E-RV1-20260721143854	922762	B280	裁剪圆角	922285	YXN.069.001.1011	922281	YXN.069.001.1013	1.0	1	2026-05-15 19:20:59	2026-07-21 22:39:09
2795	922198	E2E-RV1-20260721143854	922763	B310	球囊盘管（机器）	922285	YXN.069.001.1011	922287	YXN.069.001.1014	1.0	1	2026-05-15 19:20:59	2026-07-21 22:39:09
2796	922198	E2E-RV1-20260721143854	922764	B320	球囊测漏及全检	922285	YXN.069.001.1011	922280	YXN.069.001.1003	1.0	1	2026-05-15 19:20:59	2026-07-21 22:39:09
2797	922198	E2E-RV1-20260721143854	922765	PROC-XLSX-00001	外管拉伸2	922285	YXN.069.001.1011	922287	YXN.069.001.1014	1.0	1	2026-05-15 19:20:57	2026-07-21 22:39:09
2798	922198	E2E-RV1-20260721143854	922766	PROC-XLSX-00002	内管拉伸2	922285	YXN.069.001.1011	922280	YXN.069.001.1003	1.0	1	2026-05-15 19:20:57	2026-07-21 22:39:09
2799	922198	E2E-RV1-20260721143854	922774	PROC-XLSX-00010	棘突丝拉伸2	922285	YXN.069.001.1011	922283	YXN.069.001.1009	1.0	1	2026-05-15 19:20:57	2026-07-21 22:39:09
2800	922198	E2E-RV1-20260721143854	922775	PROC-XLSX-00011	棘突丝切割	922285	YXN.069.001.1011	922282	YXN.069.001.1006	1.0	1	2026-05-15 19:20:57	2026-07-21 22:39:09
2801	922198	E2E-RV1-20260721143854	922776	PROC-XLSX-00012	棘突远端焊接	922285	YXN.069.001.1011	922281	YXN.069.001.1013	1.0	1	2026-05-15 19:20:57	2026-07-21 22:39:09
2802	922198	E2E-RV1-20260721143854	922777	PROC-XLSX-00013	棘突远端塑型	922285	YXN.069.001.1011	922287	YXN.069.001.1014	1.0	1	2026-05-15 19:20:58	2026-07-21 22:39:09
2803	922198	E2E-RV1-20260721143854	922778	PROC-XLSX-00014	棘突近端焊接	922285	YXN.069.001.1011	922283	YXN.069.001.1009	1.0	1	2026-05-15 19:20:58	2026-07-21 22:39:09
2804	922198	E2E-RV1-20260721143854	922779	Z2975	棘突TPU 套管粘接	922285	YXN.069.001.1011	922281	YXN.069.001.1013	1.0	1	2026-05-15 19:20:58	2026-07-21 22:39:09
2805	922198	E2E-RV1-20260721143854	922780	Z2774	棘突远端锥度焊接	922285	YXN.069.001.1011	922280	YXN.069.001.1003	1.0	1	2026-05-15 19:20:58	2026-07-21 22:39:09
2806	922198	E2E-RV1-20260721143854	922781	Z2773	棘突近端粘接	922285	YXN.069.001.1011	922283	YXN.069.001.1009	1.0	1	2026-05-15 19:20:58	2026-07-21 22:39:09
2807	922198	E2E-RV1-20260721143854	922782	Z2776	棘突球囊涂层	922285	YXN.069.001.1011	922282	YXN.069.001.1006	1.0	1	2026-05-15 19:20:59	2026-07-21 22:39:09
2808	922198	E2E-RV1-20260721143854	922744	B010	吹球囊成型	922285	YXN.069.001.1011	922282	YXN.069.001.1006	1.0	1	2026-07-21 22:39:11	2026-07-21 22:41:06
2809	922198	E2E-RV1-20260721143854	922746	B030	球囊裁剪	922285	YXN.069.001.1011	922287	YXN.069.001.1014	1.0	1	2026-07-21 22:39:11	2026-07-21 22:41:06
2810	922198	E2E-RV1-20260721143854	922750	B060	外管与球囊焊接	922285	YXN.069.001.1011	922280	YXN.069.001.1003	1.0	1	2026-07-21 22:39:11	2026-07-21 22:41:06
2811	922198	E2E-RV1-20260721143854	922752	B290	焊接圆角	922285	YXN.069.001.1011	922287	YXN.069.001.1014	1.0	1	2026-07-21 22:39:11	2026-07-21 22:41:06
2812	922198	E2E-RV1-20260721143854	922753	B210	焊接远端锥度	922285	YXN.069.001.1011	922280	YXN.069.001.1003	1.0	1	2026-07-21 22:39:11	2026-07-21 22:41:06
2813	922198	E2E-RV1-20260721143854	922754	B070	外管切缝	922285	YXN.069.001.1011	922287	YXN.069.001.1014	1.0	1	2026-07-21 22:39:11	2026-07-21 22:41:06
2814	922198	E2E-RV1-20260721143854	922755	B080	穿显影环	922285	YXN.069.001.1011	922282	YXN.069.001.1006	1.0	1	2026-07-21 22:39:11	2026-07-21 22:41:06
2815	922198	E2E-RV1-20260721143854	922756	B090	压显影环	922285	YXN.069.001.1011	922281	YXN.069.001.1013	1.0	1	2026-07-21 22:39:11	2026-07-21 22:41:06
2816	922198	E2E-RV1-20260721143854	922758	B220	快速交换口焊接	922285	YXN.069.001.1011	922280	YXN.069.001.1003	1.0	1	2026-07-21 22:39:11	2026-07-21 22:41:06
2817	922198	E2E-RV1-20260721143854	922759	B230	RX口检测	922285	YXN.069.001.1011	922283	YXN.069.001.1009	1.0	1	2026-07-21 22:39:11	2026-07-21 22:41:06
2818	922198	E2E-RV1-20260721143854	922760	B240	点胶海波管	922285	YXN.069.001.1011	922282	YXN.069.001.1006	1.0	1	2026-07-21 22:39:11	2026-07-21 22:41:06
2819	922198	E2E-RV1-20260721143854	922761	B250	球囊压握	922285	YXN.069.001.1011	922282	YXN.069.001.1006	1.0	1	2026-07-21 22:39:11	2026-07-21 22:41:06
2820	922198	E2E-RV1-20260721143854	922762	B280	裁剪圆角	922285	YXN.069.001.1011	922281	YXN.069.001.1013	1.0	1	2026-07-21 22:39:11	2026-07-21 22:41:06
2821	922198	E2E-RV1-20260721143854	922763	B310	球囊盘管（机器）	922285	YXN.069.001.1011	922287	YXN.069.001.1014	1.0	1	2026-07-21 22:39:11	2026-07-21 22:41:06
2822	922198	E2E-RV1-20260721143854	922764	B320	球囊测漏及全检	922285	YXN.069.001.1011	922280	YXN.069.001.1003	1.0	1	2026-07-21 22:39:11	2026-07-21 22:41:06
2823	922198	E2E-RV1-20260721143854	922765	PROC-XLSX-00001	外管拉伸2	922285	YXN.069.001.1011	922287	YXN.069.001.1014	1.0	1	2026-07-21 22:39:11	2026-07-21 22:41:06
2824	922198	E2E-RV1-20260721143854	922766	PROC-XLSX-00002	内管拉伸2	922285	YXN.069.001.1011	922280	YXN.069.001.1003	1.0	1	2026-07-21 22:39:11	2026-07-21 22:41:06
2825	922198	E2E-RV1-20260721143854	922774	PROC-XLSX-00010	棘突丝拉伸2	922285	YXN.069.001.1011	922283	YXN.069.001.1009	1.0	1	2026-07-21 22:39:11	2026-07-21 22:41:06
2826	922198	E2E-RV1-20260721143854	922775	PROC-XLSX-00011	棘突丝切割	922285	YXN.069.001.1011	922282	YXN.069.001.1006	1.0	1	2026-07-21 22:39:11	2026-07-21 22:41:06
2827	922198	E2E-RV1-20260721143854	922776	PROC-XLSX-00012	棘突远端焊接	922285	YXN.069.001.1011	922281	YXN.069.001.1013	1.0	1	2026-07-21 22:39:11	2026-07-21 22:41:06
2828	922198	E2E-RV1-20260721143854	922777	PROC-XLSX-00013	棘突远端塑型	922285	YXN.069.001.1011	922287	YXN.069.001.1014	1.0	1	2026-07-21 22:39:11	2026-07-21 22:41:06
2829	922198	E2E-RV1-20260721143854	922778	PROC-XLSX-00014	棘突近端焊接	922285	YXN.069.001.1011	922283	YXN.069.001.1009	1.0	1	2026-07-21 22:39:11	2026-07-21 22:41:06
2830	922198	E2E-RV1-20260721143854	922779	Z2975	棘突TPU 套管粘接	922285	YXN.069.001.1011	922281	YXN.069.001.1013	1.0	1	2026-07-21 22:39:11	2026-07-21 22:41:06
2831	922198	E2E-RV1-20260721143854	922780	Z2774	棘突远端锥度焊接	922285	YXN.069.001.1011	922280	YXN.069.001.1003	1.0	1	2026-07-21 22:39:11	2026-07-21 22:41:06
2832	922198	E2E-RV1-20260721143854	922781	Z2773	棘突近端粘接	922285	YXN.069.001.1011	922283	YXN.069.001.1009	1.0	1	2026-07-21 22:39:11	2026-07-21 22:41:06
2833	922198	E2E-RV1-20260721143854	922782	Z2776	棘突球囊涂层	922285	YXN.069.001.1011	922282	YXN.069.001.1006	1.0	1	2026-07-21 22:39:11	2026-07-21 22:41:06
2834	922199	E2E-RV1-20260721144148	922744	B010	吹球囊成型	922285	YXN.069.001.1011	922282	YXN.069.001.1006	1.0	1	2026-05-15 19:20:57	2026-07-21 22:42:06
2835	922199	E2E-RV1-20260721144148	922746	B030	球囊裁剪	922285	YXN.069.001.1011	922287	YXN.069.001.1014	1.0	1	2026-05-15 19:20:57	2026-07-21 22:42:06
2836	922199	E2E-RV1-20260721144148	922750	B060	外管与球囊焊接	922285	YXN.069.001.1011	922280	YXN.069.001.1003	1.0	1	2026-05-15 19:20:57	2026-07-21 22:42:06
2837	922199	E2E-RV1-20260721144148	922752	B290	焊接圆角	922285	YXN.069.001.1011	922287	YXN.069.001.1014	1.0	1	2026-05-15 19:20:59	2026-07-21 22:42:06
2838	922199	E2E-RV1-20260721144148	922753	B210	焊接远端锥度	922285	YXN.069.001.1011	922280	YXN.069.001.1003	1.0	1	2026-05-15 19:20:58	2026-07-21 22:42:06
2839	922199	E2E-RV1-20260721144148	922754	B070	外管切缝	922285	YXN.069.001.1011	922287	YXN.069.001.1014	1.0	1	2026-05-15 19:20:57	2026-07-21 22:42:06
2840	922199	E2E-RV1-20260721144148	922755	B080	穿显影环	922285	YXN.069.001.1011	922282	YXN.069.001.1006	1.0	1	2026-05-15 19:20:57	2026-07-21 22:42:06
2841	922199	E2E-RV1-20260721144148	922756	B090	压显影环	922285	YXN.069.001.1011	922281	YXN.069.001.1013	1.0	1	2026-05-15 19:20:57	2026-07-21 22:42:06
2842	922199	E2E-RV1-20260721144148	922758	B220	快速交换口焊接	922285	YXN.069.001.1011	922280	YXN.069.001.1003	1.0	1	2026-05-15 19:20:58	2026-07-21 22:42:06
2843	922199	E2E-RV1-20260721144148	922759	B230	RX口检测	922285	YXN.069.001.1011	922283	YXN.069.001.1009	1.0	1	2026-05-15 19:20:58	2026-07-21 22:42:06
2844	922199	E2E-RV1-20260721144148	922760	B240	点胶海波管	922285	YXN.069.001.1011	922282	YXN.069.001.1006	1.0	1	2026-05-15 19:20:58	2026-07-21 22:42:06
2845	922199	E2E-RV1-20260721144148	922761	B250	球囊压握	922285	YXN.069.001.1011	922282	YXN.069.001.1006	1.0	1	2026-05-15 19:20:58	2026-07-21 22:42:06
2846	922199	E2E-RV1-20260721144148	922762	B280	裁剪圆角	922285	YXN.069.001.1011	922281	YXN.069.001.1013	1.0	1	2026-05-15 19:20:59	2026-07-21 22:42:06
2847	922199	E2E-RV1-20260721144148	922763	B310	球囊盘管（机器）	922285	YXN.069.001.1011	922287	YXN.069.001.1014	1.0	1	2026-05-15 19:20:59	2026-07-21 22:42:06
2848	922199	E2E-RV1-20260721144148	922764	B320	球囊测漏及全检	922285	YXN.069.001.1011	922280	YXN.069.001.1003	1.0	1	2026-05-15 19:20:59	2026-07-21 22:42:06
2849	922199	E2E-RV1-20260721144148	922765	PROC-XLSX-00001	外管拉伸2	922285	YXN.069.001.1011	922287	YXN.069.001.1014	1.0	1	2026-05-15 19:20:57	2026-07-21 22:42:06
2850	922199	E2E-RV1-20260721144148	922766	PROC-XLSX-00002	内管拉伸2	922285	YXN.069.001.1011	922280	YXN.069.001.1003	1.0	1	2026-05-15 19:20:57	2026-07-21 22:42:06
2851	922199	E2E-RV1-20260721144148	922774	PROC-XLSX-00010	棘突丝拉伸2	922285	YXN.069.001.1011	922283	YXN.069.001.1009	1.0	1	2026-05-15 19:20:57	2026-07-21 22:42:06
2852	922199	E2E-RV1-20260721144148	922775	PROC-XLSX-00011	棘突丝切割	922285	YXN.069.001.1011	922282	YXN.069.001.1006	1.0	1	2026-05-15 19:20:57	2026-07-21 22:42:06
2853	922199	E2E-RV1-20260721144148	922776	PROC-XLSX-00012	棘突远端焊接	922285	YXN.069.001.1011	922281	YXN.069.001.1013	1.0	1	2026-05-15 19:20:57	2026-07-21 22:42:06
2854	922199	E2E-RV1-20260721144148	922777	PROC-XLSX-00013	棘突远端塑型	922285	YXN.069.001.1011	922287	YXN.069.001.1014	1.0	1	2026-05-15 19:20:58	2026-07-21 22:42:06
2855	922199	E2E-RV1-20260721144148	922778	PROC-XLSX-00014	棘突近端焊接	922285	YXN.069.001.1011	922283	YXN.069.001.1009	1.0	1	2026-05-15 19:20:58	2026-07-21 22:42:06
2856	922199	E2E-RV1-20260721144148	922779	Z2975	棘突TPU 套管粘接	922285	YXN.069.001.1011	922281	YXN.069.001.1013	1.0	1	2026-05-15 19:20:58	2026-07-21 22:42:06
2857	922199	E2E-RV1-20260721144148	922780	Z2774	棘突远端锥度焊接	922285	YXN.069.001.1011	922280	YXN.069.001.1003	1.0	1	2026-05-15 19:20:58	2026-07-21 22:42:06
2858	922199	E2E-RV1-20260721144148	922781	Z2773	棘突近端粘接	922285	YXN.069.001.1011	922283	YXN.069.001.1009	1.0	1	2026-05-15 19:20:58	2026-07-21 22:42:06
2859	922199	E2E-RV1-20260721144148	922782	Z2776	棘突球囊涂层	922285	YXN.069.001.1011	922282	YXN.069.001.1006	1.0	1	2026-05-15 19:20:59	2026-07-21 22:42:06
2860	922199	E2E-RV1-20260721144148	922744	B010	吹球囊成型	922285	YXN.069.001.1011	922282	YXN.069.001.1006	1.0	1	2026-07-21 22:42:07	2026-07-21 22:42:14
2861	922199	E2E-RV1-20260721144148	922746	B030	球囊裁剪	922285	YXN.069.001.1011	922287	YXN.069.001.1014	1.0	1	2026-07-21 22:42:07	2026-07-21 22:42:14
2862	922199	E2E-RV1-20260721144148	922750	B060	外管与球囊焊接	922285	YXN.069.001.1011	922280	YXN.069.001.1003	1.0	1	2026-07-21 22:42:07	2026-07-21 22:42:14
2863	922199	E2E-RV1-20260721144148	922752	B290	焊接圆角	922285	YXN.069.001.1011	922287	YXN.069.001.1014	1.0	1	2026-07-21 22:42:07	2026-07-21 22:42:14
2864	922199	E2E-RV1-20260721144148	922753	B210	焊接远端锥度	922285	YXN.069.001.1011	922280	YXN.069.001.1003	1.0	1	2026-07-21 22:42:07	2026-07-21 22:42:14
2865	922199	E2E-RV1-20260721144148	922754	B070	外管切缝	922285	YXN.069.001.1011	922287	YXN.069.001.1014	1.0	1	2026-07-21 22:42:07	2026-07-21 22:42:14
2866	922199	E2E-RV1-20260721144148	922755	B080	穿显影环	922285	YXN.069.001.1011	922282	YXN.069.001.1006	1.0	1	2026-07-21 22:42:07	2026-07-21 22:42:14
2867	922199	E2E-RV1-20260721144148	922756	B090	压显影环	922285	YXN.069.001.1011	922281	YXN.069.001.1013	1.0	1	2026-07-21 22:42:07	2026-07-21 22:42:14
2868	922199	E2E-RV1-20260721144148	922758	B220	快速交换口焊接	922285	YXN.069.001.1011	922280	YXN.069.001.1003	1.0	1	2026-07-21 22:42:07	2026-07-21 22:42:14
2869	922199	E2E-RV1-20260721144148	922759	B230	RX口检测	922285	YXN.069.001.1011	922283	YXN.069.001.1009	1.0	1	2026-07-21 22:42:07	2026-07-21 22:42:14
2870	922199	E2E-RV1-20260721144148	922760	B240	点胶海波管	922285	YXN.069.001.1011	922282	YXN.069.001.1006	1.0	1	2026-07-21 22:42:07	2026-07-21 22:42:14
2871	922199	E2E-RV1-20260721144148	922761	B250	球囊压握	922285	YXN.069.001.1011	922282	YXN.069.001.1006	1.0	1	2026-07-21 22:42:07	2026-07-21 22:42:14
2872	922199	E2E-RV1-20260721144148	922762	B280	裁剪圆角	922285	YXN.069.001.1011	922281	YXN.069.001.1013	1.0	1	2026-07-21 22:42:07	2026-07-21 22:42:14
2873	922199	E2E-RV1-20260721144148	922763	B310	球囊盘管（机器）	922285	YXN.069.001.1011	922287	YXN.069.001.1014	1.0	1	2026-07-21 22:42:07	2026-07-21 22:42:14
2874	922199	E2E-RV1-20260721144148	922764	B320	球囊测漏及全检	922285	YXN.069.001.1011	922280	YXN.069.001.1003	1.0	1	2026-07-21 22:42:07	2026-07-21 22:42:14
2875	922199	E2E-RV1-20260721144148	922765	PROC-XLSX-00001	外管拉伸2	922285	YXN.069.001.1011	922287	YXN.069.001.1014	1.0	1	2026-07-21 22:42:07	2026-07-21 22:42:14
2876	922199	E2E-RV1-20260721144148	922766	PROC-XLSX-00002	内管拉伸2	922285	YXN.069.001.1011	922280	YXN.069.001.1003	1.0	1	2026-07-21 22:42:07	2026-07-21 22:42:14
2877	922199	E2E-RV1-20260721144148	922774	PROC-XLSX-00010	棘突丝拉伸2	922285	YXN.069.001.1011	922283	YXN.069.001.1009	1.0	1	2026-07-21 22:42:07	2026-07-21 22:42:14
2878	922199	E2E-RV1-20260721144148	922775	PROC-XLSX-00011	棘突丝切割	922285	YXN.069.001.1011	922282	YXN.069.001.1006	1.0	1	2026-07-21 22:42:07	2026-07-21 22:42:14
2879	922199	E2E-RV1-20260721144148	922776	PROC-XLSX-00012	棘突远端焊接	922285	YXN.069.001.1011	922281	YXN.069.001.1013	1.0	1	2026-07-21 22:42:07	2026-07-21 22:42:14
2880	922199	E2E-RV1-20260721144148	922777	PROC-XLSX-00013	棘突远端塑型	922285	YXN.069.001.1011	922287	YXN.069.001.1014	1.0	1	2026-07-21 22:42:07	2026-07-21 22:42:14
2881	922199	E2E-RV1-20260721144148	922778	PROC-XLSX-00014	棘突近端焊接	922285	YXN.069.001.1011	922283	YXN.069.001.1009	1.0	1	2026-07-21 22:42:07	2026-07-21 22:42:14
2882	922199	E2E-RV1-20260721144148	922779	Z2975	棘突TPU 套管粘接	922285	YXN.069.001.1011	922281	YXN.069.001.1013	1.0	1	2026-07-21 22:42:07	2026-07-21 22:42:14
2883	922199	E2E-RV1-20260721144148	922780	Z2774	棘突远端锥度焊接	922285	YXN.069.001.1011	922280	YXN.069.001.1003	1.0	1	2026-07-21 22:42:07	2026-07-21 22:42:14
2884	922199	E2E-RV1-20260721144148	922781	Z2773	棘突近端粘接	922285	YXN.069.001.1011	922283	YXN.069.001.1009	1.0	1	2026-07-21 22:42:07	2026-07-21 22:42:14
2885	922199	E2E-RV1-20260721144148	922782	Z2776	棘突球囊涂层	922285	YXN.069.001.1011	922282	YXN.069.001.1006	1.0	1	2026-07-21 22:42:07	2026-07-21 22:42:14
2934	922200	E2E-RV-20260721170356	922744	B010	吹球囊成型	922285	YXN.069.001.1011	922282	YXN.069.001.1006	1.0	1	2026-05-15 19:20:57	2026-07-22 01:14:05
2935	922200	E2E-RV-20260721170356	922746	B030	球囊裁剪	922285	YXN.069.001.1011	922287	YXN.069.001.1014	1.0	1	2026-05-15 19:20:57	2026-07-22 01:14:05
2936	922200	E2E-RV-20260721170356	922750	B060	外管与球囊焊接	922285	YXN.069.001.1011	922280	YXN.069.001.1003	1.0	1	2026-05-15 19:20:57	2026-07-22 01:14:05
2937	922200	E2E-RV-20260721170356	922752	B290	焊接圆角	922285	YXN.069.001.1011	922287	YXN.069.001.1014	1.0	1	2026-05-15 19:20:59	2026-07-22 01:14:05
2938	922200	E2E-RV-20260721170356	922753	B210	焊接远端锥度	922285	YXN.069.001.1011	922280	YXN.069.001.1003	1.0	1	2026-05-15 19:20:58	2026-07-22 01:14:05
2939	922200	E2E-RV-20260721170356	922754	B070	外管切缝	922285	YXN.069.001.1011	922287	YXN.069.001.1014	1.0	1	2026-05-15 19:20:57	2026-07-22 01:14:05
2940	922200	E2E-RV-20260721170356	922755	B080	穿显影环	922285	YXN.069.001.1011	922282	YXN.069.001.1006	1.0	1	2026-05-15 19:20:57	2026-07-22 01:14:05
2941	922200	E2E-RV-20260721170356	922756	B090	压显影环	922285	YXN.069.001.1011	922281	YXN.069.001.1013	1.0	1	2026-05-15 19:20:57	2026-07-22 01:14:05
2942	922200	E2E-RV-20260721170356	922758	B220	快速交换口焊接	922285	YXN.069.001.1011	922280	YXN.069.001.1003	1.0	1	2026-05-15 19:20:58	2026-07-22 01:14:05
2943	922200	E2E-RV-20260721170356	922759	B230	RX口检测	922285	YXN.069.001.1011	922283	YXN.069.001.1009	1.0	1	2026-05-15 19:20:58	2026-07-22 01:14:05
2944	922200	E2E-RV-20260721170356	922760	B240	点胶海波管	922285	YXN.069.001.1011	922282	YXN.069.001.1006	1.0	1	2026-05-15 19:20:58	2026-07-22 01:14:05
2945	922200	E2E-RV-20260721170356	922761	B250	球囊压握	922285	YXN.069.001.1011	922282	YXN.069.001.1006	1.0	1	2026-05-15 19:20:58	2026-07-22 01:14:05
2946	922200	E2E-RV-20260721170356	922762	B280	裁剪圆角	922285	YXN.069.001.1011	922281	YXN.069.001.1013	1.0	1	2026-05-15 19:20:59	2026-07-22 01:14:05
2947	922200	E2E-RV-20260721170356	922763	B310	球囊盘管（机器）	922285	YXN.069.001.1011	922287	YXN.069.001.1014	1.0	1	2026-05-15 19:20:59	2026-07-22 01:14:05
2948	922200	E2E-RV-20260721170356	922764	B320	球囊测漏及全检	922285	YXN.069.001.1011	922280	YXN.069.001.1003	1.0	1	2026-05-15 19:20:59	2026-07-22 01:14:05
2949	922200	E2E-RV-20260721170356	922765	PROC-XLSX-00001	外管拉伸2	922285	YXN.069.001.1011	922287	YXN.069.001.1014	1.0	1	2026-05-15 19:20:57	2026-07-22 01:14:05
2950	922200	E2E-RV-20260721170356	922766	PROC-XLSX-00002	内管拉伸2	922285	YXN.069.001.1011	922280	YXN.069.001.1003	1.0	1	2026-05-15 19:20:57	2026-07-22 01:14:05
2951	922200	E2E-RV-20260721170356	922774	PROC-XLSX-00010	棘突丝拉伸2	922285	YXN.069.001.1011	922283	YXN.069.001.1009	1.0	1	2026-05-15 19:20:57	2026-07-22 01:14:05
2952	922200	E2E-RV-20260721170356	922775	PROC-XLSX-00011	棘突丝切割	922285	YXN.069.001.1011	922282	YXN.069.001.1006	1.0	1	2026-05-15 19:20:57	2026-07-22 01:14:05
2953	922200	E2E-RV-20260721170356	922776	PROC-XLSX-00012	棘突远端焊接	922285	YXN.069.001.1011	922281	YXN.069.001.1013	1.0	1	2026-05-15 19:20:57	2026-07-22 01:14:05
2954	922200	E2E-RV-20260721170356	922777	PROC-XLSX-00013	棘突远端塑型	922285	YXN.069.001.1011	922287	YXN.069.001.1014	1.0	1	2026-05-15 19:20:58	2026-07-22 01:14:05
2955	922200	E2E-RV-20260721170356	922778	PROC-XLSX-00014	棘突近端焊接	922285	YXN.069.001.1011	922283	YXN.069.001.1009	1.0	1	2026-05-15 19:20:58	2026-07-22 01:14:05
2956	922200	E2E-RV-20260721170356	922779	Z2975	棘突TPU 套管粘接	922285	YXN.069.001.1011	922281	YXN.069.001.1013	1.0	1	2026-05-15 19:20:58	2026-07-22 01:14:05
2957	922200	E2E-RV-20260721170356	922780	Z2774	棘突远端锥度焊接	922285	YXN.069.001.1011	922280	YXN.069.001.1003	1.0	1	2026-05-15 19:20:58	2026-07-22 01:14:05
2958	922200	E2E-RV-20260721170356	922781	Z2773	棘突近端粘接	922285	YXN.069.001.1011	922283	YXN.069.001.1009	1.0	1	2026-05-15 19:20:58	2026-07-22 01:14:05
2959	922200	E2E-RV-20260721170356	922782	Z2776	棘突球囊涂层	922285	YXN.069.001.1011	922282	YXN.069.001.1006	1.0	1	2026-05-15 19:20:59	2026-07-22 01:14:05
2960	922201	E2E-RV-20260721171825	922744	B010	吹球囊成型	922285	YXN.069.001.1011	922282	YXN.069.001.1006	1.0	1	2026-05-15 19:20:57	2026-07-22 01:23:32
2961	922201	E2E-RV-20260721171825	922746	B030	球囊裁剪	922285	YXN.069.001.1011	922287	YXN.069.001.1014	1.0	1	2026-05-15 19:20:57	2026-07-22 01:23:32
2962	922201	E2E-RV-20260721171825	922750	B060	外管与球囊焊接	922285	YXN.069.001.1011	922280	YXN.069.001.1003	1.0	1	2026-05-15 19:20:57	2026-07-22 01:23:32
2963	922201	E2E-RV-20260721171825	922752	B290	焊接圆角	922285	YXN.069.001.1011	922287	YXN.069.001.1014	1.0	1	2026-05-15 19:20:59	2026-07-22 01:23:32
2964	922201	E2E-RV-20260721171825	922753	B210	焊接远端锥度	922285	YXN.069.001.1011	922280	YXN.069.001.1003	1.0	1	2026-05-15 19:20:58	2026-07-22 01:23:32
2965	922201	E2E-RV-20260721171825	922754	B070	外管切缝	922285	YXN.069.001.1011	922287	YXN.069.001.1014	1.0	1	2026-05-15 19:20:57	2026-07-22 01:23:32
2966	922201	E2E-RV-20260721171825	922755	B080	穿显影环	922285	YXN.069.001.1011	922282	YXN.069.001.1006	1.0	1	2026-05-15 19:20:57	2026-07-22 01:23:32
2967	922201	E2E-RV-20260721171825	922756	B090	压显影环	922285	YXN.069.001.1011	922281	YXN.069.001.1013	1.0	1	2026-05-15 19:20:57	2026-07-22 01:23:32
2968	922201	E2E-RV-20260721171825	922758	B220	快速交换口焊接	922285	YXN.069.001.1011	922280	YXN.069.001.1003	1.0	1	2026-05-15 19:20:58	2026-07-22 01:23:32
2969	922201	E2E-RV-20260721171825	922759	B230	RX口检测	922285	YXN.069.001.1011	922283	YXN.069.001.1009	1.0	1	2026-05-15 19:20:58	2026-07-22 01:23:32
2970	922201	E2E-RV-20260721171825	922760	B240	点胶海波管	922285	YXN.069.001.1011	922282	YXN.069.001.1006	1.0	1	2026-05-15 19:20:58	2026-07-22 01:23:32
2971	922201	E2E-RV-20260721171825	922761	B250	球囊压握	922285	YXN.069.001.1011	922282	YXN.069.001.1006	1.0	1	2026-05-15 19:20:58	2026-07-22 01:23:32
2972	922201	E2E-RV-20260721171825	922762	B280	裁剪圆角	922285	YXN.069.001.1011	922281	YXN.069.001.1013	1.0	1	2026-05-15 19:20:59	2026-07-22 01:23:32
2973	922201	E2E-RV-20260721171825	922763	B310	球囊盘管（机器）	922285	YXN.069.001.1011	922287	YXN.069.001.1014	1.0	1	2026-05-15 19:20:59	2026-07-22 01:23:32
2974	922201	E2E-RV-20260721171825	922764	B320	球囊测漏及全检	922285	YXN.069.001.1011	922280	YXN.069.001.1003	1.0	1	2026-05-15 19:20:59	2026-07-22 01:23:32
2975	922201	E2E-RV-20260721171825	922765	PROC-XLSX-00001	外管拉伸2	922285	YXN.069.001.1011	922287	YXN.069.001.1014	1.0	1	2026-05-15 19:20:57	2026-07-22 01:23:32
2976	922201	E2E-RV-20260721171825	922766	PROC-XLSX-00002	内管拉伸2	922285	YXN.069.001.1011	922280	YXN.069.001.1003	1.0	1	2026-05-15 19:20:57	2026-07-22 01:23:32
2977	922201	E2E-RV-20260721171825	922774	PROC-XLSX-00010	棘突丝拉伸2	922285	YXN.069.001.1011	922283	YXN.069.001.1009	1.0	1	2026-05-15 19:20:57	2026-07-22 01:23:32
2978	922201	E2E-RV-20260721171825	922775	PROC-XLSX-00011	棘突丝切割	922285	YXN.069.001.1011	922282	YXN.069.001.1006	1.0	1	2026-05-15 19:20:57	2026-07-22 01:23:32
2979	922201	E2E-RV-20260721171825	922776	PROC-XLSX-00012	棘突远端焊接	922285	YXN.069.001.1011	922281	YXN.069.001.1013	1.0	1	2026-05-15 19:20:57	2026-07-22 01:23:32
2980	922201	E2E-RV-20260721171825	922777	PROC-XLSX-00013	棘突远端塑型	922285	YXN.069.001.1011	922287	YXN.069.001.1014	1.0	1	2026-05-15 19:20:58	2026-07-22 01:23:32
2981	922201	E2E-RV-20260721171825	922778	PROC-XLSX-00014	棘突近端焊接	922285	YXN.069.001.1011	922283	YXN.069.001.1009	1.0	1	2026-05-15 19:20:58	2026-07-22 01:23:32
2982	922201	E2E-RV-20260721171825	922779	Z2975	棘突TPU 套管粘接	922285	YXN.069.001.1011	922281	YXN.069.001.1013	1.0	1	2026-05-15 19:20:58	2026-07-22 01:23:32
2983	922201	E2E-RV-20260721171825	922780	Z2774	棘突远端锥度焊接	922285	YXN.069.001.1011	922280	YXN.069.001.1003	1.0	1	2026-05-15 19:20:58	2026-07-22 01:23:32
2984	922201	E2E-RV-20260721171825	922781	Z2773	棘突近端粘接	922285	YXN.069.001.1011	922283	YXN.069.001.1009	1.0	1	2026-05-15 19:20:58	2026-07-22 01:23:32
2985	922201	E2E-RV-20260721171825	922782	Z2776	棘突球囊涂层	922285	YXN.069.001.1011	922282	YXN.069.001.1006	1.0	1	2026-05-15 19:20:59	2026-07-22 01:23:32
2986	922202	E2E-RV-20260721172507	922744	B010	吹球囊成型	922285	YXN.069.001.1011	922282	YXN.069.001.1006	1.0	1	2026-05-15 19:20:57	2026-07-22 01:25:33
2987	922202	E2E-RV-20260721172507	922746	B030	球囊裁剪	922285	YXN.069.001.1011	922287	YXN.069.001.1014	1.0	1	2026-05-15 19:20:57	2026-07-22 01:25:33
2988	922202	E2E-RV-20260721172507	922750	B060	外管与球囊焊接	922285	YXN.069.001.1011	922280	YXN.069.001.1003	1.0	1	2026-05-15 19:20:57	2026-07-22 01:25:33
2989	922202	E2E-RV-20260721172507	922752	B290	焊接圆角	922285	YXN.069.001.1011	922287	YXN.069.001.1014	1.0	1	2026-05-15 19:20:59	2026-07-22 01:25:33
2990	922202	E2E-RV-20260721172507	922753	B210	焊接远端锥度	922285	YXN.069.001.1011	922280	YXN.069.001.1003	1.0	1	2026-05-15 19:20:58	2026-07-22 01:25:33
2991	922202	E2E-RV-20260721172507	922754	B070	外管切缝	922285	YXN.069.001.1011	922287	YXN.069.001.1014	1.0	1	2026-05-15 19:20:57	2026-07-22 01:25:33
2992	922202	E2E-RV-20260721172507	922755	B080	穿显影环	922285	YXN.069.001.1011	922282	YXN.069.001.1006	1.0	1	2026-05-15 19:20:57	2026-07-22 01:25:33
2993	922202	E2E-RV-20260721172507	922756	B090	压显影环	922285	YXN.069.001.1011	922281	YXN.069.001.1013	1.0	1	2026-05-15 19:20:57	2026-07-22 01:25:33
2994	922202	E2E-RV-20260721172507	922758	B220	快速交换口焊接	922285	YXN.069.001.1011	922280	YXN.069.001.1003	1.0	1	2026-05-15 19:20:58	2026-07-22 01:25:33
2995	922202	E2E-RV-20260721172507	922759	B230	RX口检测	922285	YXN.069.001.1011	922283	YXN.069.001.1009	1.0	1	2026-05-15 19:20:58	2026-07-22 01:25:33
2996	922202	E2E-RV-20260721172507	922760	B240	点胶海波管	922285	YXN.069.001.1011	922282	YXN.069.001.1006	1.0	1	2026-05-15 19:20:58	2026-07-22 01:25:33
2997	922202	E2E-RV-20260721172507	922761	B250	球囊压握	922285	YXN.069.001.1011	922282	YXN.069.001.1006	1.0	1	2026-05-15 19:20:58	2026-07-22 01:25:33
2998	922202	E2E-RV-20260721172507	922762	B280	裁剪圆角	922285	YXN.069.001.1011	922281	YXN.069.001.1013	1.0	1	2026-05-15 19:20:59	2026-07-22 01:25:33
2999	922202	E2E-RV-20260721172507	922763	B310	球囊盘管（机器）	922285	YXN.069.001.1011	922287	YXN.069.001.1014	1.0	1	2026-05-15 19:20:59	2026-07-22 01:25:33
3000	922202	E2E-RV-20260721172507	922764	B320	球囊测漏及全检	922285	YXN.069.001.1011	922280	YXN.069.001.1003	1.0	1	2026-05-15 19:20:59	2026-07-22 01:25:33
3001	922202	E2E-RV-20260721172507	922765	PROC-XLSX-00001	外管拉伸2	922285	YXN.069.001.1011	922287	YXN.069.001.1014	1.0	1	2026-05-15 19:20:57	2026-07-22 01:25:33
3002	922202	E2E-RV-20260721172507	922766	PROC-XLSX-00002	内管拉伸2	922285	YXN.069.001.1011	922280	YXN.069.001.1003	1.0	1	2026-05-15 19:20:57	2026-07-22 01:25:33
3003	922202	E2E-RV-20260721172507	922774	PROC-XLSX-00010	棘突丝拉伸2	922285	YXN.069.001.1011	922283	YXN.069.001.1009	1.0	1	2026-05-15 19:20:57	2026-07-22 01:25:33
3004	922202	E2E-RV-20260721172507	922775	PROC-XLSX-00011	棘突丝切割	922285	YXN.069.001.1011	922282	YXN.069.001.1006	1.0	1	2026-05-15 19:20:57	2026-07-22 01:25:33
3005	922202	E2E-RV-20260721172507	922776	PROC-XLSX-00012	棘突远端焊接	922285	YXN.069.001.1011	922281	YXN.069.001.1013	1.0	1	2026-05-15 19:20:57	2026-07-22 01:25:33
3006	922202	E2E-RV-20260721172507	922777	PROC-XLSX-00013	棘突远端塑型	922285	YXN.069.001.1011	922287	YXN.069.001.1014	1.0	1	2026-05-15 19:20:58	2026-07-22 01:25:33
3007	922202	E2E-RV-20260721172507	922778	PROC-XLSX-00014	棘突近端焊接	922285	YXN.069.001.1011	922283	YXN.069.001.1009	1.0	1	2026-05-15 19:20:58	2026-07-22 01:25:33
3008	922202	E2E-RV-20260721172507	922779	Z2975	棘突TPU 套管粘接	922285	YXN.069.001.1011	922281	YXN.069.001.1013	1.0	1	2026-05-15 19:20:58	2026-07-22 01:25:33
3009	922202	E2E-RV-20260721172507	922780	Z2774	棘突远端锥度焊接	922285	YXN.069.001.1011	922280	YXN.069.001.1003	1.0	1	2026-05-15 19:20:58	2026-07-22 01:25:33
3010	922202	E2E-RV-20260721172507	922781	Z2773	棘突近端粘接	922285	YXN.069.001.1011	922283	YXN.069.001.1009	1.0	1	2026-05-15 19:20:58	2026-07-22 01:25:33
3011	922202	E2E-RV-20260721172507	922782	Z2776	棘突球囊涂层	922285	YXN.069.001.1011	922282	YXN.069.001.1006	1.0	1	2026-05-15 19:20:59	2026-07-22 01:25:33
3012	922203	E2E-RV-20260721172939	922744	B010	吹球囊成型	922285	YXN.069.001.1011	922282	YXN.069.001.1006	1.0	1	2026-05-15 19:20:57	2026-07-22 01:30:09
3013	922203	E2E-RV-20260721172939	922746	B030	球囊裁剪	922285	YXN.069.001.1011	922287	YXN.069.001.1014	1.0	1	2026-05-15 19:20:57	2026-07-22 01:30:09
3014	922203	E2E-RV-20260721172939	922750	B060	外管与球囊焊接	922285	YXN.069.001.1011	922280	YXN.069.001.1003	1.0	1	2026-05-15 19:20:57	2026-07-22 01:30:09
3015	922203	E2E-RV-20260721172939	922752	B290	焊接圆角	922285	YXN.069.001.1011	922287	YXN.069.001.1014	1.0	1	2026-05-15 19:20:59	2026-07-22 01:30:09
3016	922203	E2E-RV-20260721172939	922753	B210	焊接远端锥度	922285	YXN.069.001.1011	922280	YXN.069.001.1003	1.0	1	2026-05-15 19:20:58	2026-07-22 01:30:09
3017	922203	E2E-RV-20260721172939	922754	B070	外管切缝	922285	YXN.069.001.1011	922287	YXN.069.001.1014	1.0	1	2026-05-15 19:20:57	2026-07-22 01:30:09
3018	922203	E2E-RV-20260721172939	922755	B080	穿显影环	922285	YXN.069.001.1011	922282	YXN.069.001.1006	1.0	1	2026-05-15 19:20:57	2026-07-22 01:30:09
3019	922203	E2E-RV-20260721172939	922756	B090	压显影环	922285	YXN.069.001.1011	922281	YXN.069.001.1013	1.0	1	2026-05-15 19:20:57	2026-07-22 01:30:09
3020	922203	E2E-RV-20260721172939	922758	B220	快速交换口焊接	922285	YXN.069.001.1011	922280	YXN.069.001.1003	1.0	1	2026-05-15 19:20:58	2026-07-22 01:30:09
3021	922203	E2E-RV-20260721172939	922759	B230	RX口检测	922285	YXN.069.001.1011	922283	YXN.069.001.1009	1.0	1	2026-05-15 19:20:58	2026-07-22 01:30:09
3022	922203	E2E-RV-20260721172939	922760	B240	点胶海波管	922285	YXN.069.001.1011	922282	YXN.069.001.1006	1.0	1	2026-05-15 19:20:58	2026-07-22 01:30:09
3023	922203	E2E-RV-20260721172939	922761	B250	球囊压握	922285	YXN.069.001.1011	922282	YXN.069.001.1006	1.0	1	2026-05-15 19:20:58	2026-07-22 01:30:09
3024	922203	E2E-RV-20260721172939	922762	B280	裁剪圆角	922285	YXN.069.001.1011	922281	YXN.069.001.1013	1.0	1	2026-05-15 19:20:59	2026-07-22 01:30:09
3025	922203	E2E-RV-20260721172939	922763	B310	球囊盘管（机器）	922285	YXN.069.001.1011	922287	YXN.069.001.1014	1.0	1	2026-05-15 19:20:59	2026-07-22 01:30:09
3026	922203	E2E-RV-20260721172939	922764	B320	球囊测漏及全检	922285	YXN.069.001.1011	922280	YXN.069.001.1003	1.0	1	2026-05-15 19:20:59	2026-07-22 01:30:09
3027	922203	E2E-RV-20260721172939	922765	PROC-XLSX-00001	外管拉伸2	922285	YXN.069.001.1011	922287	YXN.069.001.1014	1.0	1	2026-05-15 19:20:57	2026-07-22 01:30:09
3028	922203	E2E-RV-20260721172939	922766	PROC-XLSX-00002	内管拉伸2	922285	YXN.069.001.1011	922280	YXN.069.001.1003	1.0	1	2026-05-15 19:20:57	2026-07-22 01:30:09
3029	922203	E2E-RV-20260721172939	922774	PROC-XLSX-00010	棘突丝拉伸2	922285	YXN.069.001.1011	922283	YXN.069.001.1009	1.0	1	2026-05-15 19:20:57	2026-07-22 01:30:09
3030	922203	E2E-RV-20260721172939	922775	PROC-XLSX-00011	棘突丝切割	922285	YXN.069.001.1011	922282	YXN.069.001.1006	1.0	1	2026-05-15 19:20:57	2026-07-22 01:30:09
3031	922203	E2E-RV-20260721172939	922776	PROC-XLSX-00012	棘突远端焊接	922285	YXN.069.001.1011	922281	YXN.069.001.1013	1.0	1	2026-05-15 19:20:57	2026-07-22 01:30:09
3032	922203	E2E-RV-20260721172939	922777	PROC-XLSX-00013	棘突远端塑型	922285	YXN.069.001.1011	922287	YXN.069.001.1014	1.0	1	2026-05-15 19:20:58	2026-07-22 01:30:09
3033	922203	E2E-RV-20260721172939	922778	PROC-XLSX-00014	棘突近端焊接	922285	YXN.069.001.1011	922283	YXN.069.001.1009	1.0	1	2026-05-15 19:20:58	2026-07-22 01:30:09
3034	922203	E2E-RV-20260721172939	922779	Z2975	棘突TPU 套管粘接	922285	YXN.069.001.1011	922281	YXN.069.001.1013	1.0	1	2026-05-15 19:20:58	2026-07-22 01:30:09
3035	922203	E2E-RV-20260721172939	922780	Z2774	棘突远端锥度焊接	922285	YXN.069.001.1011	922280	YXN.069.001.1003	1.0	1	2026-05-15 19:20:58	2026-07-22 01:30:09
3036	922203	E2E-RV-20260721172939	922781	Z2773	棘突近端粘接	922285	YXN.069.001.1011	922283	YXN.069.001.1009	1.0	1	2026-05-15 19:20:58	2026-07-22 01:30:09
3037	922203	E2E-RV-20260721172939	922782	Z2776	棘突球囊涂层	922285	YXN.069.001.1011	922282	YXN.069.001.1006	1.0	1	2026-05-15 19:20:59	2026-07-22 01:30:09
3038	922204	E2E-RV-20260721193641	922744	B010	吹球囊成型	922285	YXN.069.001.1011	922282	YXN.069.001.1006	1.0	0	2026-05-15 19:20:57	2026-05-15 19:20:57
3039	922204	E2E-RV-20260721193641	922746	B030	球囊裁剪	922285	YXN.069.001.1011	922287	YXN.069.001.1014	1.0	0	2026-05-15 19:20:57	2026-05-15 19:20:57
3040	922204	E2E-RV-20260721193641	922750	B060	外管与球囊焊接	922285	YXN.069.001.1011	922280	YXN.069.001.1003	1.0	0	2026-05-15 19:20:57	2026-05-15 19:20:57
3041	922204	E2E-RV-20260721193641	922752	B290	焊接圆角	922285	YXN.069.001.1011	922287	YXN.069.001.1014	1.0	0	2026-05-15 19:20:59	2026-05-15 19:20:59
3042	922204	E2E-RV-20260721193641	922753	B210	焊接远端锥度	922285	YXN.069.001.1011	922280	YXN.069.001.1003	1.0	0	2026-05-15 19:20:58	2026-05-15 19:20:58
3043	922204	E2E-RV-20260721193641	922754	B070	外管切缝	922285	YXN.069.001.1011	922287	YXN.069.001.1014	1.0	0	2026-05-15 19:20:57	2026-05-15 19:20:57
3044	922204	E2E-RV-20260721193641	922755	B080	穿显影环	922285	YXN.069.001.1011	922282	YXN.069.001.1006	1.0	0	2026-05-15 19:20:57	2026-05-15 19:20:57
3045	922204	E2E-RV-20260721193641	922756	B090	压显影环	922285	YXN.069.001.1011	922281	YXN.069.001.1013	1.0	0	2026-05-15 19:20:57	2026-05-15 19:20:57
3046	922204	E2E-RV-20260721193641	922758	B220	快速交换口焊接	922285	YXN.069.001.1011	922280	YXN.069.001.1003	1.0	0	2026-05-15 19:20:58	2026-05-15 19:20:58
3047	922204	E2E-RV-20260721193641	922759	B230	RX口检测	922285	YXN.069.001.1011	922283	YXN.069.001.1009	1.0	0	2026-05-15 19:20:58	2026-05-15 19:20:58
3048	922204	E2E-RV-20260721193641	922760	B240	点胶海波管	922285	YXN.069.001.1011	922282	YXN.069.001.1006	1.0	0	2026-05-15 19:20:58	2026-05-15 19:20:58
3049	922204	E2E-RV-20260721193641	922761	B250	球囊压握	922285	YXN.069.001.1011	922282	YXN.069.001.1006	1.0	0	2026-05-15 19:20:58	2026-05-15 19:20:58
3050	922204	E2E-RV-20260721193641	922762	B280	裁剪圆角	922285	YXN.069.001.1011	922281	YXN.069.001.1013	1.0	0	2026-05-15 19:20:59	2026-05-15 19:20:59
3051	922204	E2E-RV-20260721193641	922763	B310	球囊盘管（机器）	922285	YXN.069.001.1011	922287	YXN.069.001.1014	1.0	0	2026-05-15 19:20:59	2026-05-15 19:20:59
3052	922204	E2E-RV-20260721193641	922764	B320	球囊测漏及全检	922285	YXN.069.001.1011	922280	YXN.069.001.1003	1.0	0	2026-05-15 19:20:59	2026-05-15 19:20:59
3053	922204	E2E-RV-20260721193641	922765	PROC-XLSX-00001	外管拉伸2	922285	YXN.069.001.1011	922287	YXN.069.001.1014	1.0	0	2026-05-15 19:20:57	2026-05-15 19:20:57
3054	922204	E2E-RV-20260721193641	922766	PROC-XLSX-00002	内管拉伸2	922285	YXN.069.001.1011	922280	YXN.069.001.1003	1.0	0	2026-05-15 19:20:57	2026-05-15 19:20:57
3055	922204	E2E-RV-20260721193641	922774	PROC-XLSX-00010	棘突丝拉伸2	922285	YXN.069.001.1011	922283	YXN.069.001.1009	1.0	0	2026-05-15 19:20:57	2026-05-15 19:20:57
3056	922204	E2E-RV-20260721193641	922775	PROC-XLSX-00011	棘突丝切割	922285	YXN.069.001.1011	922282	YXN.069.001.1006	1.0	0	2026-05-15 19:20:57	2026-05-15 19:20:57
3057	922204	E2E-RV-20260721193641	922776	PROC-XLSX-00012	棘突远端焊接	922285	YXN.069.001.1011	922281	YXN.069.001.1013	1.0	0	2026-05-15 19:20:57	2026-05-15 19:20:57
3058	922204	E2E-RV-20260721193641	922777	PROC-XLSX-00013	棘突远端塑型	922285	YXN.069.001.1011	922287	YXN.069.001.1014	1.0	0	2026-05-15 19:20:58	2026-05-15 19:20:58
3059	922204	E2E-RV-20260721193641	922778	PROC-XLSX-00014	棘突近端焊接	922285	YXN.069.001.1011	922283	YXN.069.001.1009	1.0	0	2026-05-15 19:20:58	2026-05-15 19:20:58
3060	922204	E2E-RV-20260721193641	922779	Z2975	棘突TPU 套管粘接	922285	YXN.069.001.1011	922281	YXN.069.001.1013	1.0	0	2026-05-15 19:20:58	2026-05-15 19:20:58
3061	922204	E2E-RV-20260721193641	922780	Z2774	棘突远端锥度焊接	922285	YXN.069.001.1011	922280	YXN.069.001.1003	1.0	0	2026-05-15 19:20:58	2026-05-15 19:20:58
3062	922204	E2E-RV-20260721193641	922781	Z2773	棘突近端粘接	922285	YXN.069.001.1011	922283	YXN.069.001.1009	1.0	0	2026-05-15 19:20:58	2026-05-15 19:20:58
3063	922204	E2E-RV-20260721193641	922782	Z2776	棘突球囊涂层	922285	YXN.069.001.1011	922282	YXN.069.001.1006	1.0	0	2026-05-15 19:20:59	2026-05-15 19:20:59
3064	922205	E2E-RV-20260721194301	922744	B010	吹球囊成型	922285	YXN.069.001.1011	922282	YXN.069.001.1006	1.0	1	2026-05-15 19:20:57	2026-07-22 03:44:59
3065	922205	E2E-RV-20260721194301	922746	B030	球囊裁剪	922285	YXN.069.001.1011	922287	YXN.069.001.1014	1.0	1	2026-05-15 19:20:57	2026-07-22 03:44:59
3066	922205	E2E-RV-20260721194301	922750	B060	外管与球囊焊接	922285	YXN.069.001.1011	922280	YXN.069.001.1003	1.0	1	2026-05-15 19:20:57	2026-07-22 03:44:59
3067	922205	E2E-RV-20260721194301	922752	B290	焊接圆角	922285	YXN.069.001.1011	922287	YXN.069.001.1014	1.0	1	2026-05-15 19:20:59	2026-07-22 03:44:59
3068	922205	E2E-RV-20260721194301	922753	B210	焊接远端锥度	922285	YXN.069.001.1011	922280	YXN.069.001.1003	1.0	1	2026-05-15 19:20:58	2026-07-22 03:44:59
3069	922205	E2E-RV-20260721194301	922754	B070	外管切缝	922285	YXN.069.001.1011	922287	YXN.069.001.1014	1.0	1	2026-05-15 19:20:57	2026-07-22 03:44:59
3070	922205	E2E-RV-20260721194301	922755	B080	穿显影环	922285	YXN.069.001.1011	922282	YXN.069.001.1006	1.0	1	2026-05-15 19:20:57	2026-07-22 03:44:59
3071	922205	E2E-RV-20260721194301	922756	B090	压显影环	922285	YXN.069.001.1011	922281	YXN.069.001.1013	1.0	1	2026-05-15 19:20:57	2026-07-22 03:44:59
3072	922205	E2E-RV-20260721194301	922758	B220	快速交换口焊接	922285	YXN.069.001.1011	922280	YXN.069.001.1003	1.0	1	2026-05-15 19:20:58	2026-07-22 03:44:59
3073	922205	E2E-RV-20260721194301	922759	B230	RX口检测	922285	YXN.069.001.1011	922283	YXN.069.001.1009	1.0	1	2026-05-15 19:20:58	2026-07-22 03:44:59
3074	922205	E2E-RV-20260721194301	922760	B240	点胶海波管	922285	YXN.069.001.1011	922282	YXN.069.001.1006	1.0	1	2026-05-15 19:20:58	2026-07-22 03:44:59
3075	922205	E2E-RV-20260721194301	922761	B250	球囊压握	922285	YXN.069.001.1011	922282	YXN.069.001.1006	1.0	1	2026-05-15 19:20:58	2026-07-22 03:44:59
3076	922205	E2E-RV-20260721194301	922762	B280	裁剪圆角	922285	YXN.069.001.1011	922281	YXN.069.001.1013	1.0	1	2026-05-15 19:20:59	2026-07-22 03:44:59
3077	922205	E2E-RV-20260721194301	922763	B310	球囊盘管（机器）	922285	YXN.069.001.1011	922287	YXN.069.001.1014	1.0	1	2026-05-15 19:20:59	2026-07-22 03:44:59
3078	922205	E2E-RV-20260721194301	922764	B320	球囊测漏及全检	922285	YXN.069.001.1011	922280	YXN.069.001.1003	1.0	1	2026-05-15 19:20:59	2026-07-22 03:44:59
3079	922205	E2E-RV-20260721194301	922765	PROC-XLSX-00001	外管拉伸2	922285	YXN.069.001.1011	922287	YXN.069.001.1014	1.0	1	2026-05-15 19:20:57	2026-07-22 03:44:59
3080	922205	E2E-RV-20260721194301	922766	PROC-XLSX-00002	内管拉伸2	922285	YXN.069.001.1011	922280	YXN.069.001.1003	1.0	1	2026-05-15 19:20:57	2026-07-22 03:44:59
3081	922205	E2E-RV-20260721194301	922774	PROC-XLSX-00010	棘突丝拉伸2	922285	YXN.069.001.1011	922283	YXN.069.001.1009	1.0	1	2026-05-15 19:20:57	2026-07-22 03:44:59
3082	922205	E2E-RV-20260721194301	922775	PROC-XLSX-00011	棘突丝切割	922285	YXN.069.001.1011	922282	YXN.069.001.1006	1.0	1	2026-05-15 19:20:57	2026-07-22 03:44:59
3083	922205	E2E-RV-20260721194301	922776	PROC-XLSX-00012	棘突远端焊接	922285	YXN.069.001.1011	922281	YXN.069.001.1013	1.0	1	2026-05-15 19:20:57	2026-07-22 03:44:59
3084	922205	E2E-RV-20260721194301	922777	PROC-XLSX-00013	棘突远端塑型	922285	YXN.069.001.1011	922287	YXN.069.001.1014	1.0	1	2026-05-15 19:20:58	2026-07-22 03:44:59
3085	922205	E2E-RV-20260721194301	922778	PROC-XLSX-00014	棘突近端焊接	922285	YXN.069.001.1011	922283	YXN.069.001.1009	1.0	1	2026-05-15 19:20:58	2026-07-22 03:44:59
3086	922205	E2E-RV-20260721194301	922779	Z2975	棘突TPU 套管粘接	922285	YXN.069.001.1011	922281	YXN.069.001.1013	1.0	1	2026-05-15 19:20:58	2026-07-22 03:44:59
3087	922205	E2E-RV-20260721194301	922780	Z2774	棘突远端锥度焊接	922285	YXN.069.001.1011	922280	YXN.069.001.1003	1.0	1	2026-05-15 19:20:58	2026-07-22 03:44:59
3088	922205	E2E-RV-20260721194301	922781	Z2773	棘突近端粘接	922285	YXN.069.001.1011	922283	YXN.069.001.1009	1.0	1	2026-05-15 19:20:58	2026-07-22 03:44:59
3089	922205	E2E-RV-20260721194301	922782	Z2776	棘突球囊涂层	922285	YXN.069.001.1011	922282	YXN.069.001.1006	1.0	1	2026-05-15 19:20:59	2026-07-22 03:44:59
3090	922206	E2E-RV-20260721194850	922744	B010	吹球囊成型	922285	YXN.069.001.1011	922282	YXN.069.001.1006	1.0	1	2026-05-15 19:20:57	2026-07-22 03:49:23
3091	922206	E2E-RV-20260721194850	922746	B030	球囊裁剪	922285	YXN.069.001.1011	922287	YXN.069.001.1014	1.0	1	2026-05-15 19:20:57	2026-07-22 03:49:23
3092	922206	E2E-RV-20260721194850	922750	B060	外管与球囊焊接	922285	YXN.069.001.1011	922280	YXN.069.001.1003	1.0	1	2026-05-15 19:20:57	2026-07-22 03:49:23
3093	922206	E2E-RV-20260721194850	922752	B290	焊接圆角	922285	YXN.069.001.1011	922287	YXN.069.001.1014	1.0	1	2026-05-15 19:20:59	2026-07-22 03:49:23
3094	922206	E2E-RV-20260721194850	922753	B210	焊接远端锥度	922285	YXN.069.001.1011	922280	YXN.069.001.1003	1.0	1	2026-05-15 19:20:58	2026-07-22 03:49:23
3095	922206	E2E-RV-20260721194850	922754	B070	外管切缝	922285	YXN.069.001.1011	922287	YXN.069.001.1014	1.0	1	2026-05-15 19:20:57	2026-07-22 03:49:23
3096	922206	E2E-RV-20260721194850	922755	B080	穿显影环	922285	YXN.069.001.1011	922282	YXN.069.001.1006	1.0	1	2026-05-15 19:20:57	2026-07-22 03:49:23
3097	922206	E2E-RV-20260721194850	922756	B090	压显影环	922285	YXN.069.001.1011	922281	YXN.069.001.1013	1.0	1	2026-05-15 19:20:57	2026-07-22 03:49:23
3098	922206	E2E-RV-20260721194850	922758	B220	快速交换口焊接	922285	YXN.069.001.1011	922280	YXN.069.001.1003	1.0	1	2026-05-15 19:20:58	2026-07-22 03:49:23
3099	922206	E2E-RV-20260721194850	922759	B230	RX口检测	922285	YXN.069.001.1011	922283	YXN.069.001.1009	1.0	1	2026-05-15 19:20:58	2026-07-22 03:49:23
3100	922206	E2E-RV-20260721194850	922760	B240	点胶海波管	922285	YXN.069.001.1011	922282	YXN.069.001.1006	1.0	1	2026-05-15 19:20:58	2026-07-22 03:49:23
3101	922206	E2E-RV-20260721194850	922761	B250	球囊压握	922285	YXN.069.001.1011	922282	YXN.069.001.1006	1.0	1	2026-05-15 19:20:58	2026-07-22 03:49:23
3102	922206	E2E-RV-20260721194850	922762	B280	裁剪圆角	922285	YXN.069.001.1011	922281	YXN.069.001.1013	1.0	1	2026-05-15 19:20:59	2026-07-22 03:49:23
3103	922206	E2E-RV-20260721194850	922763	B310	球囊盘管（机器）	922285	YXN.069.001.1011	922287	YXN.069.001.1014	1.0	1	2026-05-15 19:20:59	2026-07-22 03:49:23
3104	922206	E2E-RV-20260721194850	922764	B320	球囊测漏及全检	922285	YXN.069.001.1011	922280	YXN.069.001.1003	1.0	1	2026-05-15 19:20:59	2026-07-22 03:49:23
3105	922206	E2E-RV-20260721194850	922765	PROC-XLSX-00001	外管拉伸2	922285	YXN.069.001.1011	922287	YXN.069.001.1014	1.0	1	2026-05-15 19:20:57	2026-07-22 03:49:23
3106	922206	E2E-RV-20260721194850	922766	PROC-XLSX-00002	内管拉伸2	922285	YXN.069.001.1011	922280	YXN.069.001.1003	1.0	1	2026-05-15 19:20:57	2026-07-22 03:49:23
3107	922206	E2E-RV-20260721194850	922774	PROC-XLSX-00010	棘突丝拉伸2	922285	YXN.069.001.1011	922283	YXN.069.001.1009	1.0	1	2026-05-15 19:20:57	2026-07-22 03:49:23
3108	922206	E2E-RV-20260721194850	922775	PROC-XLSX-00011	棘突丝切割	922285	YXN.069.001.1011	922282	YXN.069.001.1006	1.0	1	2026-05-15 19:20:57	2026-07-22 03:49:23
3109	922206	E2E-RV-20260721194850	922776	PROC-XLSX-00012	棘突远端焊接	922285	YXN.069.001.1011	922281	YXN.069.001.1013	1.0	1	2026-05-15 19:20:57	2026-07-22 03:49:23
3110	922206	E2E-RV-20260721194850	922777	PROC-XLSX-00013	棘突远端塑型	922285	YXN.069.001.1011	922287	YXN.069.001.1014	1.0	1	2026-05-15 19:20:58	2026-07-22 03:49:23
3111	922206	E2E-RV-20260721194850	922778	PROC-XLSX-00014	棘突近端焊接	922285	YXN.069.001.1011	922283	YXN.069.001.1009	1.0	1	2026-05-15 19:20:58	2026-07-22 03:49:23
3112	922206	E2E-RV-20260721194850	922779	Z2975	棘突TPU 套管粘接	922285	YXN.069.001.1011	922281	YXN.069.001.1013	1.0	1	2026-05-15 19:20:58	2026-07-22 03:49:23
3113	922206	E2E-RV-20260721194850	922780	Z2774	棘突远端锥度焊接	922285	YXN.069.001.1011	922280	YXN.069.001.1003	1.0	1	2026-05-15 19:20:58	2026-07-22 03:49:23
3114	922206	E2E-RV-20260721194850	922781	Z2773	棘突近端粘接	922285	YXN.069.001.1011	922283	YXN.069.001.1009	1.0	1	2026-05-15 19:20:58	2026-07-22 03:49:23
3115	922206	E2E-RV-20260721194850	922782	Z2776	棘突球囊涂层	922285	YXN.069.001.1011	922282	YXN.069.001.1006	1.0	1	2026-05-15 19:20:59	2026-07-22 03:49:23
3116	922207	E2E-RV-20260721200559	922744	B010	吹球囊成型	922285	YXN.069.001.1011	922282	YXN.069.001.1006	1.0	1	2026-05-15 19:20:57	2026-07-22 04:06:31
3117	922207	E2E-RV-20260721200559	922746	B030	球囊裁剪	922285	YXN.069.001.1011	922287	YXN.069.001.1014	1.0	1	2026-05-15 19:20:57	2026-07-22 04:06:31
3118	922207	E2E-RV-20260721200559	922750	B060	外管与球囊焊接	922285	YXN.069.001.1011	922280	YXN.069.001.1003	1.0	1	2026-05-15 19:20:57	2026-07-22 04:06:31
3119	922207	E2E-RV-20260721200559	922752	B290	焊接圆角	922285	YXN.069.001.1011	922287	YXN.069.001.1014	1.0	1	2026-05-15 19:20:59	2026-07-22 04:06:31
3120	922207	E2E-RV-20260721200559	922753	B210	焊接远端锥度	922285	YXN.069.001.1011	922280	YXN.069.001.1003	1.0	1	2026-05-15 19:20:58	2026-07-22 04:06:31
3121	922207	E2E-RV-20260721200559	922754	B070	外管切缝	922285	YXN.069.001.1011	922287	YXN.069.001.1014	1.0	1	2026-05-15 19:20:57	2026-07-22 04:06:31
3122	922207	E2E-RV-20260721200559	922755	B080	穿显影环	922285	YXN.069.001.1011	922282	YXN.069.001.1006	1.0	1	2026-05-15 19:20:57	2026-07-22 04:06:31
3123	922207	E2E-RV-20260721200559	922756	B090	压显影环	922285	YXN.069.001.1011	922281	YXN.069.001.1013	1.0	1	2026-05-15 19:20:57	2026-07-22 04:06:31
3124	922207	E2E-RV-20260721200559	922758	B220	快速交换口焊接	922285	YXN.069.001.1011	922280	YXN.069.001.1003	1.0	1	2026-05-15 19:20:58	2026-07-22 04:06:31
3125	922207	E2E-RV-20260721200559	922759	B230	RX口检测	922285	YXN.069.001.1011	922283	YXN.069.001.1009	1.0	1	2026-05-15 19:20:58	2026-07-22 04:06:31
3126	922207	E2E-RV-20260721200559	922760	B240	点胶海波管	922285	YXN.069.001.1011	922282	YXN.069.001.1006	1.0	1	2026-05-15 19:20:58	2026-07-22 04:06:31
3127	922207	E2E-RV-20260721200559	922761	B250	球囊压握	922285	YXN.069.001.1011	922282	YXN.069.001.1006	1.0	1	2026-05-15 19:20:58	2026-07-22 04:06:31
3128	922207	E2E-RV-20260721200559	922762	B280	裁剪圆角	922285	YXN.069.001.1011	922281	YXN.069.001.1013	1.0	1	2026-05-15 19:20:59	2026-07-22 04:06:31
3129	922207	E2E-RV-20260721200559	922763	B310	球囊盘管（机器）	922285	YXN.069.001.1011	922287	YXN.069.001.1014	1.0	1	2026-05-15 19:20:59	2026-07-22 04:06:31
3130	922207	E2E-RV-20260721200559	922764	B320	球囊测漏及全检	922285	YXN.069.001.1011	922280	YXN.069.001.1003	1.0	1	2026-05-15 19:20:59	2026-07-22 04:06:31
3131	922207	E2E-RV-20260721200559	922765	PROC-XLSX-00001	外管拉伸2	922285	YXN.069.001.1011	922287	YXN.069.001.1014	1.0	1	2026-05-15 19:20:57	2026-07-22 04:06:31
3132	922207	E2E-RV-20260721200559	922766	PROC-XLSX-00002	内管拉伸2	922285	YXN.069.001.1011	922280	YXN.069.001.1003	1.0	1	2026-05-15 19:20:57	2026-07-22 04:06:31
3133	922207	E2E-RV-20260721200559	922774	PROC-XLSX-00010	棘突丝拉伸2	922285	YXN.069.001.1011	922283	YXN.069.001.1009	1.0	1	2026-05-15 19:20:57	2026-07-22 04:06:31
3134	922207	E2E-RV-20260721200559	922775	PROC-XLSX-00011	棘突丝切割	922285	YXN.069.001.1011	922282	YXN.069.001.1006	1.0	1	2026-05-15 19:20:57	2026-07-22 04:06:31
3135	922207	E2E-RV-20260721200559	922776	PROC-XLSX-00012	棘突远端焊接	922285	YXN.069.001.1011	922281	YXN.069.001.1013	1.0	1	2026-05-15 19:20:57	2026-07-22 04:06:31
3136	922207	E2E-RV-20260721200559	922777	PROC-XLSX-00013	棘突远端塑型	922285	YXN.069.001.1011	922287	YXN.069.001.1014	1.0	1	2026-05-15 19:20:58	2026-07-22 04:06:31
3137	922207	E2E-RV-20260721200559	922778	PROC-XLSX-00014	棘突近端焊接	922285	YXN.069.001.1011	922283	YXN.069.001.1009	1.0	1	2026-05-15 19:20:58	2026-07-22 04:06:31
3138	922207	E2E-RV-20260721200559	922779	Z2975	棘突TPU 套管粘接	922285	YXN.069.001.1011	922281	YXN.069.001.1013	1.0	1	2026-05-15 19:20:58	2026-07-22 04:06:31
3139	922207	E2E-RV-20260721200559	922780	Z2774	棘突远端锥度焊接	922285	YXN.069.001.1011	922280	YXN.069.001.1003	1.0	1	2026-05-15 19:20:58	2026-07-22 04:06:31
3140	922207	E2E-RV-20260721200559	922781	Z2773	棘突近端粘接	922285	YXN.069.001.1011	922283	YXN.069.001.1009	1.0	1	2026-05-15 19:20:58	2026-07-22 04:06:31
3141	922207	E2E-RV-20260721200559	922782	Z2776	棘突球囊涂层	922285	YXN.069.001.1011	922282	YXN.069.001.1006	1.0	1	2026-05-15 19:20:59	2026-07-22 04:06:31
3142	922208	E2E-RV-20260721202015	922744	B010	吹球囊成型	922285	YXN.069.001.1011	922282	YXN.069.001.1006	1.0	1	2026-05-15 19:20:57	2026-07-22 04:20:36
3143	922208	E2E-RV-20260721202015	922746	B030	球囊裁剪	922285	YXN.069.001.1011	922287	YXN.069.001.1014	1.0	1	2026-05-15 19:20:57	2026-07-22 04:20:36
3144	922208	E2E-RV-20260721202015	922750	B060	外管与球囊焊接	922285	YXN.069.001.1011	922280	YXN.069.001.1003	1.0	1	2026-05-15 19:20:57	2026-07-22 04:20:36
3145	922208	E2E-RV-20260721202015	922752	B290	焊接圆角	922285	YXN.069.001.1011	922287	YXN.069.001.1014	1.0	1	2026-05-15 19:20:59	2026-07-22 04:20:36
3146	922208	E2E-RV-20260721202015	922753	B210	焊接远端锥度	922285	YXN.069.001.1011	922280	YXN.069.001.1003	1.0	1	2026-05-15 19:20:58	2026-07-22 04:20:36
3147	922208	E2E-RV-20260721202015	922754	B070	外管切缝	922285	YXN.069.001.1011	922287	YXN.069.001.1014	1.0	1	2026-05-15 19:20:57	2026-07-22 04:20:36
3148	922208	E2E-RV-20260721202015	922755	B080	穿显影环	922285	YXN.069.001.1011	922282	YXN.069.001.1006	1.0	1	2026-05-15 19:20:57	2026-07-22 04:20:36
3149	922208	E2E-RV-20260721202015	922756	B090	压显影环	922285	YXN.069.001.1011	922281	YXN.069.001.1013	1.0	1	2026-05-15 19:20:57	2026-07-22 04:20:36
3150	922208	E2E-RV-20260721202015	922758	B220	快速交换口焊接	922285	YXN.069.001.1011	922280	YXN.069.001.1003	1.0	1	2026-05-15 19:20:58	2026-07-22 04:20:36
3151	922208	E2E-RV-20260721202015	922759	B230	RX口检测	922285	YXN.069.001.1011	922283	YXN.069.001.1009	1.0	1	2026-05-15 19:20:58	2026-07-22 04:20:36
3152	922208	E2E-RV-20260721202015	922760	B240	点胶海波管	922285	YXN.069.001.1011	922282	YXN.069.001.1006	1.0	1	2026-05-15 19:20:58	2026-07-22 04:20:36
3153	922208	E2E-RV-20260721202015	922761	B250	球囊压握	922285	YXN.069.001.1011	922282	YXN.069.001.1006	1.0	1	2026-05-15 19:20:58	2026-07-22 04:20:36
3154	922208	E2E-RV-20260721202015	922762	B280	裁剪圆角	922285	YXN.069.001.1011	922281	YXN.069.001.1013	1.0	1	2026-05-15 19:20:59	2026-07-22 04:20:36
3155	922208	E2E-RV-20260721202015	922763	B310	球囊盘管（机器）	922285	YXN.069.001.1011	922287	YXN.069.001.1014	1.0	1	2026-05-15 19:20:59	2026-07-22 04:20:36
3156	922208	E2E-RV-20260721202015	922764	B320	球囊测漏及全检	922285	YXN.069.001.1011	922280	YXN.069.001.1003	1.0	1	2026-05-15 19:20:59	2026-07-22 04:20:36
3157	922208	E2E-RV-20260721202015	922765	PROC-XLSX-00001	外管拉伸2	922285	YXN.069.001.1011	922287	YXN.069.001.1014	1.0	1	2026-05-15 19:20:57	2026-07-22 04:20:36
3158	922208	E2E-RV-20260721202015	922766	PROC-XLSX-00002	内管拉伸2	922285	YXN.069.001.1011	922280	YXN.069.001.1003	1.0	1	2026-05-15 19:20:57	2026-07-22 04:20:36
3159	922208	E2E-RV-20260721202015	922774	PROC-XLSX-00010	棘突丝拉伸2	922285	YXN.069.001.1011	922283	YXN.069.001.1009	1.0	1	2026-05-15 19:20:57	2026-07-22 04:20:36
3160	922208	E2E-RV-20260721202015	922775	PROC-XLSX-00011	棘突丝切割	922285	YXN.069.001.1011	922282	YXN.069.001.1006	1.0	1	2026-05-15 19:20:57	2026-07-22 04:20:36
3161	922208	E2E-RV-20260721202015	922776	PROC-XLSX-00012	棘突远端焊接	922285	YXN.069.001.1011	922281	YXN.069.001.1013	1.0	1	2026-05-15 19:20:57	2026-07-22 04:20:36
3162	922208	E2E-RV-20260721202015	922777	PROC-XLSX-00013	棘突远端塑型	922285	YXN.069.001.1011	922287	YXN.069.001.1014	1.0	1	2026-05-15 19:20:58	2026-07-22 04:20:36
3163	922208	E2E-RV-20260721202015	922778	PROC-XLSX-00014	棘突近端焊接	922285	YXN.069.001.1011	922283	YXN.069.001.1009	1.0	1	2026-05-15 19:20:58	2026-07-22 04:20:36
3164	922208	E2E-RV-20260721202015	922779	Z2975	棘突TPU 套管粘接	922285	YXN.069.001.1011	922281	YXN.069.001.1013	1.0	1	2026-05-15 19:20:58	2026-07-22 04:20:36
3165	922208	E2E-RV-20260721202015	922780	Z2774	棘突远端锥度焊接	922285	YXN.069.001.1011	922280	YXN.069.001.1003	1.0	1	2026-05-15 19:20:58	2026-07-22 04:20:36
3166	922208	E2E-RV-20260721202015	922781	Z2773	棘突近端粘接	922285	YXN.069.001.1011	922283	YXN.069.001.1009	1.0	1	2026-05-15 19:20:58	2026-07-22 04:20:36
3167	922208	E2E-RV-20260721202015	922782	Z2776	棘突球囊涂层	922285	YXN.069.001.1011	922282	YXN.069.001.1006	1.0	1	2026-05-15 19:20:59	2026-07-22 04:20:36
3168	922208	E2E-RV-20260721202015	922744	B010	吹球囊成型	922285	YXN.069.001.1011	922282	YXN.069.001.1006	1.0	1	2026-07-22 04:20:36	2026-07-22 04:20:51
3169	922208	E2E-RV-20260721202015	922746	B030	球囊裁剪	922285	YXN.069.001.1011	922287	YXN.069.001.1014	1.0	1	2026-07-22 04:20:36	2026-07-22 04:20:51
3170	922208	E2E-RV-20260721202015	922750	B060	外管与球囊焊接	922285	YXN.069.001.1011	922280	YXN.069.001.1003	1.0	1	2026-07-22 04:20:36	2026-07-22 04:20:51
3171	922208	E2E-RV-20260721202015	922752	B290	焊接圆角	922285	YXN.069.001.1011	922287	YXN.069.001.1014	1.0	1	2026-07-22 04:20:36	2026-07-22 04:20:51
3172	922208	E2E-RV-20260721202015	922753	B210	焊接远端锥度	922285	YXN.069.001.1011	922280	YXN.069.001.1003	1.0	1	2026-07-22 04:20:36	2026-07-22 04:20:51
3173	922208	E2E-RV-20260721202015	922754	B070	外管切缝	922285	YXN.069.001.1011	922287	YXN.069.001.1014	1.0	1	2026-07-22 04:20:36	2026-07-22 04:20:51
3174	922208	E2E-RV-20260721202015	922755	B080	穿显影环	922285	YXN.069.001.1011	922282	YXN.069.001.1006	1.0	1	2026-07-22 04:20:36	2026-07-22 04:20:51
3175	922208	E2E-RV-20260721202015	922756	B090	压显影环	922285	YXN.069.001.1011	922281	YXN.069.001.1013	1.0	1	2026-07-22 04:20:36	2026-07-22 04:20:51
3176	922208	E2E-RV-20260721202015	922758	B220	快速交换口焊接	922285	YXN.069.001.1011	922280	YXN.069.001.1003	1.0	1	2026-07-22 04:20:36	2026-07-22 04:20:51
3177	922208	E2E-RV-20260721202015	922759	B230	RX口检测	922285	YXN.069.001.1011	922283	YXN.069.001.1009	1.0	1	2026-07-22 04:20:36	2026-07-22 04:20:51
3178	922208	E2E-RV-20260721202015	922760	B240	点胶海波管	922285	YXN.069.001.1011	922282	YXN.069.001.1006	1.0	1	2026-07-22 04:20:36	2026-07-22 04:20:51
3179	922208	E2E-RV-20260721202015	922761	B250	球囊压握	922285	YXN.069.001.1011	922282	YXN.069.001.1006	1.0	1	2026-07-22 04:20:36	2026-07-22 04:20:51
3180	922208	E2E-RV-20260721202015	922762	B280	裁剪圆角	922285	YXN.069.001.1011	922281	YXN.069.001.1013	1.0	1	2026-07-22 04:20:36	2026-07-22 04:20:51
3181	922208	E2E-RV-20260721202015	922763	B310	球囊盘管（机器）	922285	YXN.069.001.1011	922287	YXN.069.001.1014	1.0	1	2026-07-22 04:20:36	2026-07-22 04:20:51
3182	922208	E2E-RV-20260721202015	922764	B320	球囊测漏及全检	922285	YXN.069.001.1011	922280	YXN.069.001.1003	1.0	1	2026-07-22 04:20:36	2026-07-22 04:20:51
3183	922208	E2E-RV-20260721202015	922765	PROC-XLSX-00001	外管拉伸2	922285	YXN.069.001.1011	922287	YXN.069.001.1014	1.0	1	2026-07-22 04:20:36	2026-07-22 04:20:51
3184	922208	E2E-RV-20260721202015	922766	PROC-XLSX-00002	内管拉伸2	922285	YXN.069.001.1011	922280	YXN.069.001.1003	1.0	1	2026-07-22 04:20:36	2026-07-22 04:20:51
3185	922208	E2E-RV-20260721202015	922774	PROC-XLSX-00010	棘突丝拉伸2	922285	YXN.069.001.1011	922283	YXN.069.001.1009	1.0	1	2026-07-22 04:20:37	2026-07-22 04:20:51
3186	922208	E2E-RV-20260721202015	922775	PROC-XLSX-00011	棘突丝切割	922285	YXN.069.001.1011	922282	YXN.069.001.1006	1.0	1	2026-07-22 04:20:37	2026-07-22 04:20:51
3187	922208	E2E-RV-20260721202015	922776	PROC-XLSX-00012	棘突远端焊接	922285	YXN.069.001.1011	922281	YXN.069.001.1013	1.0	1	2026-07-22 04:20:37	2026-07-22 04:20:51
3188	922208	E2E-RV-20260721202015	922777	PROC-XLSX-00013	棘突远端塑型	922285	YXN.069.001.1011	922287	YXN.069.001.1014	1.0	1	2026-07-22 04:20:37	2026-07-22 04:20:51
3189	922208	E2E-RV-20260721202015	922778	PROC-XLSX-00014	棘突近端焊接	922285	YXN.069.001.1011	922283	YXN.069.001.1009	1.0	1	2026-07-22 04:20:37	2026-07-22 04:20:51
3190	922208	E2E-RV-20260721202015	922779	Z2975	棘突TPU 套管粘接	922285	YXN.069.001.1011	922281	YXN.069.001.1013	1.0	1	2026-07-22 04:20:37	2026-07-22 04:20:51
3191	922208	E2E-RV-20260721202015	922780	Z2774	棘突远端锥度焊接	922285	YXN.069.001.1011	922280	YXN.069.001.1003	1.0	1	2026-07-22 04:20:37	2026-07-22 04:20:51
3192	922208	E2E-RV-20260721202015	922781	Z2773	棘突近端粘接	922285	YXN.069.001.1011	922283	YXN.069.001.1009	1.0	1	2026-07-22 04:20:37	2026-07-22 04:20:51
3193	922208	E2E-RV-20260721202015	922782	Z2776	棘突球囊涂层	922285	YXN.069.001.1011	922282	YXN.069.001.1006	1.0	1	2026-07-22 04:20:37	2026-07-22 04:20:51
3194	922209	E2E-RV-20260721214628	922744	B010	吹球囊成型	922285	YXN.069.001.1011	922282	YXN.069.001.1006	1.0	1	2026-05-15 19:20:57	2026-07-22 05:48:39
3195	922209	E2E-RV-20260721214628	922746	B030	球囊裁剪	922285	YXN.069.001.1011	922287	YXN.069.001.1014	1.0	1	2026-05-15 19:20:57	2026-07-22 05:48:39
3196	922209	E2E-RV-20260721214628	922750	B060	外管与球囊焊接	922285	YXN.069.001.1011	922280	YXN.069.001.1003	1.0	1	2026-05-15 19:20:57	2026-07-22 05:48:39
3197	922209	E2E-RV-20260721214628	922752	B290	焊接圆角	922285	YXN.069.001.1011	922287	YXN.069.001.1014	1.0	1	2026-05-15 19:20:59	2026-07-22 05:48:39
3198	922209	E2E-RV-20260721214628	922753	B210	焊接远端锥度	922285	YXN.069.001.1011	922280	YXN.069.001.1003	1.0	1	2026-05-15 19:20:58	2026-07-22 05:48:39
3199	922209	E2E-RV-20260721214628	922754	B070	外管切缝	922285	YXN.069.001.1011	922287	YXN.069.001.1014	1.0	1	2026-05-15 19:20:57	2026-07-22 05:48:39
3200	922209	E2E-RV-20260721214628	922755	B080	穿显影环	922285	YXN.069.001.1011	922282	YXN.069.001.1006	1.0	1	2026-05-15 19:20:57	2026-07-22 05:48:39
3201	922209	E2E-RV-20260721214628	922756	B090	压显影环	922285	YXN.069.001.1011	922281	YXN.069.001.1013	1.0	1	2026-05-15 19:20:57	2026-07-22 05:48:39
3202	922209	E2E-RV-20260721214628	922758	B220	快速交换口焊接	922285	YXN.069.001.1011	922280	YXN.069.001.1003	1.0	1	2026-05-15 19:20:58	2026-07-22 05:48:39
3203	922209	E2E-RV-20260721214628	922759	B230	RX口检测	922285	YXN.069.001.1011	922283	YXN.069.001.1009	1.0	1	2026-05-15 19:20:58	2026-07-22 05:48:39
3204	922209	E2E-RV-20260721214628	922760	B240	点胶海波管	922285	YXN.069.001.1011	922282	YXN.069.001.1006	1.0	1	2026-05-15 19:20:58	2026-07-22 05:48:39
3205	922209	E2E-RV-20260721214628	922761	B250	球囊压握	922285	YXN.069.001.1011	922282	YXN.069.001.1006	1.0	1	2026-05-15 19:20:58	2026-07-22 05:48:39
3206	922209	E2E-RV-20260721214628	922762	B280	裁剪圆角	922285	YXN.069.001.1011	922281	YXN.069.001.1013	1.0	1	2026-05-15 19:20:59	2026-07-22 05:48:39
3207	922209	E2E-RV-20260721214628	922763	B310	球囊盘管（机器）	922285	YXN.069.001.1011	922287	YXN.069.001.1014	1.0	1	2026-05-15 19:20:59	2026-07-22 05:48:39
3208	922209	E2E-RV-20260721214628	922764	B320	球囊测漏及全检	922285	YXN.069.001.1011	922280	YXN.069.001.1003	1.0	1	2026-05-15 19:20:59	2026-07-22 05:48:39
3209	922209	E2E-RV-20260721214628	922765	PROC-XLSX-00001	外管拉伸2	922285	YXN.069.001.1011	922287	YXN.069.001.1014	1.0	1	2026-05-15 19:20:57	2026-07-22 05:48:39
3210	922209	E2E-RV-20260721214628	922766	PROC-XLSX-00002	内管拉伸2	922285	YXN.069.001.1011	922280	YXN.069.001.1003	1.0	1	2026-05-15 19:20:57	2026-07-22 05:48:39
3211	922209	E2E-RV-20260721214628	922774	PROC-XLSX-00010	棘突丝拉伸2	922285	YXN.069.001.1011	922283	YXN.069.001.1009	1.0	1	2026-05-15 19:20:57	2026-07-22 05:48:39
3212	922209	E2E-RV-20260721214628	922775	PROC-XLSX-00011	棘突丝切割	922285	YXN.069.001.1011	922282	YXN.069.001.1006	1.0	1	2026-05-15 19:20:57	2026-07-22 05:48:39
3213	922209	E2E-RV-20260721214628	922776	PROC-XLSX-00012	棘突远端焊接	922285	YXN.069.001.1011	922281	YXN.069.001.1013	1.0	1	2026-05-15 19:20:57	2026-07-22 05:48:39
3214	922209	E2E-RV-20260721214628	922777	PROC-XLSX-00013	棘突远端塑型	922285	YXN.069.001.1011	922287	YXN.069.001.1014	1.0	1	2026-05-15 19:20:58	2026-07-22 05:48:39
3215	922209	E2E-RV-20260721214628	922778	PROC-XLSX-00014	棘突近端焊接	922285	YXN.069.001.1011	922283	YXN.069.001.1009	1.0	1	2026-05-15 19:20:58	2026-07-22 05:48:39
3216	922209	E2E-RV-20260721214628	922779	Z2975	棘突TPU 套管粘接	922285	YXN.069.001.1011	922281	YXN.069.001.1013	1.0	1	2026-05-15 19:20:58	2026-07-22 05:48:39
3217	922209	E2E-RV-20260721214628	922780	Z2774	棘突远端锥度焊接	922285	YXN.069.001.1011	922280	YXN.069.001.1003	1.0	1	2026-05-15 19:20:58	2026-07-22 05:48:39
3218	922209	E2E-RV-20260721214628	922781	Z2773	棘突近端粘接	922285	YXN.069.001.1011	922283	YXN.069.001.1009	1.0	1	2026-05-15 19:20:58	2026-07-22 05:48:39
3219	922209	E2E-RV-20260721214628	922782	Z2776	棘突球囊涂层	922285	YXN.069.001.1011	922282	YXN.069.001.1006	1.0	1	2026-05-15 19:20:59	2026-07-22 05:48:39
3220	922210	E2E-RV-20260721220020	922744	B010	吹球囊成型	922285	YXN.069.001.1011	922282	YXN.069.001.1006	1.0	1	2026-05-15 19:20:57	2026-07-22 06:00:51
3221	922210	E2E-RV-20260721220020	922746	B030	球囊裁剪	922285	YXN.069.001.1011	922287	YXN.069.001.1014	1.0	1	2026-05-15 19:20:57	2026-07-22 06:00:51
3222	922210	E2E-RV-20260721220020	922750	B060	外管与球囊焊接	922285	YXN.069.001.1011	922280	YXN.069.001.1003	1.0	1	2026-05-15 19:20:57	2026-07-22 06:00:51
3223	922210	E2E-RV-20260721220020	922752	B290	焊接圆角	922285	YXN.069.001.1011	922287	YXN.069.001.1014	1.0	1	2026-05-15 19:20:59	2026-07-22 06:00:51
3224	922210	E2E-RV-20260721220020	922753	B210	焊接远端锥度	922285	YXN.069.001.1011	922280	YXN.069.001.1003	1.0	1	2026-05-15 19:20:58	2026-07-22 06:00:51
3225	922210	E2E-RV-20260721220020	922754	B070	外管切缝	922285	YXN.069.001.1011	922287	YXN.069.001.1014	1.0	1	2026-05-15 19:20:57	2026-07-22 06:00:51
3226	922210	E2E-RV-20260721220020	922755	B080	穿显影环	922285	YXN.069.001.1011	922282	YXN.069.001.1006	1.0	1	2026-05-15 19:20:57	2026-07-22 06:00:51
3227	922210	E2E-RV-20260721220020	922756	B090	压显影环	922285	YXN.069.001.1011	922281	YXN.069.001.1013	1.0	1	2026-05-15 19:20:57	2026-07-22 06:00:51
3228	922210	E2E-RV-20260721220020	922758	B220	快速交换口焊接	922285	YXN.069.001.1011	922280	YXN.069.001.1003	1.0	1	2026-05-15 19:20:58	2026-07-22 06:00:51
3229	922210	E2E-RV-20260721220020	922759	B230	RX口检测	922285	YXN.069.001.1011	922283	YXN.069.001.1009	1.0	1	2026-05-15 19:20:58	2026-07-22 06:00:51
3230	922210	E2E-RV-20260721220020	922760	B240	点胶海波管	922285	YXN.069.001.1011	922282	YXN.069.001.1006	1.0	1	2026-05-15 19:20:58	2026-07-22 06:00:51
3231	922210	E2E-RV-20260721220020	922761	B250	球囊压握	922285	YXN.069.001.1011	922282	YXN.069.001.1006	1.0	1	2026-05-15 19:20:58	2026-07-22 06:00:51
3232	922210	E2E-RV-20260721220020	922762	B280	裁剪圆角	922285	YXN.069.001.1011	922281	YXN.069.001.1013	1.0	1	2026-05-15 19:20:59	2026-07-22 06:00:51
3233	922210	E2E-RV-20260721220020	922763	B310	球囊盘管（机器）	922285	YXN.069.001.1011	922287	YXN.069.001.1014	1.0	1	2026-05-15 19:20:59	2026-07-22 06:00:51
3234	922210	E2E-RV-20260721220020	922764	B320	球囊测漏及全检	922285	YXN.069.001.1011	922280	YXN.069.001.1003	1.0	1	2026-05-15 19:20:59	2026-07-22 06:00:51
3235	922210	E2E-RV-20260721220020	922765	PROC-XLSX-00001	外管拉伸2	922285	YXN.069.001.1011	922287	YXN.069.001.1014	1.0	1	2026-05-15 19:20:57	2026-07-22 06:00:51
3236	922210	E2E-RV-20260721220020	922766	PROC-XLSX-00002	内管拉伸2	922285	YXN.069.001.1011	922280	YXN.069.001.1003	1.0	1	2026-05-15 19:20:57	2026-07-22 06:00:51
3237	922210	E2E-RV-20260721220020	922774	PROC-XLSX-00010	棘突丝拉伸2	922285	YXN.069.001.1011	922283	YXN.069.001.1009	1.0	1	2026-05-15 19:20:57	2026-07-22 06:00:51
3238	922210	E2E-RV-20260721220020	922775	PROC-XLSX-00011	棘突丝切割	922285	YXN.069.001.1011	922282	YXN.069.001.1006	1.0	1	2026-05-15 19:20:57	2026-07-22 06:00:51
3239	922210	E2E-RV-20260721220020	922776	PROC-XLSX-00012	棘突远端焊接	922285	YXN.069.001.1011	922281	YXN.069.001.1013	1.0	1	2026-05-15 19:20:57	2026-07-22 06:00:51
3240	922210	E2E-RV-20260721220020	922777	PROC-XLSX-00013	棘突远端塑型	922285	YXN.069.001.1011	922287	YXN.069.001.1014	1.0	1	2026-05-15 19:20:58	2026-07-22 06:00:51
3241	922210	E2E-RV-20260721220020	922778	PROC-XLSX-00014	棘突近端焊接	922285	YXN.069.001.1011	922283	YXN.069.001.1009	1.0	1	2026-05-15 19:20:58	2026-07-22 06:00:51
3242	922210	E2E-RV-20260721220020	922779	Z2975	棘突TPU 套管粘接	922285	YXN.069.001.1011	922281	YXN.069.001.1013	1.0	1	2026-05-15 19:20:58	2026-07-22 06:00:51
3243	922210	E2E-RV-20260721220020	922780	Z2774	棘突远端锥度焊接	922285	YXN.069.001.1011	922280	YXN.069.001.1003	1.0	1	2026-05-15 19:20:58	2026-07-22 06:00:51
3244	922210	E2E-RV-20260721220020	922781	Z2773	棘突近端粘接	922285	YXN.069.001.1011	922283	YXN.069.001.1009	1.0	1	2026-05-15 19:20:58	2026-07-22 06:00:51
3245	922210	E2E-RV-20260721220020	922782	Z2776	棘突球囊涂层	922285	YXN.069.001.1011	922282	YXN.069.001.1006	1.0	1	2026-05-15 19:20:59	2026-07-22 06:00:51
3246	922210	E2E-RV-20260721220020	922744	B010	吹球囊成型	922285	YXN.069.001.1011	922282	YXN.069.001.1006	1.0	1	2026-07-22 06:00:51	2026-07-22 06:01:03
3247	922210	E2E-RV-20260721220020	922746	B030	球囊裁剪	922285	YXN.069.001.1011	922287	YXN.069.001.1014	1.0	1	2026-07-22 06:00:51	2026-07-22 06:01:03
3248	922210	E2E-RV-20260721220020	922750	B060	外管与球囊焊接	922285	YXN.069.001.1011	922280	YXN.069.001.1003	1.0	1	2026-07-22 06:00:51	2026-07-22 06:01:03
3249	922210	E2E-RV-20260721220020	922752	B290	焊接圆角	922285	YXN.069.001.1011	922287	YXN.069.001.1014	1.0	1	2026-07-22 06:00:51	2026-07-22 06:01:03
3250	922210	E2E-RV-20260721220020	922753	B210	焊接远端锥度	922285	YXN.069.001.1011	922280	YXN.069.001.1003	1.0	1	2026-07-22 06:00:51	2026-07-22 06:01:03
3251	922210	E2E-RV-20260721220020	922754	B070	外管切缝	922285	YXN.069.001.1011	922287	YXN.069.001.1014	1.0	1	2026-07-22 06:00:51	2026-07-22 06:01:03
3252	922210	E2E-RV-20260721220020	922755	B080	穿显影环	922285	YXN.069.001.1011	922282	YXN.069.001.1006	1.0	1	2026-07-22 06:00:51	2026-07-22 06:01:03
3253	922210	E2E-RV-20260721220020	922756	B090	压显影环	922285	YXN.069.001.1011	922281	YXN.069.001.1013	1.0	1	2026-07-22 06:00:51	2026-07-22 06:01:03
3254	922210	E2E-RV-20260721220020	922758	B220	快速交换口焊接	922285	YXN.069.001.1011	922280	YXN.069.001.1003	1.0	1	2026-07-22 06:00:51	2026-07-22 06:01:03
3255	922210	E2E-RV-20260721220020	922759	B230	RX口检测	922285	YXN.069.001.1011	922283	YXN.069.001.1009	1.0	1	2026-07-22 06:00:51	2026-07-22 06:01:03
3256	922210	E2E-RV-20260721220020	922760	B240	点胶海波管	922285	YXN.069.001.1011	922282	YXN.069.001.1006	1.0	1	2026-07-22 06:00:51	2026-07-22 06:01:03
3257	922210	E2E-RV-20260721220020	922761	B250	球囊压握	922285	YXN.069.001.1011	922282	YXN.069.001.1006	1.0	1	2026-07-22 06:00:51	2026-07-22 06:01:03
3258	922210	E2E-RV-20260721220020	922762	B280	裁剪圆角	922285	YXN.069.001.1011	922281	YXN.069.001.1013	1.0	1	2026-07-22 06:00:51	2026-07-22 06:01:03
3259	922210	E2E-RV-20260721220020	922763	B310	球囊盘管（机器）	922285	YXN.069.001.1011	922287	YXN.069.001.1014	1.0	1	2026-07-22 06:00:51	2026-07-22 06:01:03
3260	922210	E2E-RV-20260721220020	922764	B320	球囊测漏及全检	922285	YXN.069.001.1011	922280	YXN.069.001.1003	1.0	1	2026-07-22 06:00:51	2026-07-22 06:01:03
3261	922210	E2E-RV-20260721220020	922765	PROC-XLSX-00001	外管拉伸2	922285	YXN.069.001.1011	922287	YXN.069.001.1014	1.0	1	2026-07-22 06:00:51	2026-07-22 06:01:03
3262	922210	E2E-RV-20260721220020	922766	PROC-XLSX-00002	内管拉伸2	922285	YXN.069.001.1011	922280	YXN.069.001.1003	1.0	1	2026-07-22 06:00:51	2026-07-22 06:01:03
3263	922210	E2E-RV-20260721220020	922774	PROC-XLSX-00010	棘突丝拉伸2	922285	YXN.069.001.1011	922283	YXN.069.001.1009	1.0	1	2026-07-22 06:00:51	2026-07-22 06:01:03
3264	922210	E2E-RV-20260721220020	922775	PROC-XLSX-00011	棘突丝切割	922285	YXN.069.001.1011	922282	YXN.069.001.1006	1.0	1	2026-07-22 06:00:51	2026-07-22 06:01:03
3265	922210	E2E-RV-20260721220020	922776	PROC-XLSX-00012	棘突远端焊接	922285	YXN.069.001.1011	922281	YXN.069.001.1013	1.0	1	2026-07-22 06:00:51	2026-07-22 06:01:03
3266	922210	E2E-RV-20260721220020	922777	PROC-XLSX-00013	棘突远端塑型	922285	YXN.069.001.1011	922287	YXN.069.001.1014	1.0	1	2026-07-22 06:00:51	2026-07-22 06:01:03
3267	922210	E2E-RV-20260721220020	922778	PROC-XLSX-00014	棘突近端焊接	922285	YXN.069.001.1011	922283	YXN.069.001.1009	1.0	1	2026-07-22 06:00:51	2026-07-22 06:01:03
3268	922210	E2E-RV-20260721220020	922779	Z2975	棘突TPU 套管粘接	922285	YXN.069.001.1011	922281	YXN.069.001.1013	1.0	1	2026-07-22 06:00:51	2026-07-22 06:01:03
3269	922210	E2E-RV-20260721220020	922780	Z2774	棘突远端锥度焊接	922285	YXN.069.001.1011	922280	YXN.069.001.1003	1.0	1	2026-07-22 06:00:51	2026-07-22 06:01:03
3270	922210	E2E-RV-20260721220020	922781	Z2773	棘突近端粘接	922285	YXN.069.001.1011	922283	YXN.069.001.1009	1.0	1	2026-07-22 06:00:51	2026-07-22 06:01:03
3271	922210	E2E-RV-20260721220020	922782	Z2776	棘突球囊涂层	922285	YXN.069.001.1011	922282	YXN.069.001.1006	1.0	1	2026-07-22 06:00:51	2026-07-22 06:01:03
3272	922211	E2E-RV-20260721222157	922744	B010	吹球囊成型	922285	YXN.069.001.1011	922282	YXN.069.001.1006	1.0	1	2026-05-15 19:20:57	2026-07-22 06:22:28
3273	922211	E2E-RV-20260721222157	922746	B030	球囊裁剪	922285	YXN.069.001.1011	922287	YXN.069.001.1014	1.0	1	2026-05-15 19:20:57	2026-07-22 06:22:28
3274	922211	E2E-RV-20260721222157	922750	B060	外管与球囊焊接	922285	YXN.069.001.1011	922280	YXN.069.001.1003	1.0	1	2026-05-15 19:20:57	2026-07-22 06:22:28
3275	922211	E2E-RV-20260721222157	922752	B290	焊接圆角	922285	YXN.069.001.1011	922287	YXN.069.001.1014	1.0	1	2026-05-15 19:20:59	2026-07-22 06:22:28
3276	922211	E2E-RV-20260721222157	922753	B210	焊接远端锥度	922285	YXN.069.001.1011	922280	YXN.069.001.1003	1.0	1	2026-05-15 19:20:58	2026-07-22 06:22:28
3277	922211	E2E-RV-20260721222157	922754	B070	外管切缝	922285	YXN.069.001.1011	922287	YXN.069.001.1014	1.0	1	2026-05-15 19:20:57	2026-07-22 06:22:28
3278	922211	E2E-RV-20260721222157	922755	B080	穿显影环	922285	YXN.069.001.1011	922282	YXN.069.001.1006	1.0	1	2026-05-15 19:20:57	2026-07-22 06:22:28
3279	922211	E2E-RV-20260721222157	922756	B090	压显影环	922285	YXN.069.001.1011	922281	YXN.069.001.1013	1.0	1	2026-05-15 19:20:57	2026-07-22 06:22:28
3280	922211	E2E-RV-20260721222157	922758	B220	快速交换口焊接	922285	YXN.069.001.1011	922280	YXN.069.001.1003	1.0	1	2026-05-15 19:20:58	2026-07-22 06:22:28
3281	922211	E2E-RV-20260721222157	922759	B230	RX口检测	922285	YXN.069.001.1011	922283	YXN.069.001.1009	1.0	1	2026-05-15 19:20:58	2026-07-22 06:22:28
3282	922211	E2E-RV-20260721222157	922760	B240	点胶海波管	922285	YXN.069.001.1011	922282	YXN.069.001.1006	1.0	1	2026-05-15 19:20:58	2026-07-22 06:22:28
3283	922211	E2E-RV-20260721222157	922761	B250	球囊压握	922285	YXN.069.001.1011	922282	YXN.069.001.1006	1.0	1	2026-05-15 19:20:58	2026-07-22 06:22:28
3284	922211	E2E-RV-20260721222157	922762	B280	裁剪圆角	922285	YXN.069.001.1011	922281	YXN.069.001.1013	1.0	1	2026-05-15 19:20:59	2026-07-22 06:22:28
3285	922211	E2E-RV-20260721222157	922763	B310	球囊盘管（机器）	922285	YXN.069.001.1011	922287	YXN.069.001.1014	1.0	1	2026-05-15 19:20:59	2026-07-22 06:22:28
3286	922211	E2E-RV-20260721222157	922764	B320	球囊测漏及全检	922285	YXN.069.001.1011	922280	YXN.069.001.1003	1.0	1	2026-05-15 19:20:59	2026-07-22 06:22:28
3287	922211	E2E-RV-20260721222157	922765	PROC-XLSX-00001	外管拉伸2	922285	YXN.069.001.1011	922287	YXN.069.001.1014	1.0	1	2026-05-15 19:20:57	2026-07-22 06:22:28
3288	922211	E2E-RV-20260721222157	922766	PROC-XLSX-00002	内管拉伸2	922285	YXN.069.001.1011	922280	YXN.069.001.1003	1.0	1	2026-05-15 19:20:57	2026-07-22 06:22:28
3289	922211	E2E-RV-20260721222157	922774	PROC-XLSX-00010	棘突丝拉伸2	922285	YXN.069.001.1011	922283	YXN.069.001.1009	1.0	1	2026-05-15 19:20:57	2026-07-22 06:22:28
3290	922211	E2E-RV-20260721222157	922775	PROC-XLSX-00011	棘突丝切割	922285	YXN.069.001.1011	922282	YXN.069.001.1006	1.0	1	2026-05-15 19:20:57	2026-07-22 06:22:28
3291	922211	E2E-RV-20260721222157	922776	PROC-XLSX-00012	棘突远端焊接	922285	YXN.069.001.1011	922281	YXN.069.001.1013	1.0	1	2026-05-15 19:20:57	2026-07-22 06:22:28
3292	922211	E2E-RV-20260721222157	922777	PROC-XLSX-00013	棘突远端塑型	922285	YXN.069.001.1011	922287	YXN.069.001.1014	1.0	1	2026-05-15 19:20:58	2026-07-22 06:22:28
3293	922211	E2E-RV-20260721222157	922778	PROC-XLSX-00014	棘突近端焊接	922285	YXN.069.001.1011	922283	YXN.069.001.1009	1.0	1	2026-05-15 19:20:58	2026-07-22 06:22:28
3294	922211	E2E-RV-20260721222157	922779	Z2975	棘突TPU 套管粘接	922285	YXN.069.001.1011	922281	YXN.069.001.1013	1.0	1	2026-05-15 19:20:58	2026-07-22 06:22:28
3295	922211	E2E-RV-20260721222157	922780	Z2774	棘突远端锥度焊接	922285	YXN.069.001.1011	922280	YXN.069.001.1003	1.0	1	2026-05-15 19:20:58	2026-07-22 06:22:28
3296	922211	E2E-RV-20260721222157	922781	Z2773	棘突近端粘接	922285	YXN.069.001.1011	922283	YXN.069.001.1009	1.0	1	2026-05-15 19:20:58	2026-07-22 06:22:28
3297	922211	E2E-RV-20260721222157	922782	Z2776	棘突球囊涂层	922285	YXN.069.001.1011	922282	YXN.069.001.1006	1.0	1	2026-05-15 19:20:59	2026-07-22 06:22:28
3298	922211	E2E-RV-20260721222157	922744	B010	吹球囊成型	922285	YXN.069.001.1011	922282	YXN.069.001.1006	1.0	1	2026-07-22 06:22:28	2026-07-22 06:22:40
3299	922211	E2E-RV-20260721222157	922746	B030	球囊裁剪	922285	YXN.069.001.1011	922287	YXN.069.001.1014	1.0	1	2026-07-22 06:22:28	2026-07-22 06:22:40
3300	922211	E2E-RV-20260721222157	922750	B060	外管与球囊焊接	922285	YXN.069.001.1011	922280	YXN.069.001.1003	1.0	1	2026-07-22 06:22:28	2026-07-22 06:22:40
3301	922211	E2E-RV-20260721222157	922752	B290	焊接圆角	922285	YXN.069.001.1011	922287	YXN.069.001.1014	1.0	1	2026-07-22 06:22:28	2026-07-22 06:22:40
3302	922211	E2E-RV-20260721222157	922753	B210	焊接远端锥度	922285	YXN.069.001.1011	922280	YXN.069.001.1003	1.0	1	2026-07-22 06:22:28	2026-07-22 06:22:40
3303	922211	E2E-RV-20260721222157	922754	B070	外管切缝	922285	YXN.069.001.1011	922287	YXN.069.001.1014	1.0	1	2026-07-22 06:22:28	2026-07-22 06:22:40
3304	922211	E2E-RV-20260721222157	922755	B080	穿显影环	922285	YXN.069.001.1011	922282	YXN.069.001.1006	1.0	1	2026-07-22 06:22:28	2026-07-22 06:22:40
3305	922211	E2E-RV-20260721222157	922756	B090	压显影环	922285	YXN.069.001.1011	922281	YXN.069.001.1013	1.0	1	2026-07-22 06:22:28	2026-07-22 06:22:40
3306	922211	E2E-RV-20260721222157	922758	B220	快速交换口焊接	922285	YXN.069.001.1011	922280	YXN.069.001.1003	1.0	1	2026-07-22 06:22:28	2026-07-22 06:22:40
3307	922211	E2E-RV-20260721222157	922759	B230	RX口检测	922285	YXN.069.001.1011	922283	YXN.069.001.1009	1.0	1	2026-07-22 06:22:28	2026-07-22 06:22:40
3308	922211	E2E-RV-20260721222157	922760	B240	点胶海波管	922285	YXN.069.001.1011	922282	YXN.069.001.1006	1.0	1	2026-07-22 06:22:28	2026-07-22 06:22:40
3309	922211	E2E-RV-20260721222157	922761	B250	球囊压握	922285	YXN.069.001.1011	922282	YXN.069.001.1006	1.0	1	2026-07-22 06:22:28	2026-07-22 06:22:40
3310	922211	E2E-RV-20260721222157	922762	B280	裁剪圆角	922285	YXN.069.001.1011	922281	YXN.069.001.1013	1.0	1	2026-07-22 06:22:28	2026-07-22 06:22:40
3311	922211	E2E-RV-20260721222157	922763	B310	球囊盘管（机器）	922285	YXN.069.001.1011	922287	YXN.069.001.1014	1.0	1	2026-07-22 06:22:28	2026-07-22 06:22:40
3312	922211	E2E-RV-20260721222157	922764	B320	球囊测漏及全检	922285	YXN.069.001.1011	922280	YXN.069.001.1003	1.0	1	2026-07-22 06:22:28	2026-07-22 06:22:40
3313	922211	E2E-RV-20260721222157	922765	PROC-XLSX-00001	外管拉伸2	922285	YXN.069.001.1011	922287	YXN.069.001.1014	1.0	1	2026-07-22 06:22:28	2026-07-22 06:22:40
3314	922211	E2E-RV-20260721222157	922766	PROC-XLSX-00002	内管拉伸2	922285	YXN.069.001.1011	922280	YXN.069.001.1003	1.0	1	2026-07-22 06:22:28	2026-07-22 06:22:40
3315	922211	E2E-RV-20260721222157	922774	PROC-XLSX-00010	棘突丝拉伸2	922285	YXN.069.001.1011	922283	YXN.069.001.1009	1.0	1	2026-07-22 06:22:28	2026-07-22 06:22:40
3316	922211	E2E-RV-20260721222157	922775	PROC-XLSX-00011	棘突丝切割	922285	YXN.069.001.1011	922282	YXN.069.001.1006	1.0	1	2026-07-22 06:22:28	2026-07-22 06:22:40
3317	922211	E2E-RV-20260721222157	922776	PROC-XLSX-00012	棘突远端焊接	922285	YXN.069.001.1011	922281	YXN.069.001.1013	1.0	1	2026-07-22 06:22:28	2026-07-22 06:22:40
3318	922211	E2E-RV-20260721222157	922777	PROC-XLSX-00013	棘突远端塑型	922285	YXN.069.001.1011	922287	YXN.069.001.1014	1.0	1	2026-07-22 06:22:28	2026-07-22 06:22:40
3319	922211	E2E-RV-20260721222157	922778	PROC-XLSX-00014	棘突近端焊接	922285	YXN.069.001.1011	922283	YXN.069.001.1009	1.0	1	2026-07-22 06:22:28	2026-07-22 06:22:40
3320	922211	E2E-RV-20260721222157	922779	Z2975	棘突TPU 套管粘接	922285	YXN.069.001.1011	922281	YXN.069.001.1013	1.0	1	2026-07-22 06:22:28	2026-07-22 06:22:40
3321	922211	E2E-RV-20260721222157	922780	Z2774	棘突远端锥度焊接	922285	YXN.069.001.1011	922280	YXN.069.001.1003	1.0	1	2026-07-22 06:22:28	2026-07-22 06:22:40
3322	922211	E2E-RV-20260721222157	922781	Z2773	棘突近端粘接	922285	YXN.069.001.1011	922283	YXN.069.001.1009	1.0	1	2026-07-22 06:22:28	2026-07-22 06:22:40
3323	922211	E2E-RV-20260721222157	922782	Z2776	棘突球囊涂层	922285	YXN.069.001.1011	922282	YXN.069.001.1006	1.0	1	2026-07-22 06:22:28	2026-07-22 06:22:40
3324	922212	E2E-RV-20260722005758	922744	B010	吹球囊成型	922285	YXN.069.001.1011	922282	YXN.069.001.1006	1.0	1	2026-05-15 19:20:57	2026-07-22 08:58:24
3325	922212	E2E-RV-20260722005758	922746	B030	球囊裁剪	922285	YXN.069.001.1011	922287	YXN.069.001.1014	1.0	1	2026-05-15 19:20:57	2026-07-22 08:58:24
3326	922212	E2E-RV-20260722005758	922750	B060	外管与球囊焊接	922285	YXN.069.001.1011	922280	YXN.069.001.1003	1.0	1	2026-05-15 19:20:57	2026-07-22 08:58:24
3327	922212	E2E-RV-20260722005758	922752	B290	焊接圆角	922285	YXN.069.001.1011	922287	YXN.069.001.1014	1.0	1	2026-05-15 19:20:59	2026-07-22 08:58:24
3328	922212	E2E-RV-20260722005758	922753	B210	焊接远端锥度	922285	YXN.069.001.1011	922280	YXN.069.001.1003	1.0	1	2026-05-15 19:20:58	2026-07-22 08:58:24
3329	922212	E2E-RV-20260722005758	922754	B070	外管切缝	922285	YXN.069.001.1011	922287	YXN.069.001.1014	1.0	1	2026-05-15 19:20:57	2026-07-22 08:58:24
3330	922212	E2E-RV-20260722005758	922755	B080	穿显影环	922285	YXN.069.001.1011	922282	YXN.069.001.1006	1.0	1	2026-05-15 19:20:57	2026-07-22 08:58:24
3331	922212	E2E-RV-20260722005758	922756	B090	压显影环	922285	YXN.069.001.1011	922281	YXN.069.001.1013	1.0	1	2026-05-15 19:20:57	2026-07-22 08:58:24
3332	922212	E2E-RV-20260722005758	922758	B220	快速交换口焊接	922285	YXN.069.001.1011	922280	YXN.069.001.1003	1.0	1	2026-05-15 19:20:58	2026-07-22 08:58:24
3333	922212	E2E-RV-20260722005758	922759	B230	RX口检测	922285	YXN.069.001.1011	922283	YXN.069.001.1009	1.0	1	2026-05-15 19:20:58	2026-07-22 08:58:24
3334	922212	E2E-RV-20260722005758	922760	B240	点胶海波管	922285	YXN.069.001.1011	922282	YXN.069.001.1006	1.0	1	2026-05-15 19:20:58	2026-07-22 08:58:24
3335	922212	E2E-RV-20260722005758	922761	B250	球囊压握	922285	YXN.069.001.1011	922282	YXN.069.001.1006	1.0	1	2026-05-15 19:20:58	2026-07-22 08:58:24
3336	922212	E2E-RV-20260722005758	922762	B280	裁剪圆角	922285	YXN.069.001.1011	922281	YXN.069.001.1013	1.0	1	2026-05-15 19:20:59	2026-07-22 08:58:24
3337	922212	E2E-RV-20260722005758	922763	B310	球囊盘管（机器）	922285	YXN.069.001.1011	922287	YXN.069.001.1014	1.0	1	2026-05-15 19:20:59	2026-07-22 08:58:24
3338	922212	E2E-RV-20260722005758	922764	B320	球囊测漏及全检	922285	YXN.069.001.1011	922280	YXN.069.001.1003	1.0	1	2026-05-15 19:20:59	2026-07-22 08:58:24
3339	922212	E2E-RV-20260722005758	922765	PROC-XLSX-00001	外管拉伸2	922285	YXN.069.001.1011	922287	YXN.069.001.1014	1.0	1	2026-05-15 19:20:57	2026-07-22 08:58:24
3340	922212	E2E-RV-20260722005758	922766	PROC-XLSX-00002	内管拉伸2	922285	YXN.069.001.1011	922280	YXN.069.001.1003	1.0	1	2026-05-15 19:20:57	2026-07-22 08:58:24
3341	922212	E2E-RV-20260722005758	922774	PROC-XLSX-00010	棘突丝拉伸2	922285	YXN.069.001.1011	922283	YXN.069.001.1009	1.0	1	2026-05-15 19:20:57	2026-07-22 08:58:24
3342	922212	E2E-RV-20260722005758	922775	PROC-XLSX-00011	棘突丝切割	922285	YXN.069.001.1011	922282	YXN.069.001.1006	1.0	1	2026-05-15 19:20:57	2026-07-22 08:58:24
3343	922212	E2E-RV-20260722005758	922776	PROC-XLSX-00012	棘突远端焊接	922285	YXN.069.001.1011	922281	YXN.069.001.1013	1.0	1	2026-05-15 19:20:57	2026-07-22 08:58:24
3344	922212	E2E-RV-20260722005758	922777	PROC-XLSX-00013	棘突远端塑型	922285	YXN.069.001.1011	922287	YXN.069.001.1014	1.0	1	2026-05-15 19:20:58	2026-07-22 08:58:24
3345	922212	E2E-RV-20260722005758	922778	PROC-XLSX-00014	棘突近端焊接	922285	YXN.069.001.1011	922283	YXN.069.001.1009	1.0	1	2026-05-15 19:20:58	2026-07-22 08:58:24
3346	922212	E2E-RV-20260722005758	922779	Z2975	棘突TPU 套管粘接	922285	YXN.069.001.1011	922281	YXN.069.001.1013	1.0	1	2026-05-15 19:20:58	2026-07-22 08:58:24
3347	922212	E2E-RV-20260722005758	922780	Z2774	棘突远端锥度焊接	922285	YXN.069.001.1011	922280	YXN.069.001.1003	1.0	1	2026-05-15 19:20:58	2026-07-22 08:58:24
3348	922212	E2E-RV-20260722005758	922781	Z2773	棘突近端粘接	922285	YXN.069.001.1011	922283	YXN.069.001.1009	1.0	1	2026-05-15 19:20:58	2026-07-22 08:58:24
3349	922212	E2E-RV-20260722005758	922782	Z2776	棘突球囊涂层	922285	YXN.069.001.1011	922282	YXN.069.001.1006	1.0	1	2026-05-15 19:20:59	2026-07-22 08:58:24
3350	922213	E2E-RV-20260722005811	922744	B010	吹球囊成型	922285	YXN.069.001.1011	922282	YXN.069.001.1006	1.0	1	2026-05-15 19:20:57	2026-07-22 08:58:33
3351	922213	E2E-RV-20260722005811	922746	B030	球囊裁剪	922285	YXN.069.001.1011	922287	YXN.069.001.1014	1.0	1	2026-05-15 19:20:57	2026-07-22 08:58:33
3352	922213	E2E-RV-20260722005811	922750	B060	外管与球囊焊接	922285	YXN.069.001.1011	922280	YXN.069.001.1003	1.0	1	2026-05-15 19:20:57	2026-07-22 08:58:33
3353	922213	E2E-RV-20260722005811	922752	B290	焊接圆角	922285	YXN.069.001.1011	922287	YXN.069.001.1014	1.0	1	2026-05-15 19:20:59	2026-07-22 08:58:33
3354	922213	E2E-RV-20260722005811	922753	B210	焊接远端锥度	922285	YXN.069.001.1011	922280	YXN.069.001.1003	1.0	1	2026-05-15 19:20:58	2026-07-22 08:58:33
3355	922213	E2E-RV-20260722005811	922754	B070	外管切缝	922285	YXN.069.001.1011	922287	YXN.069.001.1014	1.0	1	2026-05-15 19:20:57	2026-07-22 08:58:33
3356	922213	E2E-RV-20260722005811	922755	B080	穿显影环	922285	YXN.069.001.1011	922282	YXN.069.001.1006	1.0	1	2026-05-15 19:20:57	2026-07-22 08:58:33
3357	922213	E2E-RV-20260722005811	922756	B090	压显影环	922285	YXN.069.001.1011	922281	YXN.069.001.1013	1.0	1	2026-05-15 19:20:57	2026-07-22 08:58:33
3358	922213	E2E-RV-20260722005811	922758	B220	快速交换口焊接	922285	YXN.069.001.1011	922280	YXN.069.001.1003	1.0	1	2026-05-15 19:20:58	2026-07-22 08:58:33
3359	922213	E2E-RV-20260722005811	922759	B230	RX口检测	922285	YXN.069.001.1011	922283	YXN.069.001.1009	1.0	1	2026-05-15 19:20:58	2026-07-22 08:58:33
3360	922213	E2E-RV-20260722005811	922760	B240	点胶海波管	922285	YXN.069.001.1011	922282	YXN.069.001.1006	1.0	1	2026-05-15 19:20:58	2026-07-22 08:58:33
3361	922213	E2E-RV-20260722005811	922761	B250	球囊压握	922285	YXN.069.001.1011	922282	YXN.069.001.1006	1.0	1	2026-05-15 19:20:58	2026-07-22 08:58:33
3362	922213	E2E-RV-20260722005811	922762	B280	裁剪圆角	922285	YXN.069.001.1011	922281	YXN.069.001.1013	1.0	1	2026-05-15 19:20:59	2026-07-22 08:58:33
3363	922213	E2E-RV-20260722005811	922763	B310	球囊盘管（机器）	922285	YXN.069.001.1011	922287	YXN.069.001.1014	1.0	1	2026-05-15 19:20:59	2026-07-22 08:58:33
3364	922213	E2E-RV-20260722005811	922764	B320	球囊测漏及全检	922285	YXN.069.001.1011	922280	YXN.069.001.1003	1.0	1	2026-05-15 19:20:59	2026-07-22 08:58:33
3365	922213	E2E-RV-20260722005811	922765	PROC-XLSX-00001	外管拉伸2	922285	YXN.069.001.1011	922287	YXN.069.001.1014	1.0	1	2026-05-15 19:20:57	2026-07-22 08:58:33
3366	922213	E2E-RV-20260722005811	922766	PROC-XLSX-00002	内管拉伸2	922285	YXN.069.001.1011	922280	YXN.069.001.1003	1.0	1	2026-05-15 19:20:57	2026-07-22 08:58:33
3367	922213	E2E-RV-20260722005811	922774	PROC-XLSX-00010	棘突丝拉伸2	922285	YXN.069.001.1011	922283	YXN.069.001.1009	1.0	1	2026-05-15 19:20:57	2026-07-22 08:58:33
3368	922213	E2E-RV-20260722005811	922775	PROC-XLSX-00011	棘突丝切割	922285	YXN.069.001.1011	922282	YXN.069.001.1006	1.0	1	2026-05-15 19:20:57	2026-07-22 08:58:33
3369	922213	E2E-RV-20260722005811	922776	PROC-XLSX-00012	棘突远端焊接	922285	YXN.069.001.1011	922281	YXN.069.001.1013	1.0	1	2026-05-15 19:20:57	2026-07-22 08:58:33
3370	922213	E2E-RV-20260722005811	922777	PROC-XLSX-00013	棘突远端塑型	922285	YXN.069.001.1011	922287	YXN.069.001.1014	1.0	1	2026-05-15 19:20:58	2026-07-22 08:58:33
3371	922213	E2E-RV-20260722005811	922778	PROC-XLSX-00014	棘突近端焊接	922285	YXN.069.001.1011	922283	YXN.069.001.1009	1.0	1	2026-05-15 19:20:58	2026-07-22 08:58:33
3372	922213	E2E-RV-20260722005811	922779	Z2975	棘突TPU 套管粘接	922285	YXN.069.001.1011	922281	YXN.069.001.1013	1.0	1	2026-05-15 19:20:58	2026-07-22 08:58:33
3373	922213	E2E-RV-20260722005811	922780	Z2774	棘突远端锥度焊接	922285	YXN.069.001.1011	922280	YXN.069.001.1003	1.0	1	2026-05-15 19:20:58	2026-07-22 08:58:33
3374	922213	E2E-RV-20260722005811	922781	Z2773	棘突近端粘接	922285	YXN.069.001.1011	922283	YXN.069.001.1009	1.0	1	2026-05-15 19:20:58	2026-07-22 08:58:33
3375	922213	E2E-RV-20260722005811	922782	Z2776	棘突球囊涂层	922285	YXN.069.001.1011	922282	YXN.069.001.1006	1.0	1	2026-05-15 19:20:59	2026-07-22 08:58:33
3376	922212	E2E-RV-20260722005758	922744	B010	吹球囊成型	922285	YXN.069.001.1011	922282	YXN.069.001.1006	1.0	1	2026-07-22 08:58:25	2026-07-22 08:58:35
3377	922212	E2E-RV-20260722005758	922746	B030	球囊裁剪	922285	YXN.069.001.1011	922287	YXN.069.001.1014	1.0	1	2026-07-22 08:58:25	2026-07-22 08:58:35
3378	922212	E2E-RV-20260722005758	922750	B060	外管与球囊焊接	922285	YXN.069.001.1011	922280	YXN.069.001.1003	1.0	1	2026-07-22 08:58:25	2026-07-22 08:58:35
3379	922212	E2E-RV-20260722005758	922752	B290	焊接圆角	922285	YXN.069.001.1011	922287	YXN.069.001.1014	1.0	1	2026-07-22 08:58:25	2026-07-22 08:58:35
3380	922212	E2E-RV-20260722005758	922753	B210	焊接远端锥度	922285	YXN.069.001.1011	922280	YXN.069.001.1003	1.0	1	2026-07-22 08:58:25	2026-07-22 08:58:35
3381	922212	E2E-RV-20260722005758	922754	B070	外管切缝	922285	YXN.069.001.1011	922287	YXN.069.001.1014	1.0	1	2026-07-22 08:58:25	2026-07-22 08:58:35
3382	922212	E2E-RV-20260722005758	922755	B080	穿显影环	922285	YXN.069.001.1011	922282	YXN.069.001.1006	1.0	1	2026-07-22 08:58:25	2026-07-22 08:58:35
3383	922212	E2E-RV-20260722005758	922756	B090	压显影环	922285	YXN.069.001.1011	922281	YXN.069.001.1013	1.0	1	2026-07-22 08:58:25	2026-07-22 08:58:35
3384	922212	E2E-RV-20260722005758	922758	B220	快速交换口焊接	922285	YXN.069.001.1011	922280	YXN.069.001.1003	1.0	1	2026-07-22 08:58:25	2026-07-22 08:58:35
3385	922212	E2E-RV-20260722005758	922759	B230	RX口检测	922285	YXN.069.001.1011	922283	YXN.069.001.1009	1.0	1	2026-07-22 08:58:25	2026-07-22 08:58:35
3386	922212	E2E-RV-20260722005758	922760	B240	点胶海波管	922285	YXN.069.001.1011	922282	YXN.069.001.1006	1.0	1	2026-07-22 08:58:25	2026-07-22 08:58:35
3387	922212	E2E-RV-20260722005758	922761	B250	球囊压握	922285	YXN.069.001.1011	922282	YXN.069.001.1006	1.0	1	2026-07-22 08:58:25	2026-07-22 08:58:35
3388	922212	E2E-RV-20260722005758	922762	B280	裁剪圆角	922285	YXN.069.001.1011	922281	YXN.069.001.1013	1.0	1	2026-07-22 08:58:25	2026-07-22 08:58:35
3389	922212	E2E-RV-20260722005758	922763	B310	球囊盘管（机器）	922285	YXN.069.001.1011	922287	YXN.069.001.1014	1.0	1	2026-07-22 08:58:25	2026-07-22 08:58:35
3390	922212	E2E-RV-20260722005758	922764	B320	球囊测漏及全检	922285	YXN.069.001.1011	922280	YXN.069.001.1003	1.0	1	2026-07-22 08:58:25	2026-07-22 08:58:35
3391	922212	E2E-RV-20260722005758	922765	PROC-XLSX-00001	外管拉伸2	922285	YXN.069.001.1011	922287	YXN.069.001.1014	1.0	1	2026-07-22 08:58:25	2026-07-22 08:58:35
3392	922212	E2E-RV-20260722005758	922766	PROC-XLSX-00002	内管拉伸2	922285	YXN.069.001.1011	922280	YXN.069.001.1003	1.0	1	2026-07-22 08:58:25	2026-07-22 08:58:35
3393	922212	E2E-RV-20260722005758	922774	PROC-XLSX-00010	棘突丝拉伸2	922285	YXN.069.001.1011	922283	YXN.069.001.1009	1.0	1	2026-07-22 08:58:25	2026-07-22 08:58:35
3394	922212	E2E-RV-20260722005758	922775	PROC-XLSX-00011	棘突丝切割	922285	YXN.069.001.1011	922282	YXN.069.001.1006	1.0	1	2026-07-22 08:58:25	2026-07-22 08:58:35
3395	922212	E2E-RV-20260722005758	922776	PROC-XLSX-00012	棘突远端焊接	922285	YXN.069.001.1011	922281	YXN.069.001.1013	1.0	1	2026-07-22 08:58:25	2026-07-22 08:58:35
3396	922212	E2E-RV-20260722005758	922777	PROC-XLSX-00013	棘突远端塑型	922285	YXN.069.001.1011	922287	YXN.069.001.1014	1.0	1	2026-07-22 08:58:25	2026-07-22 08:58:35
3397	922212	E2E-RV-20260722005758	922778	PROC-XLSX-00014	棘突近端焊接	922285	YXN.069.001.1011	922283	YXN.069.001.1009	1.0	1	2026-07-22 08:58:25	2026-07-22 08:58:35
3398	922212	E2E-RV-20260722005758	922779	Z2975	棘突TPU 套管粘接	922285	YXN.069.001.1011	922281	YXN.069.001.1013	1.0	1	2026-07-22 08:58:25	2026-07-22 08:58:35
3399	922212	E2E-RV-20260722005758	922780	Z2774	棘突远端锥度焊接	922285	YXN.069.001.1011	922280	YXN.069.001.1003	1.0	1	2026-07-22 08:58:25	2026-07-22 08:58:35
3400	922212	E2E-RV-20260722005758	922781	Z2773	棘突近端粘接	922285	YXN.069.001.1011	922283	YXN.069.001.1009	1.0	1	2026-07-22 08:58:25	2026-07-22 08:58:35
3401	922212	E2E-RV-20260722005758	922782	Z2776	棘突球囊涂层	922285	YXN.069.001.1011	922282	YXN.069.001.1006	1.0	1	2026-07-22 08:58:25	2026-07-22 08:58:35
3402	922213	E2E-RV-20260722005811	922744	B010	吹球囊成型	922285	YXN.069.001.1011	922282	YXN.069.001.1006	1.0	1	2026-07-22 08:58:34	2026-07-22 08:58:43
3403	922213	E2E-RV-20260722005811	922746	B030	球囊裁剪	922285	YXN.069.001.1011	922287	YXN.069.001.1014	1.0	1	2026-07-22 08:58:34	2026-07-22 08:58:43
3404	922213	E2E-RV-20260722005811	922750	B060	外管与球囊焊接	922285	YXN.069.001.1011	922280	YXN.069.001.1003	1.0	1	2026-07-22 08:58:34	2026-07-22 08:58:43
3405	922213	E2E-RV-20260722005811	922752	B290	焊接圆角	922285	YXN.069.001.1011	922287	YXN.069.001.1014	1.0	1	2026-07-22 08:58:34	2026-07-22 08:58:43
3406	922213	E2E-RV-20260722005811	922753	B210	焊接远端锥度	922285	YXN.069.001.1011	922280	YXN.069.001.1003	1.0	1	2026-07-22 08:58:34	2026-07-22 08:58:43
3407	922213	E2E-RV-20260722005811	922754	B070	外管切缝	922285	YXN.069.001.1011	922287	YXN.069.001.1014	1.0	1	2026-07-22 08:58:34	2026-07-22 08:58:43
3408	922213	E2E-RV-20260722005811	922755	B080	穿显影环	922285	YXN.069.001.1011	922282	YXN.069.001.1006	1.0	1	2026-07-22 08:58:34	2026-07-22 08:58:43
3409	922213	E2E-RV-20260722005811	922756	B090	压显影环	922285	YXN.069.001.1011	922281	YXN.069.001.1013	1.0	1	2026-07-22 08:58:34	2026-07-22 08:58:43
3410	922213	E2E-RV-20260722005811	922758	B220	快速交换口焊接	922285	YXN.069.001.1011	922280	YXN.069.001.1003	1.0	1	2026-07-22 08:58:34	2026-07-22 08:58:43
3411	922213	E2E-RV-20260722005811	922759	B230	RX口检测	922285	YXN.069.001.1011	922283	YXN.069.001.1009	1.0	1	2026-07-22 08:58:34	2026-07-22 08:58:43
3412	922213	E2E-RV-20260722005811	922760	B240	点胶海波管	922285	YXN.069.001.1011	922282	YXN.069.001.1006	1.0	1	2026-07-22 08:58:34	2026-07-22 08:58:43
3413	922213	E2E-RV-20260722005811	922761	B250	球囊压握	922285	YXN.069.001.1011	922282	YXN.069.001.1006	1.0	1	2026-07-22 08:58:34	2026-07-22 08:58:43
3414	922213	E2E-RV-20260722005811	922762	B280	裁剪圆角	922285	YXN.069.001.1011	922281	YXN.069.001.1013	1.0	1	2026-07-22 08:58:34	2026-07-22 08:58:43
3415	922213	E2E-RV-20260722005811	922763	B310	球囊盘管（机器）	922285	YXN.069.001.1011	922287	YXN.069.001.1014	1.0	1	2026-07-22 08:58:34	2026-07-22 08:58:43
3416	922213	E2E-RV-20260722005811	922764	B320	球囊测漏及全检	922285	YXN.069.001.1011	922280	YXN.069.001.1003	1.0	1	2026-07-22 08:58:34	2026-07-22 08:58:43
3417	922213	E2E-RV-20260722005811	922765	PROC-XLSX-00001	外管拉伸2	922285	YXN.069.001.1011	922287	YXN.069.001.1014	1.0	1	2026-07-22 08:58:34	2026-07-22 08:58:43
3418	922213	E2E-RV-20260722005811	922766	PROC-XLSX-00002	内管拉伸2	922285	YXN.069.001.1011	922280	YXN.069.001.1003	1.0	1	2026-07-22 08:58:34	2026-07-22 08:58:43
3419	922213	E2E-RV-20260722005811	922774	PROC-XLSX-00010	棘突丝拉伸2	922285	YXN.069.001.1011	922283	YXN.069.001.1009	1.0	1	2026-07-22 08:58:34	2026-07-22 08:58:43
3420	922213	E2E-RV-20260722005811	922775	PROC-XLSX-00011	棘突丝切割	922285	YXN.069.001.1011	922282	YXN.069.001.1006	1.0	1	2026-07-22 08:58:34	2026-07-22 08:58:43
3421	922213	E2E-RV-20260722005811	922776	PROC-XLSX-00012	棘突远端焊接	922285	YXN.069.001.1011	922281	YXN.069.001.1013	1.0	1	2026-07-22 08:58:34	2026-07-22 08:58:43
3422	922213	E2E-RV-20260722005811	922777	PROC-XLSX-00013	棘突远端塑型	922285	YXN.069.001.1011	922287	YXN.069.001.1014	1.0	1	2026-07-22 08:58:34	2026-07-22 08:58:43
3423	922213	E2E-RV-20260722005811	922778	PROC-XLSX-00014	棘突近端焊接	922285	YXN.069.001.1011	922283	YXN.069.001.1009	1.0	1	2026-07-22 08:58:34	2026-07-22 08:58:43
3424	922213	E2E-RV-20260722005811	922779	Z2975	棘突TPU 套管粘接	922285	YXN.069.001.1011	922281	YXN.069.001.1013	1.0	1	2026-07-22 08:58:34	2026-07-22 08:58:43
3425	922213	E2E-RV-20260722005811	922780	Z2774	棘突远端锥度焊接	922285	YXN.069.001.1011	922280	YXN.069.001.1003	1.0	1	2026-07-22 08:58:34	2026-07-22 08:58:43
3426	922213	E2E-RV-20260722005811	922781	Z2773	棘突近端粘接	922285	YXN.069.001.1011	922283	YXN.069.001.1009	1.0	1	2026-07-22 08:58:34	2026-07-22 08:58:43
3427	922213	E2E-RV-20260722005811	922782	Z2776	棘突球囊涂层	922285	YXN.069.001.1011	922282	YXN.069.001.1006	1.0	1	2026-07-22 08:58:34	2026-07-22 08:58:43
3428	922214	E2E-RV-20260722071205	922744	B010	吹球囊成型	922285	YXN.069.001.1011	922282	YXN.069.001.1006	1.0	1	2026-05-15 19:20:57	2026-07-22 15:12:24
3429	922214	E2E-RV-20260722071205	922746	B030	球囊裁剪	922285	YXN.069.001.1011	922287	YXN.069.001.1014	1.0	1	2026-05-15 19:20:57	2026-07-22 15:12:24
3430	922214	E2E-RV-20260722071205	922750	B060	外管与球囊焊接	922285	YXN.069.001.1011	922280	YXN.069.001.1003	1.0	1	2026-05-15 19:20:57	2026-07-22 15:12:24
3431	922214	E2E-RV-20260722071205	922752	B290	焊接圆角	922285	YXN.069.001.1011	922287	YXN.069.001.1014	1.0	1	2026-05-15 19:20:59	2026-07-22 15:12:24
3432	922214	E2E-RV-20260722071205	922753	B210	焊接远端锥度	922285	YXN.069.001.1011	922280	YXN.069.001.1003	1.0	1	2026-05-15 19:20:58	2026-07-22 15:12:24
3433	922214	E2E-RV-20260722071205	922754	B070	外管切缝	922285	YXN.069.001.1011	922287	YXN.069.001.1014	1.0	1	2026-05-15 19:20:57	2026-07-22 15:12:24
3434	922214	E2E-RV-20260722071205	922755	B080	穿显影环	922285	YXN.069.001.1011	922282	YXN.069.001.1006	1.0	1	2026-05-15 19:20:57	2026-07-22 15:12:24
3435	922214	E2E-RV-20260722071205	922756	B090	压显影环	922285	YXN.069.001.1011	922281	YXN.069.001.1013	1.0	1	2026-05-15 19:20:57	2026-07-22 15:12:24
3436	922214	E2E-RV-20260722071205	922758	B220	快速交换口焊接	922285	YXN.069.001.1011	922280	YXN.069.001.1003	1.0	1	2026-05-15 19:20:58	2026-07-22 15:12:24
3437	922214	E2E-RV-20260722071205	922759	B230	RX口检测	922285	YXN.069.001.1011	922283	YXN.069.001.1009	1.0	1	2026-05-15 19:20:58	2026-07-22 15:12:24
3438	922214	E2E-RV-20260722071205	922760	B240	点胶海波管	922285	YXN.069.001.1011	922282	YXN.069.001.1006	1.0	1	2026-05-15 19:20:58	2026-07-22 15:12:24
3439	922214	E2E-RV-20260722071205	922761	B250	球囊压握	922285	YXN.069.001.1011	922282	YXN.069.001.1006	1.0	1	2026-05-15 19:20:58	2026-07-22 15:12:24
3440	922214	E2E-RV-20260722071205	922762	B280	裁剪圆角	922285	YXN.069.001.1011	922281	YXN.069.001.1013	1.0	1	2026-05-15 19:20:59	2026-07-22 15:12:24
3441	922214	E2E-RV-20260722071205	922763	B310	球囊盘管（机器）	922285	YXN.069.001.1011	922287	YXN.069.001.1014	1.0	1	2026-05-15 19:20:59	2026-07-22 15:12:24
3442	922214	E2E-RV-20260722071205	922764	B320	球囊测漏及全检	922285	YXN.069.001.1011	922280	YXN.069.001.1003	1.0	1	2026-05-15 19:20:59	2026-07-22 15:12:24
3443	922214	E2E-RV-20260722071205	922765	PROC-XLSX-00001	外管拉伸2	922285	YXN.069.001.1011	922287	YXN.069.001.1014	1.0	1	2026-05-15 19:20:57	2026-07-22 15:12:24
3444	922214	E2E-RV-20260722071205	922766	PROC-XLSX-00002	内管拉伸2	922285	YXN.069.001.1011	922280	YXN.069.001.1003	1.0	1	2026-05-15 19:20:57	2026-07-22 15:12:24
3445	922214	E2E-RV-20260722071205	922774	PROC-XLSX-00010	棘突丝拉伸2	922285	YXN.069.001.1011	922283	YXN.069.001.1009	1.0	1	2026-05-15 19:20:57	2026-07-22 15:12:24
3446	922214	E2E-RV-20260722071205	922775	PROC-XLSX-00011	棘突丝切割	922285	YXN.069.001.1011	922282	YXN.069.001.1006	1.0	1	2026-05-15 19:20:57	2026-07-22 15:12:24
3447	922214	E2E-RV-20260722071205	922776	PROC-XLSX-00012	棘突远端焊接	922285	YXN.069.001.1011	922281	YXN.069.001.1013	1.0	1	2026-05-15 19:20:57	2026-07-22 15:12:24
3448	922214	E2E-RV-20260722071205	922777	PROC-XLSX-00013	棘突远端塑型	922285	YXN.069.001.1011	922287	YXN.069.001.1014	1.0	1	2026-05-15 19:20:58	2026-07-22 15:12:24
3449	922214	E2E-RV-20260722071205	922778	PROC-XLSX-00014	棘突近端焊接	922285	YXN.069.001.1011	922283	YXN.069.001.1009	1.0	1	2026-05-15 19:20:58	2026-07-22 15:12:24
3450	922214	E2E-RV-20260722071205	922779	Z2975	棘突TPU 套管粘接	922285	YXN.069.001.1011	922281	YXN.069.001.1013	1.0	1	2026-05-15 19:20:58	2026-07-22 15:12:24
3451	922214	E2E-RV-20260722071205	922780	Z2774	棘突远端锥度焊接	922285	YXN.069.001.1011	922280	YXN.069.001.1003	1.0	1	2026-05-15 19:20:58	2026-07-22 15:12:24
3452	922214	E2E-RV-20260722071205	922781	Z2773	棘突近端粘接	922285	YXN.069.001.1011	922283	YXN.069.001.1009	1.0	1	2026-05-15 19:20:58	2026-07-22 15:12:24
3453	922214	E2E-RV-20260722071205	922782	Z2776	棘突球囊涂层	922285	YXN.069.001.1011	922282	YXN.069.001.1006	1.0	1	2026-05-15 19:20:59	2026-07-22 15:12:24
3454	922214	E2E-RV-20260722071205	922744	B010	吹球囊成型	922285	YXN.069.001.1011	922282	YXN.069.001.1006	1.0	1	2026-07-22 15:12:25	2026-07-22 15:12:38
3455	922214	E2E-RV-20260722071205	922746	B030	球囊裁剪	922285	YXN.069.001.1011	922287	YXN.069.001.1014	1.0	1	2026-07-22 15:12:25	2026-07-22 15:12:38
3456	922214	E2E-RV-20260722071205	922750	B060	外管与球囊焊接	922285	YXN.069.001.1011	922280	YXN.069.001.1003	1.0	1	2026-07-22 15:12:25	2026-07-22 15:12:38
3457	922214	E2E-RV-20260722071205	922752	B290	焊接圆角	922285	YXN.069.001.1011	922287	YXN.069.001.1014	1.0	1	2026-07-22 15:12:25	2026-07-22 15:12:38
3458	922214	E2E-RV-20260722071205	922753	B210	焊接远端锥度	922285	YXN.069.001.1011	922280	YXN.069.001.1003	1.0	1	2026-07-22 15:12:25	2026-07-22 15:12:38
3459	922214	E2E-RV-20260722071205	922754	B070	外管切缝	922285	YXN.069.001.1011	922287	YXN.069.001.1014	1.0	1	2026-07-22 15:12:25	2026-07-22 15:12:38
3460	922214	E2E-RV-20260722071205	922755	B080	穿显影环	922285	YXN.069.001.1011	922282	YXN.069.001.1006	1.0	1	2026-07-22 15:12:25	2026-07-22 15:12:38
3461	922214	E2E-RV-20260722071205	922756	B090	压显影环	922285	YXN.069.001.1011	922281	YXN.069.001.1013	1.0	1	2026-07-22 15:12:25	2026-07-22 15:12:38
3462	922214	E2E-RV-20260722071205	922758	B220	快速交换口焊接	922285	YXN.069.001.1011	922280	YXN.069.001.1003	1.0	1	2026-07-22 15:12:25	2026-07-22 15:12:38
3463	922214	E2E-RV-20260722071205	922759	B230	RX口检测	922285	YXN.069.001.1011	922283	YXN.069.001.1009	1.0	1	2026-07-22 15:12:25	2026-07-22 15:12:38
3464	922214	E2E-RV-20260722071205	922760	B240	点胶海波管	922285	YXN.069.001.1011	922282	YXN.069.001.1006	1.0	1	2026-07-22 15:12:25	2026-07-22 15:12:38
3465	922214	E2E-RV-20260722071205	922761	B250	球囊压握	922285	YXN.069.001.1011	922282	YXN.069.001.1006	1.0	1	2026-07-22 15:12:25	2026-07-22 15:12:38
3466	922214	E2E-RV-20260722071205	922762	B280	裁剪圆角	922285	YXN.069.001.1011	922281	YXN.069.001.1013	1.0	1	2026-07-22 15:12:25	2026-07-22 15:12:38
3467	922214	E2E-RV-20260722071205	922763	B310	球囊盘管（机器）	922285	YXN.069.001.1011	922287	YXN.069.001.1014	1.0	1	2026-07-22 15:12:25	2026-07-22 15:12:38
3468	922214	E2E-RV-20260722071205	922764	B320	球囊测漏及全检	922285	YXN.069.001.1011	922280	YXN.069.001.1003	1.0	1	2026-07-22 15:12:25	2026-07-22 15:12:38
3469	922214	E2E-RV-20260722071205	922765	PROC-XLSX-00001	外管拉伸2	922285	YXN.069.001.1011	922287	YXN.069.001.1014	1.0	1	2026-07-22 15:12:25	2026-07-22 15:12:38
3470	922214	E2E-RV-20260722071205	922766	PROC-XLSX-00002	内管拉伸2	922285	YXN.069.001.1011	922280	YXN.069.001.1003	1.0	1	2026-07-22 15:12:25	2026-07-22 15:12:38
3471	922214	E2E-RV-20260722071205	922774	PROC-XLSX-00010	棘突丝拉伸2	922285	YXN.069.001.1011	922283	YXN.069.001.1009	1.0	1	2026-07-22 15:12:25	2026-07-22 15:12:38
3472	922214	E2E-RV-20260722071205	922775	PROC-XLSX-00011	棘突丝切割	922285	YXN.069.001.1011	922282	YXN.069.001.1006	1.0	1	2026-07-22 15:12:25	2026-07-22 15:12:38
3473	922214	E2E-RV-20260722071205	922776	PROC-XLSX-00012	棘突远端焊接	922285	YXN.069.001.1011	922281	YXN.069.001.1013	1.0	1	2026-07-22 15:12:25	2026-07-22 15:12:38
3474	922214	E2E-RV-20260722071205	922777	PROC-XLSX-00013	棘突远端塑型	922285	YXN.069.001.1011	922287	YXN.069.001.1014	1.0	1	2026-07-22 15:12:25	2026-07-22 15:12:38
3475	922214	E2E-RV-20260722071205	922778	PROC-XLSX-00014	棘突近端焊接	922285	YXN.069.001.1011	922283	YXN.069.001.1009	1.0	1	2026-07-22 15:12:25	2026-07-22 15:12:38
3476	922214	E2E-RV-20260722071205	922779	Z2975	棘突TPU 套管粘接	922285	YXN.069.001.1011	922281	YXN.069.001.1013	1.0	1	2026-07-22 15:12:25	2026-07-22 15:12:38
3477	922214	E2E-RV-20260722071205	922780	Z2774	棘突远端锥度焊接	922285	YXN.069.001.1011	922280	YXN.069.001.1003	1.0	1	2026-07-22 15:12:25	2026-07-22 15:12:38
3478	922214	E2E-RV-20260722071205	922781	Z2773	棘突近端粘接	922285	YXN.069.001.1011	922283	YXN.069.001.1009	1.0	1	2026-07-22 15:12:25	2026-07-22 15:12:38
3479	922214	E2E-RV-20260722071205	922782	Z2776	棘突球囊涂层	922285	YXN.069.001.1011	922282	YXN.069.001.1006	1.0	1	2026-07-22 15:12:25	2026-07-22 15:12:38
3480	922215	E2E-BRV-20260722160538	922744	B010	吹球囊成型	922285	YXN.069.001.1011	922282	YXN.069.001.1006	1.0	0	2026-05-15 19:20:57	2026-05-15 19:20:57
3481	922215	E2E-BRV-20260722160538	922746	B030	球囊裁剪	922285	YXN.069.001.1011	922287	YXN.069.001.1014	1.0	0	2026-05-15 19:20:57	2026-05-15 19:20:57
3482	922215	E2E-BRV-20260722160538	922750	B060	外管与球囊焊接	922285	YXN.069.001.1011	922280	YXN.069.001.1003	1.0	0	2026-05-15 19:20:57	2026-05-15 19:20:57
3483	922215	E2E-BRV-20260722160538	922752	B290	焊接圆角	922285	YXN.069.001.1011	922287	YXN.069.001.1014	1.0	0	2026-05-15 19:20:59	2026-05-15 19:20:59
3484	922215	E2E-BRV-20260722160538	922753	B210	焊接远端锥度	922285	YXN.069.001.1011	922280	YXN.069.001.1003	1.0	0	2026-05-15 19:20:58	2026-05-15 19:20:58
3485	922215	E2E-BRV-20260722160538	922754	B070	外管切缝	922285	YXN.069.001.1011	922287	YXN.069.001.1014	1.0	0	2026-05-15 19:20:57	2026-05-15 19:20:57
3486	922215	E2E-BRV-20260722160538	922755	B080	穿显影环	922285	YXN.069.001.1011	922282	YXN.069.001.1006	1.0	0	2026-05-15 19:20:57	2026-05-15 19:20:57
3487	922215	E2E-BRV-20260722160538	922756	B090	压显影环	922285	YXN.069.001.1011	922281	YXN.069.001.1013	1.0	0	2026-05-15 19:20:57	2026-05-15 19:20:57
3488	922215	E2E-BRV-20260722160538	922758	B220	快速交换口焊接	922285	YXN.069.001.1011	922280	YXN.069.001.1003	1.0	0	2026-05-15 19:20:58	2026-05-15 19:20:58
3489	922215	E2E-BRV-20260722160538	922759	B230	RX口检测	922285	YXN.069.001.1011	922283	YXN.069.001.1009	1.0	0	2026-05-15 19:20:58	2026-05-15 19:20:58
3490	922215	E2E-BRV-20260722160538	922760	B240	点胶海波管	922285	YXN.069.001.1011	922282	YXN.069.001.1006	1.0	0	2026-05-15 19:20:58	2026-05-15 19:20:58
3491	922215	E2E-BRV-20260722160538	922761	B250	球囊压握	922285	YXN.069.001.1011	922282	YXN.069.001.1006	1.0	0	2026-05-15 19:20:58	2026-05-15 19:20:58
3492	922215	E2E-BRV-20260722160538	922762	B280	裁剪圆角	922285	YXN.069.001.1011	922281	YXN.069.001.1013	1.0	0	2026-05-15 19:20:59	2026-05-15 19:20:59
3493	922215	E2E-BRV-20260722160538	922763	B310	球囊盘管（机器）	922285	YXN.069.001.1011	922287	YXN.069.001.1014	1.0	0	2026-05-15 19:20:59	2026-05-15 19:20:59
3494	922215	E2E-BRV-20260722160538	922764	B320	球囊测漏及全检	922285	YXN.069.001.1011	922280	YXN.069.001.1003	1.0	0	2026-05-15 19:20:59	2026-05-15 19:20:59
3495	922215	E2E-BRV-20260722160538	922765	PROC-XLSX-00001	外管拉伸2	922285	YXN.069.001.1011	922287	YXN.069.001.1014	1.0	0	2026-05-15 19:20:57	2026-05-15 19:20:57
3496	922215	E2E-BRV-20260722160538	922766	PROC-XLSX-00002	内管拉伸2	922285	YXN.069.001.1011	922280	YXN.069.001.1003	1.0	0	2026-05-15 19:20:57	2026-05-15 19:20:57
3497	922215	E2E-BRV-20260722160538	922774	PROC-XLSX-00010	棘突丝拉伸2	922285	YXN.069.001.1011	922283	YXN.069.001.1009	1.0	0	2026-05-15 19:20:57	2026-05-15 19:20:57
3498	922215	E2E-BRV-20260722160538	922775	PROC-XLSX-00011	棘突丝切割	922285	YXN.069.001.1011	922282	YXN.069.001.1006	1.0	0	2026-05-15 19:20:57	2026-05-15 19:20:57
3499	922215	E2E-BRV-20260722160538	922776	PROC-XLSX-00012	棘突远端焊接	922285	YXN.069.001.1011	922281	YXN.069.001.1013	1.0	0	2026-05-15 19:20:57	2026-05-15 19:20:57
3500	922215	E2E-BRV-20260722160538	922777	PROC-XLSX-00013	棘突远端塑型	922285	YXN.069.001.1011	922287	YXN.069.001.1014	1.0	0	2026-05-15 19:20:58	2026-05-15 19:20:58
3501	922215	E2E-BRV-20260722160538	922778	PROC-XLSX-00014	棘突近端焊接	922285	YXN.069.001.1011	922283	YXN.069.001.1009	1.0	0	2026-05-15 19:20:58	2026-05-15 19:20:58
3502	922215	E2E-BRV-20260722160538	922779	Z2975	棘突TPU 套管粘接	922285	YXN.069.001.1011	922281	YXN.069.001.1013	1.0	0	2026-05-15 19:20:58	2026-05-15 19:20:58
3503	922215	E2E-BRV-20260722160538	922780	Z2774	棘突远端锥度焊接	922285	YXN.069.001.1011	922280	YXN.069.001.1003	1.0	0	2026-05-15 19:20:58	2026-05-15 19:20:58
3504	922215	E2E-BRV-20260722160538	922781	Z2773	棘突近端粘接	922285	YXN.069.001.1011	922283	YXN.069.001.1009	1.0	0	2026-05-15 19:20:58	2026-05-15 19:20:58
3505	922215	E2E-BRV-20260722160538	922782	Z2776	棘突球囊涂层	922285	YXN.069.001.1011	922282	YXN.069.001.1006	1.0	0	2026-05-15 19:20:59	2026-05-15 19:20:59
3506	922183	E2E-OSF-20260721025118	922744	B010	吹球囊成型	922285	YXN.069.001.1011	922282	YXN.069.001.1006	1.0	1	2026-07-23 01:47:00	2026-07-23 01:47:24
3507	922183	E2E-OSF-20260721025118	922746	B030	球囊裁剪	922285	YXN.069.001.1011	922287	YXN.069.001.1014	1.0	1	2026-07-23 01:47:00	2026-07-23 01:47:24
3508	922183	E2E-OSF-20260721025118	922750	B060	外管与球囊焊接	922285	YXN.069.001.1011	922280	YXN.069.001.1003	1.0	1	2026-07-23 01:47:00	2026-07-23 01:47:24
3509	922183	E2E-OSF-20260721025118	922752	B290	焊接圆角	922285	YXN.069.001.1011	922287	YXN.069.001.1014	1.0	1	2026-07-23 01:47:00	2026-07-23 01:47:24
3510	922183	E2E-OSF-20260721025118	922753	B210	焊接远端锥度	922285	YXN.069.001.1011	922280	YXN.069.001.1003	1.0	1	2026-07-23 01:47:00	2026-07-23 01:47:24
3511	922183	E2E-OSF-20260721025118	922754	B070	外管切缝	922285	YXN.069.001.1011	922287	YXN.069.001.1014	1.0	1	2026-07-23 01:47:00	2026-07-23 01:47:24
3512	922183	E2E-OSF-20260721025118	922755	B080	穿显影环	922285	YXN.069.001.1011	922282	YXN.069.001.1006	1.0	1	2026-07-23 01:47:00	2026-07-23 01:47:24
3513	922183	E2E-OSF-20260721025118	922756	B090	压显影环	922285	YXN.069.001.1011	922281	YXN.069.001.1013	1.0	1	2026-07-23 01:47:00	2026-07-23 01:47:24
3514	922183	E2E-OSF-20260721025118	922758	B220	快速交换口焊接	922285	YXN.069.001.1011	922280	YXN.069.001.1003	1.0	1	2026-07-23 01:47:00	2026-07-23 01:47:24
3515	922183	E2E-OSF-20260721025118	922759	B230	RX口检测	922285	YXN.069.001.1011	922283	YXN.069.001.1009	1.0	1	2026-07-23 01:47:00	2026-07-23 01:47:24
3516	922183	E2E-OSF-20260721025118	922760	B240	点胶海波管	922285	YXN.069.001.1011	922282	YXN.069.001.1006	1.0	1	2026-07-23 01:47:00	2026-07-23 01:47:24
3517	922183	E2E-OSF-20260721025118	922761	B250	球囊压握	922285	YXN.069.001.1011	922282	YXN.069.001.1006	1.0	1	2026-07-23 01:47:00	2026-07-23 01:47:24
3518	922183	E2E-OSF-20260721025118	922762	B280	裁剪圆角	922285	YXN.069.001.1011	922281	YXN.069.001.1013	1.0	1	2026-07-23 01:47:00	2026-07-23 01:47:24
3519	922183	E2E-OSF-20260721025118	922763	B310	球囊盘管（机器）	922285	YXN.069.001.1011	922287	YXN.069.001.1014	1.0	1	2026-07-23 01:47:00	2026-07-23 01:47:24
3520	922183	E2E-OSF-20260721025118	922764	B320	球囊测漏及全检	922285	YXN.069.001.1011	922280	YXN.069.001.1003	1.0	1	2026-07-23 01:47:00	2026-07-23 01:47:24
3521	922183	E2E-OSF-20260721025118	922765	PROC-XLSX-00001	外管拉伸2	922285	YXN.069.001.1011	922287	YXN.069.001.1014	1.0	1	2026-07-23 01:47:00	2026-07-23 01:47:24
3522	922183	E2E-OSF-20260721025118	922766	PROC-XLSX-00002	内管拉伸2	922285	YXN.069.001.1011	922280	YXN.069.001.1003	1.0	1	2026-07-23 01:47:00	2026-07-23 01:47:24
3523	922183	E2E-OSF-20260721025118	922774	PROC-XLSX-00010	棘突丝拉伸2	922285	YXN.069.001.1011	922283	YXN.069.001.1009	1.0	1	2026-07-23 01:47:00	2026-07-23 01:47:24
3524	922183	E2E-OSF-20260721025118	922775	PROC-XLSX-00011	棘突丝切割	922285	YXN.069.001.1011	922282	YXN.069.001.1006	1.0	1	2026-07-23 01:47:00	2026-07-23 01:47:24
3525	922183	E2E-OSF-20260721025118	922776	PROC-XLSX-00012	棘突远端焊接	922285	YXN.069.001.1011	922281	YXN.069.001.1013	1.0	1	2026-07-23 01:47:00	2026-07-23 01:47:24
3526	922183	E2E-OSF-20260721025118	922777	PROC-XLSX-00013	棘突远端塑型	922285	YXN.069.001.1011	922287	YXN.069.001.1014	1.0	1	2026-07-23 01:47:00	2026-07-23 01:47:24
3527	922183	E2E-OSF-20260721025118	922778	PROC-XLSX-00014	棘突近端焊接	922285	YXN.069.001.1011	922283	YXN.069.001.1009	1.0	1	2026-07-23 01:47:00	2026-07-23 01:47:24
3528	922183	E2E-OSF-20260721025118	922779	Z2975	棘突TPU 套管粘接	922285	YXN.069.001.1011	922281	YXN.069.001.1013	1.0	1	2026-07-23 01:47:00	2026-07-23 01:47:24
3529	922183	E2E-OSF-20260721025118	922780	Z2774	棘突远端锥度焊接	922285	YXN.069.001.1011	922280	YXN.069.001.1003	1.0	1	2026-07-23 01:47:00	2026-07-23 01:47:24
3530	922183	E2E-OSF-20260721025118	922781	Z2773	棘突近端粘接	922285	YXN.069.001.1011	922283	YXN.069.001.1009	1.0	1	2026-07-23 01:47:00	2026-07-23 01:47:24
3531	922183	E2E-OSF-20260721025118	922782	Z2776	棘突球囊涂层	922285	YXN.069.001.1011	922282	YXN.069.001.1006	1.0	1	2026-07-23 01:47:00	2026-07-23 01:47:24
3532	922183	E2E-OSF-20260721025118	922744	B010	吹球囊成型	922285	YXN.069.001.1011	922282	YXN.069.001.1006	1.0	1	2026-07-23 01:47:24	2026-07-23 01:51:09
3533	922183	E2E-OSF-20260721025118	922746	B030	球囊裁剪	922285	YXN.069.001.1011	922287	YXN.069.001.1014	1.0	1	2026-07-23 01:47:24	2026-07-23 01:51:09
3534	922183	E2E-OSF-20260721025118	922750	B060	外管与球囊焊接	922285	YXN.069.001.1011	922280	YXN.069.001.1003	1.0	1	2026-07-23 01:47:24	2026-07-23 01:51:09
3535	922183	E2E-OSF-20260721025118	922752	B290	焊接圆角	922285	YXN.069.001.1011	922287	YXN.069.001.1014	1.0	1	2026-07-23 01:47:24	2026-07-23 01:51:09
3536	922183	E2E-OSF-20260721025118	922753	B210	焊接远端锥度	922285	YXN.069.001.1011	922280	YXN.069.001.1003	1.0	1	2026-07-23 01:47:24	2026-07-23 01:51:09
3537	922183	E2E-OSF-20260721025118	922754	B070	外管切缝	922285	YXN.069.001.1011	922287	YXN.069.001.1014	1.0	1	2026-07-23 01:47:24	2026-07-23 01:51:09
3538	922183	E2E-OSF-20260721025118	922755	B080	穿显影环	922285	YXN.069.001.1011	922282	YXN.069.001.1006	1.0	1	2026-07-23 01:47:24	2026-07-23 01:51:09
3539	922183	E2E-OSF-20260721025118	922756	B090	压显影环	922285	YXN.069.001.1011	922281	YXN.069.001.1013	1.0	1	2026-07-23 01:47:24	2026-07-23 01:51:09
3540	922183	E2E-OSF-20260721025118	922758	B220	快速交换口焊接	922285	YXN.069.001.1011	922280	YXN.069.001.1003	1.0	1	2026-07-23 01:47:24	2026-07-23 01:51:09
3541	922183	E2E-OSF-20260721025118	922759	B230	RX口检测	922285	YXN.069.001.1011	922283	YXN.069.001.1009	1.0	1	2026-07-23 01:47:24	2026-07-23 01:51:09
3542	922183	E2E-OSF-20260721025118	922760	B240	点胶海波管	922285	YXN.069.001.1011	922282	YXN.069.001.1006	1.0	1	2026-07-23 01:47:24	2026-07-23 01:51:09
3543	922183	E2E-OSF-20260721025118	922761	B250	球囊压握	922285	YXN.069.001.1011	922282	YXN.069.001.1006	1.0	1	2026-07-23 01:47:24	2026-07-23 01:51:09
3544	922183	E2E-OSF-20260721025118	922762	B280	裁剪圆角	922285	YXN.069.001.1011	922281	YXN.069.001.1013	1.0	1	2026-07-23 01:47:24	2026-07-23 01:51:09
3545	922183	E2E-OSF-20260721025118	922763	B310	球囊盘管（机器）	922285	YXN.069.001.1011	922287	YXN.069.001.1014	1.0	1	2026-07-23 01:47:24	2026-07-23 01:51:09
3546	922183	E2E-OSF-20260721025118	922764	B320	球囊测漏及全检	922285	YXN.069.001.1011	922280	YXN.069.001.1003	1.0	1	2026-07-23 01:47:24	2026-07-23 01:51:09
3547	922183	E2E-OSF-20260721025118	922765	PROC-XLSX-00001	外管拉伸2	922285	YXN.069.001.1011	922287	YXN.069.001.1014	1.0	1	2026-07-23 01:47:24	2026-07-23 01:51:09
3548	922183	E2E-OSF-20260721025118	922766	PROC-XLSX-00002	内管拉伸2	922285	YXN.069.001.1011	922280	YXN.069.001.1003	1.0	1	2026-07-23 01:47:24	2026-07-23 01:51:09
3549	922183	E2E-OSF-20260721025118	922774	PROC-XLSX-00010	棘突丝拉伸2	922285	YXN.069.001.1011	922283	YXN.069.001.1009	1.0	1	2026-07-23 01:47:24	2026-07-23 01:51:09
3550	922183	E2E-OSF-20260721025118	922775	PROC-XLSX-00011	棘突丝切割	922285	YXN.069.001.1011	922282	YXN.069.001.1006	1.0	1	2026-07-23 01:47:24	2026-07-23 01:51:09
3551	922183	E2E-OSF-20260721025118	922776	PROC-XLSX-00012	棘突远端焊接	922285	YXN.069.001.1011	922281	YXN.069.001.1013	1.0	1	2026-07-23 01:47:24	2026-07-23 01:51:09
3552	922183	E2E-OSF-20260721025118	922777	PROC-XLSX-00013	棘突远端塑型	922285	YXN.069.001.1011	922287	YXN.069.001.1014	1.0	1	2026-07-23 01:47:24	2026-07-23 01:51:09
3553	922183	E2E-OSF-20260721025118	922778	PROC-XLSX-00014	棘突近端焊接	922285	YXN.069.001.1011	922283	YXN.069.001.1009	1.0	1	2026-07-23 01:47:24	2026-07-23 01:51:09
3554	922183	E2E-OSF-20260721025118	922779	Z2975	棘突TPU 套管粘接	922285	YXN.069.001.1011	922281	YXN.069.001.1013	1.0	1	2026-07-23 01:47:24	2026-07-23 01:51:09
3555	922183	E2E-OSF-20260721025118	922780	Z2774	棘突远端锥度焊接	922285	YXN.069.001.1011	922280	YXN.069.001.1003	1.0	1	2026-07-23 01:47:24	2026-07-23 01:51:09
3556	922183	E2E-OSF-20260721025118	922781	Z2773	棘突近端粘接	922285	YXN.069.001.1011	922283	YXN.069.001.1009	1.0	1	2026-07-23 01:47:24	2026-07-23 01:51:09
3557	922183	E2E-OSF-20260721025118	922782	Z2776	棘突球囊涂层	922285	YXN.069.001.1011	922282	YXN.069.001.1006	1.0	1	2026-07-23 01:47:24	2026-07-23 01:51:09
3558	922183	E2E-OSF-20260721025118	922744	B010	吹球囊成型	922285	YXN.069.001.1011	922282	YXN.069.001.1006	1.0	1	2026-07-23 01:51:09	2026-07-23 01:57:21
3559	922183	E2E-OSF-20260721025118	922746	B030	球囊裁剪	922285	YXN.069.001.1011	922287	YXN.069.001.1014	1.0	1	2026-07-23 01:51:09	2026-07-23 01:57:21
3560	922183	E2E-OSF-20260721025118	922750	B060	外管与球囊焊接	922285	YXN.069.001.1011	922280	YXN.069.001.1003	1.0	1	2026-07-23 01:51:09	2026-07-23 01:57:21
3561	922183	E2E-OSF-20260721025118	922752	B290	焊接圆角	922285	YXN.069.001.1011	922287	YXN.069.001.1014	1.0	1	2026-07-23 01:51:09	2026-07-23 01:57:21
3562	922183	E2E-OSF-20260721025118	922753	B210	焊接远端锥度	922285	YXN.069.001.1011	922280	YXN.069.001.1003	1.0	1	2026-07-23 01:51:09	2026-07-23 01:57:21
3563	922183	E2E-OSF-20260721025118	922754	B070	外管切缝	922285	YXN.069.001.1011	922287	YXN.069.001.1014	1.0	1	2026-07-23 01:51:09	2026-07-23 01:57:21
3564	922183	E2E-OSF-20260721025118	922755	B080	穿显影环	922285	YXN.069.001.1011	922282	YXN.069.001.1006	1.0	1	2026-07-23 01:51:09	2026-07-23 01:57:21
3565	922183	E2E-OSF-20260721025118	922756	B090	压显影环	922285	YXN.069.001.1011	922281	YXN.069.001.1013	1.0	1	2026-07-23 01:51:09	2026-07-23 01:57:21
3566	922183	E2E-OSF-20260721025118	922758	B220	快速交换口焊接	922285	YXN.069.001.1011	922280	YXN.069.001.1003	1.0	1	2026-07-23 01:51:09	2026-07-23 01:57:21
3567	922183	E2E-OSF-20260721025118	922759	B230	RX口检测	922285	YXN.069.001.1011	922283	YXN.069.001.1009	1.0	1	2026-07-23 01:51:09	2026-07-23 01:57:21
3568	922183	E2E-OSF-20260721025118	922760	B240	点胶海波管	922285	YXN.069.001.1011	922282	YXN.069.001.1006	1.0	1	2026-07-23 01:51:09	2026-07-23 01:57:21
3569	922183	E2E-OSF-20260721025118	922761	B250	球囊压握	922285	YXN.069.001.1011	922282	YXN.069.001.1006	1.0	1	2026-07-23 01:51:09	2026-07-23 01:57:21
3570	922183	E2E-OSF-20260721025118	922762	B280	裁剪圆角	922285	YXN.069.001.1011	922281	YXN.069.001.1013	1.0	1	2026-07-23 01:51:09	2026-07-23 01:57:21
3571	922183	E2E-OSF-20260721025118	922763	B310	球囊盘管（机器）	922285	YXN.069.001.1011	922287	YXN.069.001.1014	1.0	1	2026-07-23 01:51:09	2026-07-23 01:57:21
3572	922183	E2E-OSF-20260721025118	922764	B320	球囊测漏及全检	922285	YXN.069.001.1011	922280	YXN.069.001.1003	1.0	1	2026-07-23 01:51:09	2026-07-23 01:57:21
3573	922183	E2E-OSF-20260721025118	922765	PROC-XLSX-00001	外管拉伸2	922285	YXN.069.001.1011	922287	YXN.069.001.1014	1.0	1	2026-07-23 01:51:09	2026-07-23 01:57:21
3574	922183	E2E-OSF-20260721025118	922766	PROC-XLSX-00002	内管拉伸2	922285	YXN.069.001.1011	922280	YXN.069.001.1003	1.0	1	2026-07-23 01:51:09	2026-07-23 01:57:21
3575	922183	E2E-OSF-20260721025118	922774	PROC-XLSX-00010	棘突丝拉伸2	922285	YXN.069.001.1011	922283	YXN.069.001.1009	1.0	1	2026-07-23 01:51:09	2026-07-23 01:57:21
3576	922183	E2E-OSF-20260721025118	922775	PROC-XLSX-00011	棘突丝切割	922285	YXN.069.001.1011	922282	YXN.069.001.1006	1.0	1	2026-07-23 01:51:09	2026-07-23 01:57:21
3577	922183	E2E-OSF-20260721025118	922776	PROC-XLSX-00012	棘突远端焊接	922285	YXN.069.001.1011	922281	YXN.069.001.1013	1.0	1	2026-07-23 01:51:09	2026-07-23 01:57:21
3578	922183	E2E-OSF-20260721025118	922777	PROC-XLSX-00013	棘突远端塑型	922285	YXN.069.001.1011	922287	YXN.069.001.1014	1.0	1	2026-07-23 01:51:09	2026-07-23 01:57:21
3579	922183	E2E-OSF-20260721025118	922778	PROC-XLSX-00014	棘突近端焊接	922285	YXN.069.001.1011	922283	YXN.069.001.1009	1.0	1	2026-07-23 01:51:09	2026-07-23 01:57:21
3580	922183	E2E-OSF-20260721025118	922779	Z2975	棘突TPU 套管粘接	922285	YXN.069.001.1011	922281	YXN.069.001.1013	1.0	1	2026-07-23 01:51:09	2026-07-23 01:57:21
3581	922183	E2E-OSF-20260721025118	922780	Z2774	棘突远端锥度焊接	922285	YXN.069.001.1011	922280	YXN.069.001.1003	1.0	1	2026-07-23 01:51:09	2026-07-23 01:57:21
3582	922183	E2E-OSF-20260721025118	922781	Z2773	棘突近端粘接	922285	YXN.069.001.1011	922283	YXN.069.001.1009	1.0	1	2026-07-23 01:51:09	2026-07-23 01:57:21
3583	922183	E2E-OSF-20260721025118	922782	Z2776	棘突球囊涂层	922285	YXN.069.001.1011	922282	YXN.069.001.1006	1.0	1	2026-07-23 01:51:09	2026-07-23 01:57:21
3584	922183	E2E-OSF-20260721025118	922744	B010	吹球囊成型	922285	YXN.069.001.1011	922282	YXN.069.001.1006	1.0	1	2026-07-23 01:57:22	2026-07-23 01:57:44
3585	922183	E2E-OSF-20260721025118	922746	B030	球囊裁剪	922285	YXN.069.001.1011	922287	YXN.069.001.1014	1.0	1	2026-07-23 01:57:22	2026-07-23 01:57:44
3586	922183	E2E-OSF-20260721025118	922750	B060	外管与球囊焊接	922285	YXN.069.001.1011	922280	YXN.069.001.1003	1.0	1	2026-07-23 01:57:22	2026-07-23 01:57:44
3587	922183	E2E-OSF-20260721025118	922752	B290	焊接圆角	922285	YXN.069.001.1011	922287	YXN.069.001.1014	1.0	1	2026-07-23 01:57:22	2026-07-23 01:57:44
3588	922183	E2E-OSF-20260721025118	922753	B210	焊接远端锥度	922285	YXN.069.001.1011	922280	YXN.069.001.1003	1.0	1	2026-07-23 01:57:22	2026-07-23 01:57:44
3589	922183	E2E-OSF-20260721025118	922754	B070	外管切缝	922285	YXN.069.001.1011	922287	YXN.069.001.1014	1.0	1	2026-07-23 01:57:22	2026-07-23 01:57:44
3590	922183	E2E-OSF-20260721025118	922755	B080	穿显影环	922285	YXN.069.001.1011	922282	YXN.069.001.1006	1.0	1	2026-07-23 01:57:22	2026-07-23 01:57:44
3591	922183	E2E-OSF-20260721025118	922756	B090	压显影环	922285	YXN.069.001.1011	922281	YXN.069.001.1013	1.0	1	2026-07-23 01:57:22	2026-07-23 01:57:44
3592	922183	E2E-OSF-20260721025118	922758	B220	快速交换口焊接	922285	YXN.069.001.1011	922280	YXN.069.001.1003	1.0	1	2026-07-23 01:57:22	2026-07-23 01:57:44
3593	922183	E2E-OSF-20260721025118	922759	B230	RX口检测	922285	YXN.069.001.1011	922283	YXN.069.001.1009	1.0	1	2026-07-23 01:57:22	2026-07-23 01:57:44
3594	922183	E2E-OSF-20260721025118	922760	B240	点胶海波管	922285	YXN.069.001.1011	922282	YXN.069.001.1006	1.0	1	2026-07-23 01:57:22	2026-07-23 01:57:44
3595	922183	E2E-OSF-20260721025118	922761	B250	球囊压握	922285	YXN.069.001.1011	922282	YXN.069.001.1006	1.0	1	2026-07-23 01:57:22	2026-07-23 01:57:44
3596	922183	E2E-OSF-20260721025118	922762	B280	裁剪圆角	922285	YXN.069.001.1011	922281	YXN.069.001.1013	1.0	1	2026-07-23 01:57:22	2026-07-23 01:57:44
3597	922183	E2E-OSF-20260721025118	922763	B310	球囊盘管（机器）	922285	YXN.069.001.1011	922287	YXN.069.001.1014	1.0	1	2026-07-23 01:57:22	2026-07-23 01:57:44
3598	922183	E2E-OSF-20260721025118	922764	B320	球囊测漏及全检	922285	YXN.069.001.1011	922280	YXN.069.001.1003	1.0	1	2026-07-23 01:57:22	2026-07-23 01:57:44
3599	922183	E2E-OSF-20260721025118	922765	PROC-XLSX-00001	外管拉伸2	922285	YXN.069.001.1011	922287	YXN.069.001.1014	1.0	1	2026-07-23 01:57:22	2026-07-23 01:57:44
3600	922183	E2E-OSF-20260721025118	922766	PROC-XLSX-00002	内管拉伸2	922285	YXN.069.001.1011	922280	YXN.069.001.1003	1.0	1	2026-07-23 01:57:22	2026-07-23 01:57:44
3601	922183	E2E-OSF-20260721025118	922774	PROC-XLSX-00010	棘突丝拉伸2	922285	YXN.069.001.1011	922283	YXN.069.001.1009	1.0	1	2026-07-23 01:57:22	2026-07-23 01:57:44
3602	922183	E2E-OSF-20260721025118	922775	PROC-XLSX-00011	棘突丝切割	922285	YXN.069.001.1011	922282	YXN.069.001.1006	1.0	1	2026-07-23 01:57:22	2026-07-23 01:57:44
3603	922183	E2E-OSF-20260721025118	922776	PROC-XLSX-00012	棘突远端焊接	922285	YXN.069.001.1011	922281	YXN.069.001.1013	1.0	1	2026-07-23 01:57:22	2026-07-23 01:57:44
3604	922183	E2E-OSF-20260721025118	922777	PROC-XLSX-00013	棘突远端塑型	922285	YXN.069.001.1011	922287	YXN.069.001.1014	1.0	1	2026-07-23 01:57:22	2026-07-23 01:57:44
3605	922183	E2E-OSF-20260721025118	922778	PROC-XLSX-00014	棘突近端焊接	922285	YXN.069.001.1011	922283	YXN.069.001.1009	1.0	1	2026-07-23 01:57:22	2026-07-23 01:57:44
3606	922183	E2E-OSF-20260721025118	922779	Z2975	棘突TPU 套管粘接	922285	YXN.069.001.1011	922281	YXN.069.001.1013	1.0	1	2026-07-23 01:57:22	2026-07-23 01:57:44
3607	922183	E2E-OSF-20260721025118	922780	Z2774	棘突远端锥度焊接	922285	YXN.069.001.1011	922280	YXN.069.001.1003	1.0	1	2026-07-23 01:57:22	2026-07-23 01:57:44
3608	922183	E2E-OSF-20260721025118	922781	Z2773	棘突近端粘接	922285	YXN.069.001.1011	922283	YXN.069.001.1009	1.0	1	2026-07-23 01:57:22	2026-07-23 01:57:44
3609	922183	E2E-OSF-20260721025118	922782	Z2776	棘突球囊涂层	922285	YXN.069.001.1011	922282	YXN.069.001.1006	1.0	1	2026-07-23 01:57:22	2026-07-23 01:57:44
3610	922183	E2E-OSF-20260721025118	922744	B010	吹球囊成型	922285	YXN.069.001.1011	922282	YXN.069.001.1006	1.0	1	2026-07-23 01:57:44	2026-07-23 02:00:45
3611	922183	E2E-OSF-20260721025118	922746	B030	球囊裁剪	922285	YXN.069.001.1011	922287	YXN.069.001.1014	1.0	1	2026-07-23 01:57:44	2026-07-23 02:00:45
3612	922183	E2E-OSF-20260721025118	922750	B060	外管与球囊焊接	922285	YXN.069.001.1011	922280	YXN.069.001.1003	1.0	1	2026-07-23 01:57:44	2026-07-23 02:00:45
3613	922183	E2E-OSF-20260721025118	922752	B290	焊接圆角	922285	YXN.069.001.1011	922287	YXN.069.001.1014	1.0	1	2026-07-23 01:57:44	2026-07-23 02:00:45
3614	922183	E2E-OSF-20260721025118	922753	B210	焊接远端锥度	922285	YXN.069.001.1011	922280	YXN.069.001.1003	1.0	1	2026-07-23 01:57:44	2026-07-23 02:00:45
3615	922183	E2E-OSF-20260721025118	922754	B070	外管切缝	922285	YXN.069.001.1011	922287	YXN.069.001.1014	1.0	1	2026-07-23 01:57:44	2026-07-23 02:00:45
3616	922183	E2E-OSF-20260721025118	922755	B080	穿显影环	922285	YXN.069.001.1011	922282	YXN.069.001.1006	1.0	1	2026-07-23 01:57:44	2026-07-23 02:00:45
3617	922183	E2E-OSF-20260721025118	922756	B090	压显影环	922285	YXN.069.001.1011	922281	YXN.069.001.1013	1.0	1	2026-07-23 01:57:44	2026-07-23 02:00:45
3618	922183	E2E-OSF-20260721025118	922758	B220	快速交换口焊接	922285	YXN.069.001.1011	922280	YXN.069.001.1003	1.0	1	2026-07-23 01:57:44	2026-07-23 02:00:45
3619	922183	E2E-OSF-20260721025118	922759	B230	RX口检测	922285	YXN.069.001.1011	922283	YXN.069.001.1009	1.0	1	2026-07-23 01:57:44	2026-07-23 02:00:45
3620	922183	E2E-OSF-20260721025118	922760	B240	点胶海波管	922285	YXN.069.001.1011	922282	YXN.069.001.1006	1.0	1	2026-07-23 01:57:44	2026-07-23 02:00:45
3621	922183	E2E-OSF-20260721025118	922761	B250	球囊压握	922285	YXN.069.001.1011	922282	YXN.069.001.1006	1.0	1	2026-07-23 01:57:44	2026-07-23 02:00:45
3622	922183	E2E-OSF-20260721025118	922762	B280	裁剪圆角	922285	YXN.069.001.1011	922281	YXN.069.001.1013	1.0	1	2026-07-23 01:57:44	2026-07-23 02:00:45
3623	922183	E2E-OSF-20260721025118	922763	B310	球囊盘管（机器）	922285	YXN.069.001.1011	922287	YXN.069.001.1014	1.0	1	2026-07-23 01:57:44	2026-07-23 02:00:45
3624	922183	E2E-OSF-20260721025118	922764	B320	球囊测漏及全检	922285	YXN.069.001.1011	922280	YXN.069.001.1003	1.0	1	2026-07-23 01:57:44	2026-07-23 02:00:45
3625	922183	E2E-OSF-20260721025118	922765	PROC-XLSX-00001	外管拉伸2	922285	YXN.069.001.1011	922287	YXN.069.001.1014	1.0	1	2026-07-23 01:57:44	2026-07-23 02:00:45
3626	922183	E2E-OSF-20260721025118	922766	PROC-XLSX-00002	内管拉伸2	922285	YXN.069.001.1011	922280	YXN.069.001.1003	1.0	1	2026-07-23 01:57:44	2026-07-23 02:00:45
3627	922183	E2E-OSF-20260721025118	922774	PROC-XLSX-00010	棘突丝拉伸2	922285	YXN.069.001.1011	922283	YXN.069.001.1009	1.0	1	2026-07-23 01:57:44	2026-07-23 02:00:45
3628	922183	E2E-OSF-20260721025118	922775	PROC-XLSX-00011	棘突丝切割	922285	YXN.069.001.1011	922282	YXN.069.001.1006	1.0	1	2026-07-23 01:57:44	2026-07-23 02:00:45
3629	922183	E2E-OSF-20260721025118	922776	PROC-XLSX-00012	棘突远端焊接	922285	YXN.069.001.1011	922281	YXN.069.001.1013	1.0	1	2026-07-23 01:57:44	2026-07-23 02:00:45
3630	922183	E2E-OSF-20260721025118	922777	PROC-XLSX-00013	棘突远端塑型	922285	YXN.069.001.1011	922287	YXN.069.001.1014	1.0	1	2026-07-23 01:57:44	2026-07-23 02:00:45
3631	922183	E2E-OSF-20260721025118	922778	PROC-XLSX-00014	棘突近端焊接	922285	YXN.069.001.1011	922283	YXN.069.001.1009	1.0	1	2026-07-23 01:57:44	2026-07-23 02:00:45
3632	922183	E2E-OSF-20260721025118	922779	Z2975	棘突TPU 套管粘接	922285	YXN.069.001.1011	922281	YXN.069.001.1013	1.0	1	2026-07-23 01:57:44	2026-07-23 02:00:45
3633	922183	E2E-OSF-20260721025118	922780	Z2774	棘突远端锥度焊接	922285	YXN.069.001.1011	922280	YXN.069.001.1003	1.0	1	2026-07-23 01:57:44	2026-07-23 02:00:45
3634	922183	E2E-OSF-20260721025118	922781	Z2773	棘突近端粘接	922285	YXN.069.001.1011	922283	YXN.069.001.1009	1.0	1	2026-07-23 01:57:44	2026-07-23 02:00:45
3635	922183	E2E-OSF-20260721025118	922782	Z2776	棘突球囊涂层	922285	YXN.069.001.1011	922282	YXN.069.001.1006	1.0	1	2026-07-23 01:57:44	2026-07-23 02:00:45
3636	922183	E2E-OSF-20260721025118	922744	B010	吹球囊成型	922285	YXN.069.001.1011	922282	YXN.069.001.1006	1.0	1	2026-07-23 02:00:46	2026-07-23 03:19:55
3637	922183	E2E-OSF-20260721025118	922746	B030	球囊裁剪	922285	YXN.069.001.1011	922287	YXN.069.001.1014	1.0	1	2026-07-23 02:00:46	2026-07-23 03:19:55
3638	922183	E2E-OSF-20260721025118	922750	B060	外管与球囊焊接	922285	YXN.069.001.1011	922280	YXN.069.001.1003	1.0	1	2026-07-23 02:00:46	2026-07-23 03:19:55
3639	922183	E2E-OSF-20260721025118	922752	B290	焊接圆角	922285	YXN.069.001.1011	922287	YXN.069.001.1014	1.0	1	2026-07-23 02:00:46	2026-07-23 03:19:55
3640	922183	E2E-OSF-20260721025118	922753	B210	焊接远端锥度	922285	YXN.069.001.1011	922280	YXN.069.001.1003	1.0	1	2026-07-23 02:00:46	2026-07-23 03:19:55
3641	922183	E2E-OSF-20260721025118	922754	B070	外管切缝	922285	YXN.069.001.1011	922287	YXN.069.001.1014	1.0	1	2026-07-23 02:00:46	2026-07-23 03:19:55
3642	922183	E2E-OSF-20260721025118	922755	B080	穿显影环	922285	YXN.069.001.1011	922282	YXN.069.001.1006	1.0	1	2026-07-23 02:00:46	2026-07-23 03:19:55
3643	922183	E2E-OSF-20260721025118	922756	B090	压显影环	922285	YXN.069.001.1011	922281	YXN.069.001.1013	1.0	1	2026-07-23 02:00:46	2026-07-23 03:19:55
3644	922183	E2E-OSF-20260721025118	922758	B220	快速交换口焊接	922285	YXN.069.001.1011	922280	YXN.069.001.1003	1.0	1	2026-07-23 02:00:46	2026-07-23 03:19:55
3645	922183	E2E-OSF-20260721025118	922759	B230	RX口检测	922285	YXN.069.001.1011	922283	YXN.069.001.1009	1.0	1	2026-07-23 02:00:46	2026-07-23 03:19:55
3646	922183	E2E-OSF-20260721025118	922760	B240	点胶海波管	922285	YXN.069.001.1011	922282	YXN.069.001.1006	1.0	1	2026-07-23 02:00:46	2026-07-23 03:19:55
3647	922183	E2E-OSF-20260721025118	922761	B250	球囊压握	922285	YXN.069.001.1011	922282	YXN.069.001.1006	1.0	1	2026-07-23 02:00:46	2026-07-23 03:19:55
3648	922183	E2E-OSF-20260721025118	922762	B280	裁剪圆角	922285	YXN.069.001.1011	922281	YXN.069.001.1013	1.0	1	2026-07-23 02:00:46	2026-07-23 03:19:55
3649	922183	E2E-OSF-20260721025118	922763	B310	球囊盘管（机器）	922285	YXN.069.001.1011	922287	YXN.069.001.1014	1.0	1	2026-07-23 02:00:46	2026-07-23 03:19:55
3650	922183	E2E-OSF-20260721025118	922764	B320	球囊测漏及全检	922285	YXN.069.001.1011	922280	YXN.069.001.1003	1.0	1	2026-07-23 02:00:46	2026-07-23 03:19:55
3651	922183	E2E-OSF-20260721025118	922765	PROC-XLSX-00001	外管拉伸2	922285	YXN.069.001.1011	922287	YXN.069.001.1014	1.0	1	2026-07-23 02:00:46	2026-07-23 03:19:55
3652	922183	E2E-OSF-20260721025118	922766	PROC-XLSX-00002	内管拉伸2	922285	YXN.069.001.1011	922280	YXN.069.001.1003	1.0	1	2026-07-23 02:00:46	2026-07-23 03:19:55
3653	922183	E2E-OSF-20260721025118	922774	PROC-XLSX-00010	棘突丝拉伸2	922285	YXN.069.001.1011	922283	YXN.069.001.1009	1.0	1	2026-07-23 02:00:46	2026-07-23 03:19:55
3654	922183	E2E-OSF-20260721025118	922775	PROC-XLSX-00011	棘突丝切割	922285	YXN.069.001.1011	922282	YXN.069.001.1006	1.0	1	2026-07-23 02:00:46	2026-07-23 03:19:55
3655	922183	E2E-OSF-20260721025118	922776	PROC-XLSX-00012	棘突远端焊接	922285	YXN.069.001.1011	922281	YXN.069.001.1013	1.0	1	2026-07-23 02:00:46	2026-07-23 03:19:55
3656	922183	E2E-OSF-20260721025118	922777	PROC-XLSX-00013	棘突远端塑型	922285	YXN.069.001.1011	922287	YXN.069.001.1014	1.0	1	2026-07-23 02:00:46	2026-07-23 03:19:55
3657	922183	E2E-OSF-20260721025118	922778	PROC-XLSX-00014	棘突近端焊接	922285	YXN.069.001.1011	922283	YXN.069.001.1009	1.0	1	2026-07-23 02:00:46	2026-07-23 03:19:55
3658	922183	E2E-OSF-20260721025118	922779	Z2975	棘突TPU 套管粘接	922285	YXN.069.001.1011	922281	YXN.069.001.1013	1.0	1	2026-07-23 02:00:46	2026-07-23 03:19:55
3659	922183	E2E-OSF-20260721025118	922780	Z2774	棘突远端锥度焊接	922285	YXN.069.001.1011	922280	YXN.069.001.1003	1.0	1	2026-07-23 02:00:46	2026-07-23 03:19:55
3660	922183	E2E-OSF-20260721025118	922781	Z2773	棘突近端粘接	922285	YXN.069.001.1011	922283	YXN.069.001.1009	1.0	1	2026-07-23 02:00:46	2026-07-23 03:19:55
3661	922183	E2E-OSF-20260721025118	922782	Z2776	棘突球囊涂层	922285	YXN.069.001.1011	922282	YXN.069.001.1006	1.0	1	2026-07-23 02:00:46	2026-07-23 03:19:55
3662	922183	E2E-OSF-20260721025118	922744	B010	吹球囊成型	922285	YXN.069.001.1011	922282	YXN.069.001.1006	1.0	1	2026-07-23 03:19:55	2026-07-23 03:20:14
3663	922183	E2E-OSF-20260721025118	922746	B030	球囊裁剪	922285	YXN.069.001.1011	922287	YXN.069.001.1014	1.0	1	2026-07-23 03:19:55	2026-07-23 03:20:14
3664	922183	E2E-OSF-20260721025118	922750	B060	外管与球囊焊接	922285	YXN.069.001.1011	922280	YXN.069.001.1003	1.0	1	2026-07-23 03:19:55	2026-07-23 03:20:14
3665	922183	E2E-OSF-20260721025118	922752	B290	焊接圆角	922285	YXN.069.001.1011	922287	YXN.069.001.1014	1.0	1	2026-07-23 03:19:55	2026-07-23 03:20:14
3666	922183	E2E-OSF-20260721025118	922753	B210	焊接远端锥度	922285	YXN.069.001.1011	922280	YXN.069.001.1003	1.0	1	2026-07-23 03:19:55	2026-07-23 03:20:14
3667	922183	E2E-OSF-20260721025118	922754	B070	外管切缝	922285	YXN.069.001.1011	922287	YXN.069.001.1014	1.0	1	2026-07-23 03:19:55	2026-07-23 03:20:14
3668	922183	E2E-OSF-20260721025118	922755	B080	穿显影环	922285	YXN.069.001.1011	922282	YXN.069.001.1006	1.0	1	2026-07-23 03:19:55	2026-07-23 03:20:14
3669	922183	E2E-OSF-20260721025118	922756	B090	压显影环	922285	YXN.069.001.1011	922281	YXN.069.001.1013	1.0	1	2026-07-23 03:19:55	2026-07-23 03:20:14
3670	922183	E2E-OSF-20260721025118	922758	B220	快速交换口焊接	922285	YXN.069.001.1011	922280	YXN.069.001.1003	1.0	1	2026-07-23 03:19:55	2026-07-23 03:20:14
3671	922183	E2E-OSF-20260721025118	922759	B230	RX口检测	922285	YXN.069.001.1011	922283	YXN.069.001.1009	1.0	1	2026-07-23 03:19:55	2026-07-23 03:20:14
3672	922183	E2E-OSF-20260721025118	922760	B240	点胶海波管	922285	YXN.069.001.1011	922282	YXN.069.001.1006	1.0	1	2026-07-23 03:19:55	2026-07-23 03:20:14
3673	922183	E2E-OSF-20260721025118	922761	B250	球囊压握	922285	YXN.069.001.1011	922282	YXN.069.001.1006	1.0	1	2026-07-23 03:19:55	2026-07-23 03:20:14
3674	922183	E2E-OSF-20260721025118	922762	B280	裁剪圆角	922285	YXN.069.001.1011	922281	YXN.069.001.1013	1.0	1	2026-07-23 03:19:55	2026-07-23 03:20:14
3675	922183	E2E-OSF-20260721025118	922763	B310	球囊盘管（机器）	922285	YXN.069.001.1011	922287	YXN.069.001.1014	1.0	1	2026-07-23 03:19:55	2026-07-23 03:20:14
3676	922183	E2E-OSF-20260721025118	922764	B320	球囊测漏及全检	922285	YXN.069.001.1011	922280	YXN.069.001.1003	1.0	1	2026-07-23 03:19:55	2026-07-23 03:20:14
3677	922183	E2E-OSF-20260721025118	922765	PROC-XLSX-00001	外管拉伸2	922285	YXN.069.001.1011	922287	YXN.069.001.1014	1.0	1	2026-07-23 03:19:55	2026-07-23 03:20:14
3678	922183	E2E-OSF-20260721025118	922766	PROC-XLSX-00002	内管拉伸2	922285	YXN.069.001.1011	922280	YXN.069.001.1003	1.0	1	2026-07-23 03:19:55	2026-07-23 03:20:14
3679	922183	E2E-OSF-20260721025118	922774	PROC-XLSX-00010	棘突丝拉伸2	922285	YXN.069.001.1011	922283	YXN.069.001.1009	1.0	1	2026-07-23 03:19:55	2026-07-23 03:20:14
3680	922183	E2E-OSF-20260721025118	922775	PROC-XLSX-00011	棘突丝切割	922285	YXN.069.001.1011	922282	YXN.069.001.1006	1.0	1	2026-07-23 03:19:55	2026-07-23 03:20:14
3681	922183	E2E-OSF-20260721025118	922776	PROC-XLSX-00012	棘突远端焊接	922285	YXN.069.001.1011	922281	YXN.069.001.1013	1.0	1	2026-07-23 03:19:55	2026-07-23 03:20:14
3682	922183	E2E-OSF-20260721025118	922777	PROC-XLSX-00013	棘突远端塑型	922285	YXN.069.001.1011	922287	YXN.069.001.1014	1.0	1	2026-07-23 03:19:55	2026-07-23 03:20:14
3683	922183	E2E-OSF-20260721025118	922778	PROC-XLSX-00014	棘突近端焊接	922285	YXN.069.001.1011	922283	YXN.069.001.1009	1.0	1	2026-07-23 03:19:55	2026-07-23 03:20:14
3684	922183	E2E-OSF-20260721025118	922779	Z2975	棘突TPU 套管粘接	922285	YXN.069.001.1011	922281	YXN.069.001.1013	1.0	1	2026-07-23 03:19:55	2026-07-23 03:20:14
3685	922183	E2E-OSF-20260721025118	922780	Z2774	棘突远端锥度焊接	922285	YXN.069.001.1011	922280	YXN.069.001.1003	1.0	1	2026-07-23 03:19:55	2026-07-23 03:20:14
3686	922183	E2E-OSF-20260721025118	922781	Z2773	棘突近端粘接	922285	YXN.069.001.1011	922283	YXN.069.001.1009	1.0	1	2026-07-23 03:19:55	2026-07-23 03:20:14
3687	922183	E2E-OSF-20260721025118	922782	Z2776	棘突球囊涂层	922285	YXN.069.001.1011	922282	YXN.069.001.1006	1.0	1	2026-07-23 03:19:55	2026-07-23 03:20:14
3688	922183	E2E-OSF-20260721025118	922744	B010	吹球囊成型	922285	YXN.069.001.1011	922282	YXN.069.001.1006	1.0	0	2026-07-23 03:20:15	2026-07-23 03:20:15
3689	922183	E2E-OSF-20260721025118	922746	B030	球囊裁剪	922285	YXN.069.001.1011	922287	YXN.069.001.1014	1.0	0	2026-07-23 03:20:15	2026-07-23 03:20:15
3690	922183	E2E-OSF-20260721025118	922750	B060	外管与球囊焊接	922285	YXN.069.001.1011	922280	YXN.069.001.1003	1.0	0	2026-07-23 03:20:15	2026-07-23 03:20:15
3691	922183	E2E-OSF-20260721025118	922752	B290	焊接圆角	922285	YXN.069.001.1011	922287	YXN.069.001.1014	1.0	0	2026-07-23 03:20:15	2026-07-23 03:20:15
3692	922183	E2E-OSF-20260721025118	922753	B210	焊接远端锥度	922285	YXN.069.001.1011	922280	YXN.069.001.1003	1.0	0	2026-07-23 03:20:15	2026-07-23 03:20:15
3693	922183	E2E-OSF-20260721025118	922754	B070	外管切缝	922285	YXN.069.001.1011	922287	YXN.069.001.1014	1.0	0	2026-07-23 03:20:15	2026-07-23 03:20:15
3694	922183	E2E-OSF-20260721025118	922755	B080	穿显影环	922285	YXN.069.001.1011	922282	YXN.069.001.1006	1.0	0	2026-07-23 03:20:15	2026-07-23 03:20:15
3695	922183	E2E-OSF-20260721025118	922756	B090	压显影环	922285	YXN.069.001.1011	922281	YXN.069.001.1013	1.0	0	2026-07-23 03:20:15	2026-07-23 03:20:15
3696	922183	E2E-OSF-20260721025118	922758	B220	快速交换口焊接	922285	YXN.069.001.1011	922280	YXN.069.001.1003	1.0	0	2026-07-23 03:20:15	2026-07-23 03:20:15
3697	922183	E2E-OSF-20260721025118	922759	B230	RX口检测	922285	YXN.069.001.1011	922283	YXN.069.001.1009	1.0	0	2026-07-23 03:20:15	2026-07-23 03:20:15
3698	922183	E2E-OSF-20260721025118	922760	B240	点胶海波管	922285	YXN.069.001.1011	922282	YXN.069.001.1006	1.0	0	2026-07-23 03:20:15	2026-07-23 03:20:15
3699	922183	E2E-OSF-20260721025118	922761	B250	球囊压握	922285	YXN.069.001.1011	922282	YXN.069.001.1006	1.0	0	2026-07-23 03:20:15	2026-07-23 03:20:15
3700	922183	E2E-OSF-20260721025118	922762	B280	裁剪圆角	922285	YXN.069.001.1011	922281	YXN.069.001.1013	1.0	0	2026-07-23 03:20:15	2026-07-23 03:20:15
3701	922183	E2E-OSF-20260721025118	922763	B310	球囊盘管（机器）	922285	YXN.069.001.1011	922287	YXN.069.001.1014	1.0	0	2026-07-23 03:20:15	2026-07-23 03:20:15
3702	922183	E2E-OSF-20260721025118	922764	B320	球囊测漏及全检	922285	YXN.069.001.1011	922280	YXN.069.001.1003	1.0	0	2026-07-23 03:20:15	2026-07-23 03:20:15
3703	922183	E2E-OSF-20260721025118	922765	PROC-XLSX-00001	外管拉伸2	922285	YXN.069.001.1011	922287	YXN.069.001.1014	1.0	0	2026-07-23 03:20:15	2026-07-23 03:20:15
3704	922183	E2E-OSF-20260721025118	922766	PROC-XLSX-00002	内管拉伸2	922285	YXN.069.001.1011	922280	YXN.069.001.1003	1.0	0	2026-07-23 03:20:15	2026-07-23 03:20:15
3705	922183	E2E-OSF-20260721025118	922774	PROC-XLSX-00010	棘突丝拉伸2	922285	YXN.069.001.1011	922283	YXN.069.001.1009	1.0	0	2026-07-23 03:20:15	2026-07-23 03:20:15
3706	922183	E2E-OSF-20260721025118	922775	PROC-XLSX-00011	棘突丝切割	922285	YXN.069.001.1011	922282	YXN.069.001.1006	1.0	0	2026-07-23 03:20:15	2026-07-23 03:20:15
3707	922183	E2E-OSF-20260721025118	922776	PROC-XLSX-00012	棘突远端焊接	922285	YXN.069.001.1011	922281	YXN.069.001.1013	1.0	0	2026-07-23 03:20:15	2026-07-23 03:20:15
3708	922183	E2E-OSF-20260721025118	922777	PROC-XLSX-00013	棘突远端塑型	922285	YXN.069.001.1011	922287	YXN.069.001.1014	1.0	0	2026-07-23 03:20:15	2026-07-23 03:20:15
3709	922183	E2E-OSF-20260721025118	922778	PROC-XLSX-00014	棘突近端焊接	922285	YXN.069.001.1011	922283	YXN.069.001.1009	1.0	0	2026-07-23 03:20:15	2026-07-23 03:20:15
3710	922183	E2E-OSF-20260721025118	922779	Z2975	棘突TPU 套管粘接	922285	YXN.069.001.1011	922281	YXN.069.001.1013	1.0	0	2026-07-23 03:20:15	2026-07-23 03:20:15
3711	922183	E2E-OSF-20260721025118	922780	Z2774	棘突远端锥度焊接	922285	YXN.069.001.1011	922280	YXN.069.001.1003	1.0	0	2026-07-23 03:20:15	2026-07-23 03:20:15
3712	922183	E2E-OSF-20260721025118	922781	Z2773	棘突近端粘接	922285	YXN.069.001.1011	922283	YXN.069.001.1009	1.0	0	2026-07-23 03:20:15	2026-07-23 03:20:15
3713	922183	E2E-OSF-20260721025118	922782	Z2776	棘突球囊涂层	922285	YXN.069.001.1011	922282	YXN.069.001.1006	1.0	0	2026-07-23 03:20:15	2026-07-23 03:20:15
3714	922197	E2E-OSF-20260721064746	922744	B010	吹球囊成型	922285	YXN.069.001.1011	922282	YXN.069.001.1006	1.0	0	2026-07-23 19:16:27	2026-07-23 19:16:27
3715	922197	E2E-OSF-20260721064746	922746	B030	球囊裁剪	922285	YXN.069.001.1011	922287	YXN.069.001.1014	1.0	0	2026-07-23 19:16:27	2026-07-23 19:16:27
3716	922197	E2E-OSF-20260721064746	922750	B060	外管与球囊焊接	922285	YXN.069.001.1011	922280	YXN.069.001.1003	1.0	0	2026-07-23 19:16:27	2026-07-23 19:16:27
3717	922197	E2E-OSF-20260721064746	922752	B290	焊接圆角	922285	YXN.069.001.1011	922287	YXN.069.001.1014	1.0	0	2026-07-23 19:16:27	2026-07-23 19:16:27
3718	922197	E2E-OSF-20260721064746	922753	B210	焊接远端锥度	922285	YXN.069.001.1011	922280	YXN.069.001.1003	1.0	0	2026-07-23 19:16:27	2026-07-23 19:16:27
3719	922197	E2E-OSF-20260721064746	922754	B070	外管切缝	922285	YXN.069.001.1011	922287	YXN.069.001.1014	1.0	0	2026-07-23 19:16:27	2026-07-23 19:16:27
3720	922197	E2E-OSF-20260721064746	922755	B080	穿显影环	922285	YXN.069.001.1011	922282	YXN.069.001.1006	1.0	0	2026-07-23 19:16:27	2026-07-23 19:16:27
3721	922197	E2E-OSF-20260721064746	922756	B090	压显影环	922285	YXN.069.001.1011	922281	YXN.069.001.1013	1.0	0	2026-07-23 19:16:27	2026-07-23 19:16:27
3722	922197	E2E-OSF-20260721064746	922758	B220	快速交换口焊接	922285	YXN.069.001.1011	922280	YXN.069.001.1003	1.0	0	2026-07-23 19:16:27	2026-07-23 19:16:27
3723	922197	E2E-OSF-20260721064746	922759	B230	RX口检测	922285	YXN.069.001.1011	922283	YXN.069.001.1009	1.0	0	2026-07-23 19:16:27	2026-07-23 19:16:27
3724	922197	E2E-OSF-20260721064746	922760	B240	点胶海波管	922285	YXN.069.001.1011	922282	YXN.069.001.1006	1.0	0	2026-07-23 19:16:27	2026-07-23 19:16:27
3725	922197	E2E-OSF-20260721064746	922761	B250	球囊压握	922285	YXN.069.001.1011	922282	YXN.069.001.1006	1.0	0	2026-07-23 19:16:27	2026-07-23 19:16:27
3726	922197	E2E-OSF-20260721064746	922762	B280	裁剪圆角	922285	YXN.069.001.1011	922281	YXN.069.001.1013	1.0	0	2026-07-23 19:16:27	2026-07-23 19:16:27
3727	922197	E2E-OSF-20260721064746	922763	B310	球囊盘管（机器）	922285	YXN.069.001.1011	922287	YXN.069.001.1014	1.0	0	2026-07-23 19:16:27	2026-07-23 19:16:27
3728	922197	E2E-OSF-20260721064746	922764	B320	球囊测漏及全检	922285	YXN.069.001.1011	922280	YXN.069.001.1003	1.0	0	2026-07-23 19:16:27	2026-07-23 19:16:27
3729	922197	E2E-OSF-20260721064746	922765	PROC-XLSX-00001	外管拉伸2	922285	YXN.069.001.1011	922287	YXN.069.001.1014	1.0	0	2026-07-23 19:16:27	2026-07-23 19:16:27
3730	922197	E2E-OSF-20260721064746	922766	PROC-XLSX-00002	内管拉伸2	922285	YXN.069.001.1011	922280	YXN.069.001.1003	1.0	0	2026-07-23 19:16:27	2026-07-23 19:16:27
3731	922197	E2E-OSF-20260721064746	922774	PROC-XLSX-00010	棘突丝拉伸2	922285	YXN.069.001.1011	922283	YXN.069.001.1009	1.0	0	2026-07-23 19:16:27	2026-07-23 19:16:27
3732	922197	E2E-OSF-20260721064746	922775	PROC-XLSX-00011	棘突丝切割	922285	YXN.069.001.1011	922282	YXN.069.001.1006	1.0	0	2026-07-23 19:16:27	2026-07-23 19:16:27
3733	922197	E2E-OSF-20260721064746	922776	PROC-XLSX-00012	棘突远端焊接	922285	YXN.069.001.1011	922281	YXN.069.001.1013	1.0	0	2026-07-23 19:16:27	2026-07-23 19:16:27
3734	922197	E2E-OSF-20260721064746	922777	PROC-XLSX-00013	棘突远端塑型	922285	YXN.069.001.1011	922287	YXN.069.001.1014	1.0	0	2026-07-23 19:16:27	2026-07-23 19:16:27
3735	922197	E2E-OSF-20260721064746	922778	PROC-XLSX-00014	棘突近端焊接	922285	YXN.069.001.1011	922283	YXN.069.001.1009	1.0	0	2026-07-23 19:16:27	2026-07-23 19:16:27
3736	922197	E2E-OSF-20260721064746	922779	Z2975	棘突TPU 套管粘接	922285	YXN.069.001.1011	922281	YXN.069.001.1013	1.0	0	2026-07-23 19:16:27	2026-07-23 19:16:27
3737	922197	E2E-OSF-20260721064746	922780	Z2774	棘突远端锥度焊接	922285	YXN.069.001.1011	922280	YXN.069.001.1003	1.0	0	2026-07-23 19:16:27	2026-07-23 19:16:27
3738	922197	E2E-OSF-20260721064746	922781	Z2773	棘突近端粘接	922285	YXN.069.001.1011	922283	YXN.069.001.1009	1.0	0	2026-07-23 19:16:27	2026-07-23 19:16:27
3739	922197	E2E-OSF-20260721064746	922782	Z2776	棘突球囊涂层	922285	YXN.069.001.1011	922282	YXN.069.001.1006	1.0	0	2026-07-23 19:16:27	2026-07-23 19:16:27
3740	922187	E2E-OSF-20260721050007	922744	B010	吹球囊成型	922285	YXN.069.001.1011	922282	YXN.069.001.1006	1.0	0	2026-07-23 19:39:28	2026-07-23 19:39:28
3741	922187	E2E-OSF-20260721050007	922746	B030	球囊裁剪	922285	YXN.069.001.1011	922287	YXN.069.001.1014	1.0	0	2026-07-23 19:39:28	2026-07-23 19:39:28
3742	922187	E2E-OSF-20260721050007	922750	B060	外管与球囊焊接	922285	YXN.069.001.1011	922280	YXN.069.001.1003	1.0	0	2026-07-23 19:39:28	2026-07-23 19:39:28
3743	922187	E2E-OSF-20260721050007	922752	B290	焊接圆角	922285	YXN.069.001.1011	922287	YXN.069.001.1014	1.0	0	2026-07-23 19:39:28	2026-07-23 19:39:28
3744	922187	E2E-OSF-20260721050007	922753	B210	焊接远端锥度	922285	YXN.069.001.1011	922280	YXN.069.001.1003	1.0	0	2026-07-23 19:39:28	2026-07-23 19:39:28
3745	922187	E2E-OSF-20260721050007	922754	B070	外管切缝	922285	YXN.069.001.1011	922287	YXN.069.001.1014	1.0	0	2026-07-23 19:39:28	2026-07-23 19:39:28
3746	922187	E2E-OSF-20260721050007	922755	B080	穿显影环	922285	YXN.069.001.1011	922282	YXN.069.001.1006	1.0	0	2026-07-23 19:39:29	2026-07-23 19:39:29
3747	922187	E2E-OSF-20260721050007	922756	B090	压显影环	922285	YXN.069.001.1011	922281	YXN.069.001.1013	1.0	0	2026-07-23 19:39:29	2026-07-23 19:39:29
3748	922187	E2E-OSF-20260721050007	922758	B220	快速交换口焊接	922285	YXN.069.001.1011	922280	YXN.069.001.1003	1.0	0	2026-07-23 19:39:29	2026-07-23 19:39:29
3749	922187	E2E-OSF-20260721050007	922759	B230	RX口检测	922285	YXN.069.001.1011	922283	YXN.069.001.1009	1.0	0	2026-07-23 19:39:29	2026-07-23 19:39:29
3750	922187	E2E-OSF-20260721050007	922760	B240	点胶海波管	922285	YXN.069.001.1011	922282	YXN.069.001.1006	1.0	0	2026-07-23 19:39:29	2026-07-23 19:39:29
3751	922187	E2E-OSF-20260721050007	922761	B250	球囊压握	922285	YXN.069.001.1011	922282	YXN.069.001.1006	1.0	0	2026-07-23 19:39:29	2026-07-23 19:39:29
3752	922187	E2E-OSF-20260721050007	922762	B280	裁剪圆角	922285	YXN.069.001.1011	922281	YXN.069.001.1013	1.0	0	2026-07-23 19:39:29	2026-07-23 19:39:29
3753	922187	E2E-OSF-20260721050007	922763	B310	球囊盘管（机器）	922285	YXN.069.001.1011	922287	YXN.069.001.1014	1.0	0	2026-07-23 19:39:29	2026-07-23 19:39:29
3754	922187	E2E-OSF-20260721050007	922764	B320	球囊测漏及全检	922285	YXN.069.001.1011	922280	YXN.069.001.1003	1.0	0	2026-07-23 19:39:29	2026-07-23 19:39:29
3755	922187	E2E-OSF-20260721050007	922765	PROC-XLSX-00001	外管拉伸2	922285	YXN.069.001.1011	922287	YXN.069.001.1014	1.0	0	2026-07-23 19:39:29	2026-07-23 19:39:29
3756	922187	E2E-OSF-20260721050007	922766	PROC-XLSX-00002	内管拉伸2	922285	YXN.069.001.1011	922280	YXN.069.001.1003	1.0	0	2026-07-23 19:39:29	2026-07-23 19:39:29
3757	922187	E2E-OSF-20260721050007	922774	PROC-XLSX-00010	棘突丝拉伸2	922285	YXN.069.001.1011	922283	YXN.069.001.1009	1.0	0	2026-07-23 19:39:29	2026-07-23 19:39:29
3758	922187	E2E-OSF-20260721050007	922775	PROC-XLSX-00011	棘突丝切割	922285	YXN.069.001.1011	922282	YXN.069.001.1006	1.0	0	2026-07-23 19:39:29	2026-07-23 19:39:29
3759	922187	E2E-OSF-20260721050007	922776	PROC-XLSX-00012	棘突远端焊接	922285	YXN.069.001.1011	922281	YXN.069.001.1013	1.0	0	2026-07-23 19:39:29	2026-07-23 19:39:29
3760	922187	E2E-OSF-20260721050007	922777	PROC-XLSX-00013	棘突远端塑型	922285	YXN.069.001.1011	922287	YXN.069.001.1014	1.0	0	2026-07-23 19:39:29	2026-07-23 19:39:29
3761	922187	E2E-OSF-20260721050007	922778	PROC-XLSX-00014	棘突近端焊接	922285	YXN.069.001.1011	922283	YXN.069.001.1009	1.0	0	2026-07-23 19:39:29	2026-07-23 19:39:29
3762	922187	E2E-OSF-20260721050007	922779	Z2975	棘突TPU 套管粘接	922285	YXN.069.001.1011	922281	YXN.069.001.1013	1.0	0	2026-07-23 19:39:29	2026-07-23 19:39:29
3763	922187	E2E-OSF-20260721050007	922780	Z2774	棘突远端锥度焊接	922285	YXN.069.001.1011	922280	YXN.069.001.1003	1.0	0	2026-07-23 19:39:29	2026-07-23 19:39:29
3764	922187	E2E-OSF-20260721050007	922781	Z2773	棘突近端粘接	922285	YXN.069.001.1011	922283	YXN.069.001.1009	1.0	0	2026-07-23 19:39:29	2026-07-23 19:39:29
3765	922187	E2E-OSF-20260721050007	922782	Z2776	棘突球囊涂层	922285	YXN.069.001.1011	922282	YXN.069.001.1006	1.0	0	2026-07-23 19:39:29	2026-07-23 19:39:29
3766	922194	E2E-OSF-20260721061819	922744	B010	吹球囊成型	922285	YXN.069.001.1011	922282	YXN.069.001.1006	1.0	1	2026-07-23 19:42:28	2026-07-24 02:06:42
3767	922194	E2E-OSF-20260721061819	922746	B030	球囊裁剪	922285	YXN.069.001.1011	922287	YXN.069.001.1014	1.0	1	2026-07-23 19:42:28	2026-07-24 02:06:42
3768	922194	E2E-OSF-20260721061819	922750	B060	外管与球囊焊接	922285	YXN.069.001.1011	922280	YXN.069.001.1003	1.0	1	2026-07-23 19:42:28	2026-07-24 02:06:42
3769	922194	E2E-OSF-20260721061819	922752	B290	焊接圆角	922285	YXN.069.001.1011	922287	YXN.069.001.1014	1.0	1	2026-07-23 19:42:28	2026-07-24 02:06:42
3770	922194	E2E-OSF-20260721061819	922753	B210	焊接远端锥度	922285	YXN.069.001.1011	922280	YXN.069.001.1003	1.0	1	2026-07-23 19:42:28	2026-07-24 02:06:42
3771	922194	E2E-OSF-20260721061819	922754	B070	外管切缝	922285	YXN.069.001.1011	922287	YXN.069.001.1014	1.0	1	2026-07-23 19:42:28	2026-07-24 02:06:42
3772	922194	E2E-OSF-20260721061819	922755	B080	穿显影环	922285	YXN.069.001.1011	922282	YXN.069.001.1006	1.0	1	2026-07-23 19:42:28	2026-07-24 02:06:42
3773	922194	E2E-OSF-20260721061819	922756	B090	压显影环	922285	YXN.069.001.1011	922281	YXN.069.001.1013	1.0	1	2026-07-23 19:42:28	2026-07-24 02:06:42
3774	922194	E2E-OSF-20260721061819	922758	B220	快速交换口焊接	922285	YXN.069.001.1011	922280	YXN.069.001.1003	1.0	1	2026-07-23 19:42:28	2026-07-24 02:06:42
3775	922194	E2E-OSF-20260721061819	922759	B230	RX口检测	922285	YXN.069.001.1011	922283	YXN.069.001.1009	1.0	1	2026-07-23 19:42:28	2026-07-24 02:06:42
3776	922194	E2E-OSF-20260721061819	922760	B240	点胶海波管	922285	YXN.069.001.1011	922282	YXN.069.001.1006	1.0	1	2026-07-23 19:42:28	2026-07-24 02:06:42
3777	922194	E2E-OSF-20260721061819	922761	B250	球囊压握	922285	YXN.069.001.1011	922282	YXN.069.001.1006	1.0	1	2026-07-23 19:42:28	2026-07-24 02:06:42
3778	922194	E2E-OSF-20260721061819	922762	B280	裁剪圆角	922285	YXN.069.001.1011	922281	YXN.069.001.1013	1.0	1	2026-07-23 19:42:28	2026-07-24 02:06:42
3779	922194	E2E-OSF-20260721061819	922763	B310	球囊盘管（机器）	922285	YXN.069.001.1011	922287	YXN.069.001.1014	1.0	1	2026-07-23 19:42:28	2026-07-24 02:06:42
3780	922194	E2E-OSF-20260721061819	922764	B320	球囊测漏及全检	922285	YXN.069.001.1011	922280	YXN.069.001.1003	1.0	1	2026-07-23 19:42:28	2026-07-24 02:06:42
3781	922194	E2E-OSF-20260721061819	922765	PROC-XLSX-00001	外管拉伸2	922285	YXN.069.001.1011	922287	YXN.069.001.1014	1.0	1	2026-07-23 19:42:28	2026-07-24 02:06:42
3782	922194	E2E-OSF-20260721061819	922766	PROC-XLSX-00002	内管拉伸2	922285	YXN.069.001.1011	922280	YXN.069.001.1003	1.0	1	2026-07-23 19:42:28	2026-07-24 02:06:42
3783	922194	E2E-OSF-20260721061819	922774	PROC-XLSX-00010	棘突丝拉伸2	922285	YXN.069.001.1011	922283	YXN.069.001.1009	1.0	1	2026-07-23 19:42:28	2026-07-24 02:06:42
3784	922194	E2E-OSF-20260721061819	922775	PROC-XLSX-00011	棘突丝切割	922285	YXN.069.001.1011	922282	YXN.069.001.1006	1.0	1	2026-07-23 19:42:28	2026-07-24 02:06:42
3785	922194	E2E-OSF-20260721061819	922776	PROC-XLSX-00012	棘突远端焊接	922285	YXN.069.001.1011	922281	YXN.069.001.1013	1.0	1	2026-07-23 19:42:28	2026-07-24 02:06:42
3786	922194	E2E-OSF-20260721061819	922777	PROC-XLSX-00013	棘突远端塑型	922285	YXN.069.001.1011	922287	YXN.069.001.1014	1.0	1	2026-07-23 19:42:28	2026-07-24 02:06:42
3787	922194	E2E-OSF-20260721061819	922778	PROC-XLSX-00014	棘突近端焊接	922285	YXN.069.001.1011	922283	YXN.069.001.1009	1.0	1	2026-07-23 19:42:28	2026-07-24 02:06:42
3788	922194	E2E-OSF-20260721061819	922779	Z2975	棘突TPU 套管粘接	922285	YXN.069.001.1011	922281	YXN.069.001.1013	1.0	1	2026-07-23 19:42:28	2026-07-24 02:06:42
3789	922194	E2E-OSF-20260721061819	922780	Z2774	棘突远端锥度焊接	922285	YXN.069.001.1011	922280	YXN.069.001.1003	1.0	1	2026-07-23 19:42:28	2026-07-24 02:06:42
3790	922194	E2E-OSF-20260721061819	922781	Z2773	棘突近端粘接	922285	YXN.069.001.1011	922283	YXN.069.001.1009	1.0	1	2026-07-23 19:42:28	2026-07-24 02:06:42
3791	922194	E2E-OSF-20260721061819	922782	Z2776	棘突球囊涂层	922285	YXN.069.001.1011	922282	YXN.069.001.1006	1.0	1	2026-07-23 19:42:28	2026-07-24 02:06:42
3792	922194	E2E-OSF-20260721061819	922744	B010	吹球囊成型	922285	YXN.069.001.1011	922282	YXN.069.001.1006	1.0	1	2026-07-24 02:06:39	2026-07-24 02:07:05
3793	922194	E2E-OSF-20260721061819	922746	B030	球囊裁剪	922285	YXN.069.001.1011	922287	YXN.069.001.1014	1.0	1	2026-07-24 02:06:39	2026-07-24 02:07:05
3794	922194	E2E-OSF-20260721061819	922750	B060	外管与球囊焊接	922285	YXN.069.001.1011	922280	YXN.069.001.1003	1.0	1	2026-07-24 02:06:39	2026-07-24 02:07:05
3795	922194	E2E-OSF-20260721061819	922752	B290	焊接圆角	922285	YXN.069.001.1011	922287	YXN.069.001.1014	1.0	1	2026-07-24 02:06:39	2026-07-24 02:07:05
3796	922194	E2E-OSF-20260721061819	922753	B210	焊接远端锥度	922285	YXN.069.001.1011	922280	YXN.069.001.1003	1.0	1	2026-07-24 02:06:39	2026-07-24 02:07:05
3797	922194	E2E-OSF-20260721061819	922754	B070	外管切缝	922285	YXN.069.001.1011	922287	YXN.069.001.1014	1.0	1	2026-07-24 02:06:39	2026-07-24 02:07:05
3798	922194	E2E-OSF-20260721061819	922755	B080	穿显影环	922285	YXN.069.001.1011	922282	YXN.069.001.1006	1.0	1	2026-07-24 02:06:39	2026-07-24 02:07:05
3799	922194	E2E-OSF-20260721061819	922756	B090	压显影环	922285	YXN.069.001.1011	922281	YXN.069.001.1013	1.0	1	2026-07-24 02:06:39	2026-07-24 02:07:05
3800	922194	E2E-OSF-20260721061819	922758	B220	快速交换口焊接	922285	YXN.069.001.1011	922280	YXN.069.001.1003	1.0	1	2026-07-24 02:06:39	2026-07-24 02:07:05
3801	922194	E2E-OSF-20260721061819	922759	B230	RX口检测	922285	YXN.069.001.1011	922283	YXN.069.001.1009	1.0	1	2026-07-24 02:06:39	2026-07-24 02:07:05
3802	922194	E2E-OSF-20260721061819	922760	B240	点胶海波管	922285	YXN.069.001.1011	922282	YXN.069.001.1006	1.0	1	2026-07-24 02:06:39	2026-07-24 02:07:05
3803	922194	E2E-OSF-20260721061819	922761	B250	球囊压握	922285	YXN.069.001.1011	922282	YXN.069.001.1006	1.0	1	2026-07-24 02:06:39	2026-07-24 02:07:05
3804	922194	E2E-OSF-20260721061819	922762	B280	裁剪圆角	922285	YXN.069.001.1011	922281	YXN.069.001.1013	1.0	1	2026-07-24 02:06:39	2026-07-24 02:07:05
3805	922194	E2E-OSF-20260721061819	922763	B310	球囊盘管（机器）	922285	YXN.069.001.1011	922287	YXN.069.001.1014	1.0	1	2026-07-24 02:06:39	2026-07-24 02:07:05
3806	922194	E2E-OSF-20260721061819	922764	B320	球囊测漏及全检	922285	YXN.069.001.1011	922280	YXN.069.001.1003	1.0	1	2026-07-24 02:06:39	2026-07-24 02:07:05
3807	922194	E2E-OSF-20260721061819	922765	PROC-XLSX-00001	外管拉伸2	922285	YXN.069.001.1011	922287	YXN.069.001.1014	1.0	1	2026-07-24 02:06:39	2026-07-24 02:07:05
3808	922194	E2E-OSF-20260721061819	922766	PROC-XLSX-00002	内管拉伸2	922285	YXN.069.001.1011	922280	YXN.069.001.1003	1.0	1	2026-07-24 02:06:39	2026-07-24 02:07:05
3809	922194	E2E-OSF-20260721061819	922774	PROC-XLSX-00010	棘突丝拉伸2	922285	YXN.069.001.1011	922283	YXN.069.001.1009	1.0	1	2026-07-24 02:06:39	2026-07-24 02:07:05
3810	922194	E2E-OSF-20260721061819	922775	PROC-XLSX-00011	棘突丝切割	922285	YXN.069.001.1011	922282	YXN.069.001.1006	1.0	1	2026-07-24 02:06:39	2026-07-24 02:07:05
3811	922194	E2E-OSF-20260721061819	922776	PROC-XLSX-00012	棘突远端焊接	922285	YXN.069.001.1011	922281	YXN.069.001.1013	1.0	1	2026-07-24 02:06:39	2026-07-24 02:07:05
3812	922194	E2E-OSF-20260721061819	922777	PROC-XLSX-00013	棘突远端塑型	922285	YXN.069.001.1011	922287	YXN.069.001.1014	1.0	1	2026-07-24 02:06:39	2026-07-24 02:07:05
3813	922194	E2E-OSF-20260721061819	922778	PROC-XLSX-00014	棘突近端焊接	922285	YXN.069.001.1011	922283	YXN.069.001.1009	1.0	1	2026-07-24 02:06:40	2026-07-24 02:07:05
3814	922194	E2E-OSF-20260721061819	922779	Z2975	棘突TPU 套管粘接	922285	YXN.069.001.1011	922281	YXN.069.001.1013	1.0	1	2026-07-24 02:06:40	2026-07-24 02:07:05
3815	922194	E2E-OSF-20260721061819	922780	Z2774	棘突远端锥度焊接	922285	YXN.069.001.1011	922280	YXN.069.001.1003	1.0	1	2026-07-24 02:06:40	2026-07-24 02:07:05
3816	922194	E2E-OSF-20260721061819	922781	Z2773	棘突近端粘接	922285	YXN.069.001.1011	922283	YXN.069.001.1009	1.0	1	2026-07-24 02:06:40	2026-07-24 02:07:05
3817	922194	E2E-OSF-20260721061819	922782	Z2776	棘突球囊涂层	922285	YXN.069.001.1011	922282	YXN.069.001.1006	1.0	1	2026-07-24 02:06:40	2026-07-24 02:07:05
3818	922194	E2E-OSF-20260721061819	922744	B010	吹球囊成型	922285	YXN.069.001.1011	922282	YXN.069.001.1006	1.0	1	2026-07-24 02:07:01	2026-07-24 03:10:26
3819	922194	E2E-OSF-20260721061819	922746	B030	球囊裁剪	922285	YXN.069.001.1011	922287	YXN.069.001.1014	1.0	1	2026-07-24 02:07:01	2026-07-24 03:10:26
3820	922194	E2E-OSF-20260721061819	922750	B060	外管与球囊焊接	922285	YXN.069.001.1011	922280	YXN.069.001.1003	1.0	1	2026-07-24 02:07:01	2026-07-24 03:10:26
3821	922194	E2E-OSF-20260721061819	922752	B290	焊接圆角	922285	YXN.069.001.1011	922287	YXN.069.001.1014	1.0	1	2026-07-24 02:07:01	2026-07-24 03:10:26
3822	922194	E2E-OSF-20260721061819	922753	B210	焊接远端锥度	922285	YXN.069.001.1011	922280	YXN.069.001.1003	1.0	1	2026-07-24 02:07:01	2026-07-24 03:10:26
3823	922194	E2E-OSF-20260721061819	922754	B070	外管切缝	922285	YXN.069.001.1011	922287	YXN.069.001.1014	1.0	1	2026-07-24 02:07:01	2026-07-24 03:10:26
3824	922194	E2E-OSF-20260721061819	922755	B080	穿显影环	922285	YXN.069.001.1011	922282	YXN.069.001.1006	1.0	1	2026-07-24 02:07:01	2026-07-24 03:10:26
3825	922194	E2E-OSF-20260721061819	922756	B090	压显影环	922285	YXN.069.001.1011	922281	YXN.069.001.1013	1.0	1	2026-07-24 02:07:01	2026-07-24 03:10:26
3826	922194	E2E-OSF-20260721061819	922758	B220	快速交换口焊接	922285	YXN.069.001.1011	922280	YXN.069.001.1003	1.0	1	2026-07-24 02:07:01	2026-07-24 03:10:26
3827	922194	E2E-OSF-20260721061819	922759	B230	RX口检测	922285	YXN.069.001.1011	922283	YXN.069.001.1009	1.0	1	2026-07-24 02:07:01	2026-07-24 03:10:26
3828	922194	E2E-OSF-20260721061819	922760	B240	点胶海波管	922285	YXN.069.001.1011	922282	YXN.069.001.1006	1.0	1	2026-07-24 02:07:01	2026-07-24 03:10:26
3829	922194	E2E-OSF-20260721061819	922761	B250	球囊压握	922285	YXN.069.001.1011	922282	YXN.069.001.1006	1.0	1	2026-07-24 02:07:01	2026-07-24 03:10:26
3830	922194	E2E-OSF-20260721061819	922762	B280	裁剪圆角	922285	YXN.069.001.1011	922281	YXN.069.001.1013	1.0	1	2026-07-24 02:07:01	2026-07-24 03:10:26
3831	922194	E2E-OSF-20260721061819	922763	B310	球囊盘管（机器）	922285	YXN.069.001.1011	922287	YXN.069.001.1014	1.0	1	2026-07-24 02:07:01	2026-07-24 03:10:26
3832	922194	E2E-OSF-20260721061819	922764	B320	球囊测漏及全检	922285	YXN.069.001.1011	922280	YXN.069.001.1003	1.0	1	2026-07-24 02:07:01	2026-07-24 03:10:26
3833	922194	E2E-OSF-20260721061819	922765	PROC-XLSX-00001	外管拉伸2	922285	YXN.069.001.1011	922287	YXN.069.001.1014	1.0	1	2026-07-24 02:07:01	2026-07-24 03:10:26
3834	922194	E2E-OSF-20260721061819	922766	PROC-XLSX-00002	内管拉伸2	922285	YXN.069.001.1011	922280	YXN.069.001.1003	1.0	1	2026-07-24 02:07:01	2026-07-24 03:10:26
3835	922194	E2E-OSF-20260721061819	922774	PROC-XLSX-00010	棘突丝拉伸2	922285	YXN.069.001.1011	922283	YXN.069.001.1009	1.0	1	2026-07-24 02:07:01	2026-07-24 03:10:26
3836	922194	E2E-OSF-20260721061819	922775	PROC-XLSX-00011	棘突丝切割	922285	YXN.069.001.1011	922282	YXN.069.001.1006	1.0	1	2026-07-24 02:07:01	2026-07-24 03:10:26
3837	922194	E2E-OSF-20260721061819	922776	PROC-XLSX-00012	棘突远端焊接	922285	YXN.069.001.1011	922281	YXN.069.001.1013	1.0	1	2026-07-24 02:07:01	2026-07-24 03:10:26
3838	922194	E2E-OSF-20260721061819	922777	PROC-XLSX-00013	棘突远端塑型	922285	YXN.069.001.1011	922287	YXN.069.001.1014	1.0	1	2026-07-24 02:07:01	2026-07-24 03:10:26
3839	922194	E2E-OSF-20260721061819	922778	PROC-XLSX-00014	棘突近端焊接	922285	YXN.069.001.1011	922283	YXN.069.001.1009	1.0	1	2026-07-24 02:07:01	2026-07-24 03:10:26
3840	922194	E2E-OSF-20260721061819	922779	Z2975	棘突TPU 套管粘接	922285	YXN.069.001.1011	922281	YXN.069.001.1013	1.0	1	2026-07-24 02:07:01	2026-07-24 03:10:26
3841	922194	E2E-OSF-20260721061819	922780	Z2774	棘突远端锥度焊接	922285	YXN.069.001.1011	922280	YXN.069.001.1003	1.0	1	2026-07-24 02:07:01	2026-07-24 03:10:26
3842	922194	E2E-OSF-20260721061819	922781	Z2773	棘突近端粘接	922285	YXN.069.001.1011	922283	YXN.069.001.1009	1.0	1	2026-07-24 02:07:01	2026-07-24 03:10:26
3843	922194	E2E-OSF-20260721061819	922782	Z2776	棘突球囊涂层	922285	YXN.069.001.1011	922282	YXN.069.001.1006	1.0	1	2026-07-24 02:07:01	2026-07-24 03:10:26
3844	922194	E2E-OSF-20260721061819	922744	B010	吹球囊成型	922285	YXN.069.001.1011	922282	YXN.069.001.1006	1.0	1	2026-07-24 03:10:23	2026-07-24 03:10:59
3845	922194	E2E-OSF-20260721061819	922746	B030	球囊裁剪	922285	YXN.069.001.1011	922287	YXN.069.001.1014	1.0	1	2026-07-24 03:10:23	2026-07-24 03:10:59
3846	922194	E2E-OSF-20260721061819	922750	B060	外管与球囊焊接	922285	YXN.069.001.1011	922280	YXN.069.001.1003	1.0	1	2026-07-24 03:10:23	2026-07-24 03:10:59
3847	922194	E2E-OSF-20260721061819	922752	B290	焊接圆角	922285	YXN.069.001.1011	922287	YXN.069.001.1014	1.0	1	2026-07-24 03:10:23	2026-07-24 03:10:59
3848	922194	E2E-OSF-20260721061819	922753	B210	焊接远端锥度	922285	YXN.069.001.1011	922280	YXN.069.001.1003	1.0	1	2026-07-24 03:10:23	2026-07-24 03:10:59
3849	922194	E2E-OSF-20260721061819	922754	B070	外管切缝	922285	YXN.069.001.1011	922287	YXN.069.001.1014	1.0	1	2026-07-24 03:10:23	2026-07-24 03:10:59
3850	922194	E2E-OSF-20260721061819	922755	B080	穿显影环	922285	YXN.069.001.1011	922282	YXN.069.001.1006	1.0	1	2026-07-24 03:10:23	2026-07-24 03:10:59
3851	922194	E2E-OSF-20260721061819	922756	B090	压显影环	922285	YXN.069.001.1011	922281	YXN.069.001.1013	1.0	1	2026-07-24 03:10:23	2026-07-24 03:10:59
3852	922194	E2E-OSF-20260721061819	922758	B220	快速交换口焊接	922285	YXN.069.001.1011	922280	YXN.069.001.1003	1.0	1	2026-07-24 03:10:23	2026-07-24 03:10:59
3853	922194	E2E-OSF-20260721061819	922759	B230	RX口检测	922285	YXN.069.001.1011	922283	YXN.069.001.1009	1.0	1	2026-07-24 03:10:23	2026-07-24 03:10:59
3854	922194	E2E-OSF-20260721061819	922760	B240	点胶海波管	922285	YXN.069.001.1011	922282	YXN.069.001.1006	1.0	1	2026-07-24 03:10:23	2026-07-24 03:10:59
3855	922194	E2E-OSF-20260721061819	922761	B250	球囊压握	922285	YXN.069.001.1011	922282	YXN.069.001.1006	1.0	1	2026-07-24 03:10:23	2026-07-24 03:10:59
3856	922194	E2E-OSF-20260721061819	922762	B280	裁剪圆角	922285	YXN.069.001.1011	922281	YXN.069.001.1013	1.0	1	2026-07-24 03:10:23	2026-07-24 03:10:59
3857	922194	E2E-OSF-20260721061819	922763	B310	球囊盘管（机器）	922285	YXN.069.001.1011	922287	YXN.069.001.1014	1.0	1	2026-07-24 03:10:23	2026-07-24 03:10:59
3858	922194	E2E-OSF-20260721061819	922764	B320	球囊测漏及全检	922285	YXN.069.001.1011	922280	YXN.069.001.1003	1.0	1	2026-07-24 03:10:23	2026-07-24 03:10:59
3859	922194	E2E-OSF-20260721061819	922765	PROC-XLSX-00001	外管拉伸2	922285	YXN.069.001.1011	922287	YXN.069.001.1014	1.0	1	2026-07-24 03:10:23	2026-07-24 03:10:59
3860	922194	E2E-OSF-20260721061819	922766	PROC-XLSX-00002	内管拉伸2	922285	YXN.069.001.1011	922280	YXN.069.001.1003	1.0	1	2026-07-24 03:10:23	2026-07-24 03:10:59
3861	922194	E2E-OSF-20260721061819	922774	PROC-XLSX-00010	棘突丝拉伸2	922285	YXN.069.001.1011	922283	YXN.069.001.1009	1.0	1	2026-07-24 03:10:23	2026-07-24 03:10:59
3862	922194	E2E-OSF-20260721061819	922775	PROC-XLSX-00011	棘突丝切割	922285	YXN.069.001.1011	922282	YXN.069.001.1006	1.0	1	2026-07-24 03:10:23	2026-07-24 03:10:59
3863	922194	E2E-OSF-20260721061819	922776	PROC-XLSX-00012	棘突远端焊接	922285	YXN.069.001.1011	922281	YXN.069.001.1013	1.0	1	2026-07-24 03:10:23	2026-07-24 03:10:59
3864	922194	E2E-OSF-20260721061819	922777	PROC-XLSX-00013	棘突远端塑型	922285	YXN.069.001.1011	922287	YXN.069.001.1014	1.0	1	2026-07-24 03:10:23	2026-07-24 03:10:59
3865	922194	E2E-OSF-20260721061819	922778	PROC-XLSX-00014	棘突近端焊接	922285	YXN.069.001.1011	922283	YXN.069.001.1009	1.0	1	2026-07-24 03:10:23	2026-07-24 03:10:59
3866	922194	E2E-OSF-20260721061819	922779	Z2975	棘突TPU 套管粘接	922285	YXN.069.001.1011	922281	YXN.069.001.1013	1.0	1	2026-07-24 03:10:23	2026-07-24 03:10:59
3867	922194	E2E-OSF-20260721061819	922780	Z2774	棘突远端锥度焊接	922285	YXN.069.001.1011	922280	YXN.069.001.1003	1.0	1	2026-07-24 03:10:23	2026-07-24 03:10:59
3868	922194	E2E-OSF-20260721061819	922781	Z2773	棘突近端粘接	922285	YXN.069.001.1011	922283	YXN.069.001.1009	1.0	1	2026-07-24 03:10:23	2026-07-24 03:10:59
3869	922194	E2E-OSF-20260721061819	922782	Z2776	棘突球囊涂层	922285	YXN.069.001.1011	922282	YXN.069.001.1006	1.0	1	2026-07-24 03:10:23	2026-07-24 03:10:59
3870	922194	E2E-OSF-20260721061819	922744	B010	吹球囊成型	922285	YXN.069.001.1011	922282	YXN.069.001.1006	1.0	1	2026-07-24 03:10:56	2026-07-24 03:27:14
3871	922194	E2E-OSF-20260721061819	922746	B030	球囊裁剪	922285	YXN.069.001.1011	922287	YXN.069.001.1014	1.0	1	2026-07-24 03:10:56	2026-07-24 03:27:14
3872	922194	E2E-OSF-20260721061819	922750	B060	外管与球囊焊接	922285	YXN.069.001.1011	922280	YXN.069.001.1003	1.0	1	2026-07-24 03:10:56	2026-07-24 03:27:14
3873	922194	E2E-OSF-20260721061819	922752	B290	焊接圆角	922285	YXN.069.001.1011	922287	YXN.069.001.1014	1.0	1	2026-07-24 03:10:56	2026-07-24 03:27:14
3874	922194	E2E-OSF-20260721061819	922753	B210	焊接远端锥度	922285	YXN.069.001.1011	922280	YXN.069.001.1003	1.0	1	2026-07-24 03:10:56	2026-07-24 03:27:14
3875	922194	E2E-OSF-20260721061819	922754	B070	外管切缝	922285	YXN.069.001.1011	922287	YXN.069.001.1014	1.0	1	2026-07-24 03:10:56	2026-07-24 03:27:14
3876	922194	E2E-OSF-20260721061819	922755	B080	穿显影环	922285	YXN.069.001.1011	922282	YXN.069.001.1006	1.0	1	2026-07-24 03:10:56	2026-07-24 03:27:14
3877	922194	E2E-OSF-20260721061819	922756	B090	压显影环	922285	YXN.069.001.1011	922281	YXN.069.001.1013	1.0	1	2026-07-24 03:10:56	2026-07-24 03:27:14
3878	922194	E2E-OSF-20260721061819	922758	B220	快速交换口焊接	922285	YXN.069.001.1011	922280	YXN.069.001.1003	1.0	1	2026-07-24 03:10:56	2026-07-24 03:27:14
3879	922194	E2E-OSF-20260721061819	922759	B230	RX口检测	922285	YXN.069.001.1011	922283	YXN.069.001.1009	1.0	1	2026-07-24 03:10:56	2026-07-24 03:27:14
3880	922194	E2E-OSF-20260721061819	922760	B240	点胶海波管	922285	YXN.069.001.1011	922282	YXN.069.001.1006	1.0	1	2026-07-24 03:10:56	2026-07-24 03:27:14
3881	922194	E2E-OSF-20260721061819	922761	B250	球囊压握	922285	YXN.069.001.1011	922282	YXN.069.001.1006	1.0	1	2026-07-24 03:10:56	2026-07-24 03:27:14
3882	922194	E2E-OSF-20260721061819	922762	B280	裁剪圆角	922285	YXN.069.001.1011	922281	YXN.069.001.1013	1.0	1	2026-07-24 03:10:56	2026-07-24 03:27:14
3883	922194	E2E-OSF-20260721061819	922763	B310	球囊盘管（机器）	922285	YXN.069.001.1011	922287	YXN.069.001.1014	1.0	1	2026-07-24 03:10:56	2026-07-24 03:27:14
3884	922194	E2E-OSF-20260721061819	922764	B320	球囊测漏及全检	922285	YXN.069.001.1011	922280	YXN.069.001.1003	1.0	1	2026-07-24 03:10:56	2026-07-24 03:27:14
3885	922194	E2E-OSF-20260721061819	922765	PROC-XLSX-00001	外管拉伸2	922285	YXN.069.001.1011	922287	YXN.069.001.1014	1.0	1	2026-07-24 03:10:56	2026-07-24 03:27:14
3886	922194	E2E-OSF-20260721061819	922766	PROC-XLSX-00002	内管拉伸2	922285	YXN.069.001.1011	922280	YXN.069.001.1003	1.0	1	2026-07-24 03:10:56	2026-07-24 03:27:14
3887	922194	E2E-OSF-20260721061819	922774	PROC-XLSX-00010	棘突丝拉伸2	922285	YXN.069.001.1011	922283	YXN.069.001.1009	1.0	1	2026-07-24 03:10:56	2026-07-24 03:27:14
3888	922194	E2E-OSF-20260721061819	922775	PROC-XLSX-00011	棘突丝切割	922285	YXN.069.001.1011	922282	YXN.069.001.1006	1.0	1	2026-07-24 03:10:56	2026-07-24 03:27:14
3889	922194	E2E-OSF-20260721061819	922776	PROC-XLSX-00012	棘突远端焊接	922285	YXN.069.001.1011	922281	YXN.069.001.1013	1.0	1	2026-07-24 03:10:56	2026-07-24 03:27:14
3890	922194	E2E-OSF-20260721061819	922777	PROC-XLSX-00013	棘突远端塑型	922285	YXN.069.001.1011	922287	YXN.069.001.1014	1.0	1	2026-07-24 03:10:56	2026-07-24 03:27:14
3891	922194	E2E-OSF-20260721061819	922778	PROC-XLSX-00014	棘突近端焊接	922285	YXN.069.001.1011	922283	YXN.069.001.1009	1.0	1	2026-07-24 03:10:56	2026-07-24 03:27:14
3892	922194	E2E-OSF-20260721061819	922779	Z2975	棘突TPU 套管粘接	922285	YXN.069.001.1011	922281	YXN.069.001.1013	1.0	1	2026-07-24 03:10:56	2026-07-24 03:27:14
3893	922194	E2E-OSF-20260721061819	922780	Z2774	棘突远端锥度焊接	922285	YXN.069.001.1011	922280	YXN.069.001.1003	1.0	1	2026-07-24 03:10:56	2026-07-24 03:27:14
3894	922194	E2E-OSF-20260721061819	922781	Z2773	棘突近端粘接	922285	YXN.069.001.1011	922283	YXN.069.001.1009	1.0	1	2026-07-24 03:10:56	2026-07-24 03:27:14
3895	922194	E2E-OSF-20260721061819	922782	Z2776	棘突球囊涂层	922285	YXN.069.001.1011	922282	YXN.069.001.1006	1.0	1	2026-07-24 03:10:56	2026-07-24 03:27:14
3896	922194	E2E-OSF-20260721061819	922744	B010	吹球囊成型	922285	YXN.069.001.1011	922282	YXN.069.001.1006	1.0	1	2026-07-24 03:27:10	2026-07-24 03:27:37
3897	922194	E2E-OSF-20260721061819	922746	B030	球囊裁剪	922285	YXN.069.001.1011	922287	YXN.069.001.1014	1.0	1	2026-07-24 03:27:10	2026-07-24 03:27:37
3898	922194	E2E-OSF-20260721061819	922750	B060	外管与球囊焊接	922285	YXN.069.001.1011	922280	YXN.069.001.1003	1.0	1	2026-07-24 03:27:10	2026-07-24 03:27:37
3899	922194	E2E-OSF-20260721061819	922752	B290	焊接圆角	922285	YXN.069.001.1011	922287	YXN.069.001.1014	1.0	1	2026-07-24 03:27:10	2026-07-24 03:27:37
3900	922194	E2E-OSF-20260721061819	922753	B210	焊接远端锥度	922285	YXN.069.001.1011	922280	YXN.069.001.1003	1.0	1	2026-07-24 03:27:10	2026-07-24 03:27:37
3901	922194	E2E-OSF-20260721061819	922754	B070	外管切缝	922285	YXN.069.001.1011	922287	YXN.069.001.1014	1.0	1	2026-07-24 03:27:10	2026-07-24 03:27:37
3902	922194	E2E-OSF-20260721061819	922755	B080	穿显影环	922285	YXN.069.001.1011	922282	YXN.069.001.1006	1.0	1	2026-07-24 03:27:10	2026-07-24 03:27:37
3903	922194	E2E-OSF-20260721061819	922756	B090	压显影环	922285	YXN.069.001.1011	922281	YXN.069.001.1013	1.0	1	2026-07-24 03:27:10	2026-07-24 03:27:37
3904	922194	E2E-OSF-20260721061819	922758	B220	快速交换口焊接	922285	YXN.069.001.1011	922280	YXN.069.001.1003	1.0	1	2026-07-24 03:27:10	2026-07-24 03:27:37
3905	922194	E2E-OSF-20260721061819	922759	B230	RX口检测	922285	YXN.069.001.1011	922283	YXN.069.001.1009	1.0	1	2026-07-24 03:27:10	2026-07-24 03:27:37
3906	922194	E2E-OSF-20260721061819	922760	B240	点胶海波管	922285	YXN.069.001.1011	922282	YXN.069.001.1006	1.0	1	2026-07-24 03:27:10	2026-07-24 03:27:37
3907	922194	E2E-OSF-20260721061819	922761	B250	球囊压握	922285	YXN.069.001.1011	922282	YXN.069.001.1006	1.0	1	2026-07-24 03:27:10	2026-07-24 03:27:37
3908	922194	E2E-OSF-20260721061819	922762	B280	裁剪圆角	922285	YXN.069.001.1011	922281	YXN.069.001.1013	1.0	1	2026-07-24 03:27:10	2026-07-24 03:27:37
3909	922194	E2E-OSF-20260721061819	922763	B310	球囊盘管（机器）	922285	YXN.069.001.1011	922287	YXN.069.001.1014	1.0	1	2026-07-24 03:27:10	2026-07-24 03:27:37
3910	922194	E2E-OSF-20260721061819	922764	B320	球囊测漏及全检	922285	YXN.069.001.1011	922280	YXN.069.001.1003	1.0	1	2026-07-24 03:27:10	2026-07-24 03:27:37
3911	922194	E2E-OSF-20260721061819	922765	PROC-XLSX-00001	外管拉伸2	922285	YXN.069.001.1011	922287	YXN.069.001.1014	1.0	1	2026-07-24 03:27:10	2026-07-24 03:27:37
3912	922194	E2E-OSF-20260721061819	922766	PROC-XLSX-00002	内管拉伸2	922285	YXN.069.001.1011	922280	YXN.069.001.1003	1.0	1	2026-07-24 03:27:10	2026-07-24 03:27:37
3913	922194	E2E-OSF-20260721061819	922774	PROC-XLSX-00010	棘突丝拉伸2	922285	YXN.069.001.1011	922283	YXN.069.001.1009	1.0	1	2026-07-24 03:27:10	2026-07-24 03:27:37
3914	922194	E2E-OSF-20260721061819	922775	PROC-XLSX-00011	棘突丝切割	922285	YXN.069.001.1011	922282	YXN.069.001.1006	1.0	1	2026-07-24 03:27:10	2026-07-24 03:27:37
3915	922194	E2E-OSF-20260721061819	922776	PROC-XLSX-00012	棘突远端焊接	922285	YXN.069.001.1011	922281	YXN.069.001.1013	1.0	1	2026-07-24 03:27:10	2026-07-24 03:27:37
3916	922194	E2E-OSF-20260721061819	922777	PROC-XLSX-00013	棘突远端塑型	922285	YXN.069.001.1011	922287	YXN.069.001.1014	1.0	1	2026-07-24 03:27:10	2026-07-24 03:27:37
3917	922194	E2E-OSF-20260721061819	922778	PROC-XLSX-00014	棘突近端焊接	922285	YXN.069.001.1011	922283	YXN.069.001.1009	1.0	1	2026-07-24 03:27:10	2026-07-24 03:27:37
3918	922194	E2E-OSF-20260721061819	922779	Z2975	棘突TPU 套管粘接	922285	YXN.069.001.1011	922281	YXN.069.001.1013	1.0	1	2026-07-24 03:27:10	2026-07-24 03:27:37
3919	922194	E2E-OSF-20260721061819	922780	Z2774	棘突远端锥度焊接	922285	YXN.069.001.1011	922280	YXN.069.001.1003	1.0	1	2026-07-24 03:27:10	2026-07-24 03:27:37
3920	922194	E2E-OSF-20260721061819	922781	Z2773	棘突近端粘接	922285	YXN.069.001.1011	922283	YXN.069.001.1009	1.0	1	2026-07-24 03:27:10	2026-07-24 03:27:37
3921	922194	E2E-OSF-20260721061819	922782	Z2776	棘突球囊涂层	922285	YXN.069.001.1011	922282	YXN.069.001.1006	1.0	1	2026-07-24 03:27:10	2026-07-24 03:27:37
3922	922194	E2E-OSF-20260721061819	922744	B010	吹球囊成型	922285	YXN.069.001.1011	922282	YXN.069.001.1006	1.0	0	2026-07-24 03:27:35	2026-07-24 03:27:35
3923	922194	E2E-OSF-20260721061819	922746	B030	球囊裁剪	922285	YXN.069.001.1011	922287	YXN.069.001.1014	1.0	0	2026-07-24 03:27:35	2026-07-24 03:27:35
3924	922194	E2E-OSF-20260721061819	922750	B060	外管与球囊焊接	922285	YXN.069.001.1011	922280	YXN.069.001.1003	1.0	0	2026-07-24 03:27:35	2026-07-24 03:27:35
3925	922194	E2E-OSF-20260721061819	922752	B290	焊接圆角	922285	YXN.069.001.1011	922287	YXN.069.001.1014	1.0	0	2026-07-24 03:27:35	2026-07-24 03:27:35
3926	922194	E2E-OSF-20260721061819	922753	B210	焊接远端锥度	922285	YXN.069.001.1011	922280	YXN.069.001.1003	1.0	0	2026-07-24 03:27:35	2026-07-24 03:27:35
3927	922194	E2E-OSF-20260721061819	922754	B070	外管切缝	922285	YXN.069.001.1011	922287	YXN.069.001.1014	1.0	0	2026-07-24 03:27:35	2026-07-24 03:27:35
3928	922194	E2E-OSF-20260721061819	922755	B080	穿显影环	922285	YXN.069.001.1011	922282	YXN.069.001.1006	1.0	0	2026-07-24 03:27:35	2026-07-24 03:27:35
3929	922194	E2E-OSF-20260721061819	922756	B090	压显影环	922285	YXN.069.001.1011	922281	YXN.069.001.1013	1.0	0	2026-07-24 03:27:35	2026-07-24 03:27:35
3930	922194	E2E-OSF-20260721061819	922758	B220	快速交换口焊接	922285	YXN.069.001.1011	922280	YXN.069.001.1003	1.0	0	2026-07-24 03:27:35	2026-07-24 03:27:35
3931	922194	E2E-OSF-20260721061819	922759	B230	RX口检测	922285	YXN.069.001.1011	922283	YXN.069.001.1009	1.0	0	2026-07-24 03:27:35	2026-07-24 03:27:35
3932	922194	E2E-OSF-20260721061819	922760	B240	点胶海波管	922285	YXN.069.001.1011	922282	YXN.069.001.1006	1.0	0	2026-07-24 03:27:35	2026-07-24 03:27:35
3933	922194	E2E-OSF-20260721061819	922761	B250	球囊压握	922285	YXN.069.001.1011	922282	YXN.069.001.1006	1.0	0	2026-07-24 03:27:35	2026-07-24 03:27:35
3934	922194	E2E-OSF-20260721061819	922762	B280	裁剪圆角	922285	YXN.069.001.1011	922281	YXN.069.001.1013	1.0	0	2026-07-24 03:27:35	2026-07-24 03:27:35
3935	922194	E2E-OSF-20260721061819	922763	B310	球囊盘管（机器）	922285	YXN.069.001.1011	922287	YXN.069.001.1014	1.0	0	2026-07-24 03:27:35	2026-07-24 03:27:35
3936	922194	E2E-OSF-20260721061819	922764	B320	球囊测漏及全检	922285	YXN.069.001.1011	922280	YXN.069.001.1003	1.0	0	2026-07-24 03:27:35	2026-07-24 03:27:35
3937	922194	E2E-OSF-20260721061819	922765	PROC-XLSX-00001	外管拉伸2	922285	YXN.069.001.1011	922287	YXN.069.001.1014	1.0	0	2026-07-24 03:27:35	2026-07-24 03:27:35
3938	922194	E2E-OSF-20260721061819	922766	PROC-XLSX-00002	内管拉伸2	922285	YXN.069.001.1011	922280	YXN.069.001.1003	1.0	0	2026-07-24 03:27:35	2026-07-24 03:27:35
3939	922194	E2E-OSF-20260721061819	922774	PROC-XLSX-00010	棘突丝拉伸2	922285	YXN.069.001.1011	922283	YXN.069.001.1009	1.0	0	2026-07-24 03:27:35	2026-07-24 03:27:35
3940	922194	E2E-OSF-20260721061819	922775	PROC-XLSX-00011	棘突丝切割	922285	YXN.069.001.1011	922282	YXN.069.001.1006	1.0	0	2026-07-24 03:27:35	2026-07-24 03:27:35
3941	922194	E2E-OSF-20260721061819	922776	PROC-XLSX-00012	棘突远端焊接	922285	YXN.069.001.1011	922281	YXN.069.001.1013	1.0	0	2026-07-24 03:27:36	2026-07-24 03:27:36
3942	922194	E2E-OSF-20260721061819	922777	PROC-XLSX-00013	棘突远端塑型	922285	YXN.069.001.1011	922287	YXN.069.001.1014	1.0	0	2026-07-24 03:27:36	2026-07-24 03:27:36
3943	922194	E2E-OSF-20260721061819	922778	PROC-XLSX-00014	棘突近端焊接	922285	YXN.069.001.1011	922283	YXN.069.001.1009	1.0	0	2026-07-24 03:27:36	2026-07-24 03:27:36
3944	922194	E2E-OSF-20260721061819	922779	Z2975	棘突TPU 套管粘接	922285	YXN.069.001.1011	922281	YXN.069.001.1013	1.0	0	2026-07-24 03:27:36	2026-07-24 03:27:36
3945	922194	E2E-OSF-20260721061819	922780	Z2774	棘突远端锥度焊接	922285	YXN.069.001.1011	922280	YXN.069.001.1003	1.0	0	2026-07-24 03:27:36	2026-07-24 03:27:36
3946	922194	E2E-OSF-20260721061819	922781	Z2773	棘突近端粘接	922285	YXN.069.001.1011	922283	YXN.069.001.1009	1.0	0	2026-07-24 03:27:36	2026-07-24 03:27:36
3947	922194	E2E-OSF-20260721061819	922782	Z2776	棘突球囊涂层	922285	YXN.069.001.1011	922282	YXN.069.001.1006	1.0	0	2026-07-24 03:27:36	2026-07-24 03:27:36
